title,id,category,pub_time,href
网曝中国留学生在韩国“因冬奥被殴打” 驻釜山总领馆：已联系当事人,20220210V08WPV,,2022-02-10 19:07:58,https://new.qq.com/omn/20220210/20220210V08WPV00.html
国家广电总局：推广使用标准化、制度化、制式统一的片酬等劳务合同,20220210A095S3,娱乐,2022-02-10 19:07:58,https://new.qq.com/omn/20220210/20220210A095S300.html
百度百科“国足”词条被改成专指“女足” 球迷：干得漂亮,20220210A04YGF,科技,2022-02-10 19:13:26,https://new.qq.com/omn/20220210/20220210A04YGF00.html
今天，“理想的羽生结弦”诞生,20220210004737,体育,2022-02-10 18:05:59,https://new.qq.com/omn/SPO20220/SPO2022021000473700.html
深圳医保局通报阿斯利康涉骗保事件：抓获涉案人员17名,20220210A099FC,社会,2022-02-10 19:07:58,https://new.qq.com/omn/20220210/20220210A099FC00.html
辽宁省葫芦岛市召开疫情防控新闻发布会,20220210008277,体育,2022-02-10 19:07:58,https://new.qq.com/omn/DSG20220/DSG2022021000827700.html
福建漳州城管与小贩拉扯玩具散落一地 围观市民小跑上前边笑边抢,20220210V095I1,,2022-02-10 19:07:58,https://new.qq.com/omn/20220210/20220210V095I100.html
欢瑞世纪欠税近千万，艺人接连出走，曾因四年财务造假遭证监会处罚,20220210A07P7S,财经,2022-02-10 19:07:58,https://new.qq.com/omn/20220210/20220210A07P7S00.html
中国海关宣布停止对立陶宛进口的牛肉进行申报，赵立坚回应,20220210A066FY,时政,2022-02-10 19:07:58,https://new.qq.com/omn/20220210/20220210A066FY00.html
国际滑联主席：坚持不接受韩方申诉既有立场，维持原判,20220209A0A0HV,体育,2022-02-10 19:07:58,https://new.qq.com/omn/20220209/20220209A0A0HV00.html
男子家暴被诉离婚，跪地获原谅后捅妻子20多刀，辩称正当防卫遭驳,20220210A05IUC,社会,2022-02-10 19:07:58,https://new.qq.com/omn/20220210/20220210A05IUC00.html
多款新冠口服药上市，最新一款或最早于春季上市,20220210A055X6,健康,2022-02-10 19:07:58,https://new.qq.com/omn/20220210/20220210A055X600.html
商务部：希望美方尽快取消对华加征关税和制裁打压措施,20220210007214,时政,2022-02-10 19:07:58,https://new.qq.com/omn/NEW20220/NEW2022021000721400.html
立陶宛总统“寻求美国在立永久驻军”，这次是公开提,20220209A0CDQZ,军事,2022-02-10 19:07:58,https://new.qq.com/omn/20220209/20220209A0CDQZ00.html
韩星金钟国、池石镇接连确诊新冠！没打疫苗的宋智孝要遭殃,20220210A071T6,娱乐,2022-02-10 19:07:58,https://new.qq.com/omn/20220210/20220210A071T600.html
全国湿冷攻击预警地图出炉 南方10余省区市将遭遇湿冷“暴击”,20220209A082AM,天气,2022-02-10 19:07:58,https://new.qq.com/omn/20220209/20220209A082AM00.html
最高人民检察院依法对原银监会副主席蔡鄂生决定逮捕,20220210A02H18,时政,2022-02-10 19:07:58,https://new.qq.com/omn/20220210/20220210A02H1800.html
详细图解来了！新时代军队勋章奖章纪念章式样,20220210A0240K,军事,2022-02-10 19:07:58,https://new.qq.com/omn/20220210/20220210A0240K00.html
病人被殴打致死、医院护工奸淫妇女？湖南永州国辉精神病院回应网帖质疑,20220210A04NBK,社会,2022-02-10 19:07:58,https://new.qq.com/omn/20220210/20220210A04NBK00.html
浙江一富豪自曝违反疫情防控要求入寺烧香 景区：已增加30名安保,20220210A03FQ1,旅游,2022-02-10 19:07:58,https://new.qq.com/omn/20220210/20220210A03FQ100.html
男子被拐30多年找到亲生父母，《亲爱的》原型杜小华赶到山东现场祝贺,20220210V03BIH,,2022-02-10 19:07:58,https://new.qq.com/omn/20220210/20220210V03BIH00.html
韩媒：文在寅称可无条件与朝方举行首脑会谈,20220210A03G98,时政,2022-02-10 19:07:58,https://new.qq.com/omn/20220210/20220210A03G9800.html
警方破获“心灵茶吧”案：超4000人被精神控制，6人病亡，10人遭奸淫,20220209A0A4XC,社会,2022-02-10 19:07:58,https://new.qq.com/omn/20220209/20220209A0A4XC00.html
TikTok发起冲锋，但为何倒下的只有Meta？,20220210A03HL1,科技,2022-02-10 19:07:58,https://new.qq.com/omn/20220210/20220210A03HL100.html
工信部：工业和信息化领域数据处理者应当对各类数据实行分级防护,20220210A03JOJ,科技,2022-02-10 19:07:58,https://new.qq.com/omn/20220210/20220210A03JOJ00.html
焦虑的芯片之争：欧盟重金加码，美国投520亿美元被指只够首付,20220209A0BQXD,科技,2022-02-10 19:07:58,https://new.qq.com/omn/20220209/20220209A0BQXD00.html
特斯拉CEO马斯克等被增选为美国国家工程院院士,20220210A02X4G,汽车,2022-02-10 19:07:58,https://new.qq.com/omn/20220210/20220210A02X4G00.html
王健林旗下快钱支付遭罚超千万，此前已多次因违规被罚,20220209A0CJ76,科技,2022-02-10 19:07:58,https://new.qq.com/omn/20220209/20220209A0CJ7600.html
北京一地铁站猴出没！派出所工作人员：它四处乱跑，抓了好多次都没抓到,20220210A037IN,社会,2022-02-10 19:07:58,https://new.qq.com/omn/20220210/20220210A037IN00.html
年轻人蹦迪流行喝茅台？夜店：可提供茅台做调酒，售价大概6000元/瓶,20220210A01JP6,生活方式,2022-02-10 19:07:58,https://new.qq.com/omn/20220210/20220210A01JP600.html
复旦大学团队研发出新冠检测设备 5分钟出核酸检测结果,20220210A01H6C,科学,2022-02-10 19:07:58,https://new.qq.com/omn/20220210/20220210A01H6C00.html
新冠第三年，对感染者的网暴为什么仍在持续？,20220210A01LVQ,社会,2022-02-10 19:07:58,https://new.qq.com/omn/20220210/20220210A01LVQ00.html
喜茶“危机”背后，站着一群嗜血的资本野兽,20220210A01AT3,科技,2022-02-10 19:07:58,https://new.qq.com/omn/20220210/20220210A01AT300.html
HPV疫苗免费接种再添一地：海南将为全省13岁至14岁半的女生接种,20220210A01BP8,健康,2022-02-10 19:07:58,https://new.qq.com/omn/20220210/20220210A01BP800.html
俄外交部称俄方不会参加慕尼黑安全会议，为近20年来首次,20220210A01B20,时政,2022-02-10 19:07:58,https://new.qq.com/omn/20220210/20220210A01B2000.html
孩子脚踩地铁座位家长却不制止，女乘客喊话“你不教育我来教育”,20220209V08SDL,,2022-02-10 19:07:58,https://new.qq.com/omn/20220209/20220209V08SDL00.html
又有房企遭“清仓减持”！知名机构巨亏超12亿，要彻底退出了,20220210A005D4,财经,2022-02-10 19:07:58,https://new.qq.com/omn/20220210/20220210A005D400.html
安理会报告：“东伊运”派遣恐怖分子到中亚国家和中国境内实施恐袭,20220210A00QBT,时政,2022-02-10 19:07:58,https://new.qq.com/omn/20220210/20220210A00QBT00.html
猪肉价格再次下跌，券商：预计今年6-8月见底，价格在11-12元,20220209A09Z1J,农林牧副渔,2022-02-10 19:07:58,https://new.qq.com/omn/20220209/20220209A09Z1J00.html
美媒曝拜登评盟友：约翰逊太吵，马克龙想成戴高乐,20220209A0BPX7,时政,2022-02-10 19:07:58,https://new.qq.com/omn/20220209/20220209A0BPX700.html
“从大陆网购零件”造导弹，岛内网友惊了！,20220209A0BUTZ,时政,2022-02-10 19:07:58,https://new.qq.com/omn/20220209/20220209A0BUTZ00.html
山东日照中心医院因医疗信息泄露被罚5万，曾发生直播妇科手术事件,20220209A0B9VE,社会,2022-02-10 19:07:58,https://new.qq.com/omn/20220209/20220209A0B9VE00.html
河北唐山一养老院护理员殴打老人 养老院：涉事员工被开除,20220209V0AZZG,,2022-02-10 19:07:58,https://new.qq.com/omn/20220209/20220209V0AZZG00.html
中国空间站航天员乘组年内将在轨“换班”,20220209A0AKAJ,科学,2022-02-10 19:07:58,https://new.qq.com/omn/20220209/20220209A0AKAJ00.html
韩方质疑北京冬奥会短道速滑比赛不公，中国驻韩国大使馆阐明立场,20220209A084Q5,体育,2022-02-10 19:07:58,https://new.qq.com/omn/20220209/20220209A084Q500.html
短道速滑女子3000米接力，范可新张雨婷领衔中国女队晋级决赛,20220209008868,体育,2022-02-10 19:07:58,https://new.qq.com/omn/SPO20220/SPO2022020900886800.html
学院风鼻祖ELAND因“将成本75的羽绒服卖1500”被罚,20220208A08P9U,科技,2022-02-10 19:07:58,https://new.qq.com/omn/20220208/20220208A08P9U00.html
野火烧不尽的极端恐怖组织ISIS，正准备卷土重来,20220209A07VA3,时政,2022-02-10 19:07:58,https://new.qq.com/omn/20220209/20220209A07VA300.html
西班牙国王费利佩六世新冠检测结果为阳性,20220209A0BEPV,社会,2022-02-10 19:07:58,https://new.qq.com/omn/20220209/20220209A0BEPV00.html
英伟达弃购ARM！狂妄的千亿华人“芯王”苦等18个月终于梦碎,20220209A0AJ1C,科技,2022-02-10 19:07:58,https://new.qq.com/omn/20220209/20220209A0AJ1C00.html
3月起单笔存取5万以上要登记？央行：不影响居民正常现金存取款,20220209A09Z4C,财经,2022-02-10 19:07:58,https://new.qq.com/omn/20220209/20220209A09Z4C00.html
刘学州养家亲属拟起诉网暴者，舅妈：希望警方破解留有证据的手机,20220209V09L5I,,2022-02-10 19:07:58,https://new.qq.com/omn/20220209/20220209V09L5I00.html
北京明确稳妥落实三孩生育政策：鼓励开设托班招收2至3岁幼儿,20220209A06585,时政,2022-02-10 19:07:58,https://new.qq.com/omn/20220209/20220209A0658500.html
火山爆发后汤加又告急：天灾过后是人祸，援助人员带来新冠病毒,20220209A0ABL7,社会,2022-02-10 19:07:58,https://new.qq.com/omn/20220209/20220209A0ABL700.html
许家印：恒大目前预售监管资金500多亿 不能依靠贱卖资产还债,20220209A06RSW,财经,2022-02-10 19:07:58,https://new.qq.com/omn/20220209/20220209A06RSW00.html
明天，谁还记得中国女足？,20220209A0600M,体育,2022-02-10 19:07:58,https://new.qq.com/omn/20220209/20220209A0600M00.html
个税综合所得年度汇算3月1日启动，看看你需要“退”还是“补”,20220209A09G34,社会,2022-02-10 19:07:58,https://new.qq.com/omn/20220209/20220209A09G3400.html
杭州业主提议众筹20亿建地铁，网友：这是钱的问题吗？,20220209A01JFQ,房产,2022-02-10 19:07:58,https://new.qq.com/omn/20220209/20220209A01JFQ00.html
俄太平洋舰队罕见大规模穿越宗谷海峡，目标日本？,20220209A08G3Y,军事,2022-02-10 19:07:58,https://new.qq.com/omn/20220209/20220209A08G3Y00.html
独家：MINI国产地甄选再进一步 华晨宝马股权变更正在走必要流程,20220209A08597,汽车,2022-02-10 19:07:58,https://new.qq.com/omn/20220209/20220209A0859700.html
刘学州舅妈谈起诉网暴者：一个都不会放过 已有志愿者提供证据,20220209V088DY,,2022-02-10 19:07:58,https://new.qq.com/omn/20220209/20220209V088DY00.html
河北邢台一对姐弟家门口失踪 全村出动寻找后发现溺亡,20220209V06DFP,,2022-02-10 19:07:58,https://new.qq.com/omn/20220209/20220209V06DFP00.html
大山澄清“姜昆春晚抄袭门”：这段相声是他教我的,20220209A06RSP,娱乐,2022-02-10 19:07:58,https://new.qq.com/omn/20220209/20220209A06RSP00.html
北京地铁回应猴子连日出没地铁站：已反馈给责任单位,20220209V06RZW,,2022-02-10 19:07:58,https://new.qq.com/omn/20220209/20220209V06RZW00.html
“寻亲少年”刘学州自杀后亲属拟起诉网暴者 律师团队介入：要求立案,20220209A047R0,社会,2022-02-10 19:07:58,https://new.qq.com/omn/20220209/20220209A047R000.html
美日印澳四边机制外长会将讨论“中国挑战”，赵立坚回应,20220209A06PJQ,时政,2022-02-10 19:07:58,https://new.qq.com/omn/20220209/20220209A06PJQ00.html
大连男子投资失败驾宝马冲撞人群致5死，二审驳回上诉维持死刑判决,20220209006008,法律,2022-02-10 19:07:58,https://new.qq.com/omn/NEW20220/NEW2022020900600800.html
历时9年从面包师练成滑雪冠军！小伙独自备战冬奥，差点代表中国出征,20220208A08K5U,社会,2022-02-10 19:07:58,https://new.qq.com/omn/20220208/20220208A08K5U00.html
美媒：海地总理涉嫌共谋总统遇刺案，检察官提出指控后即遭解雇,20220209A04QDR,时政,2022-02-10 19:07:58,https://new.qq.com/omn/20220209/20220209A04QDR00.html
中国灵活就业者已达2亿人 线上工作受到年轻人追捧,20220209V04ERN,,2022-02-10 19:07:58,https://new.qq.com/omn/20220209/20220209V04ERN00.html
云南元谋县发生一起沼气中毒事件，致6死1伤,20220209A03C2F,社会,2022-02-10 19:07:58,https://new.qq.com/omn/20220209/20220209A03C2F00.html
福建一厅官被指控以刺探、收买方式，非法获取国家秘密,20220209A041PQ,时政,2022-02-10 19:07:58,https://new.qq.com/omn/20220209/20220209A041PQ00.html
河南省委原常委、政法委书记甘荣坤被公诉，贪腐持续20余年,20220209A03TH5,时政,2022-02-10 19:07:58,https://new.qq.com/omn/20220209/20220209A03TH500.html
卧底网络水军群：一次好评一元，评论越真报酬越高,20220209A01PJS,法律,2022-02-10 19:07:58,https://new.qq.com/omn/20220209/20220209A01PJS00.html
一路走好！98岁“张三丰”常枫睡梦中离世，曾获金马影帝,20220209A032KR,娱乐,2022-02-10 19:07:58,https://new.qq.com/omn/20220209/20220209A032KR00.html
新式茶饮怎么了？奈雪股价腰斩，喜茶被曝大裁员，回应来了,20220209A03JGS,科技,2022-02-10 19:07:58,https://new.qq.com/omn/20220209/20220209A03JGS00.html
中国核电技术在英通过审查，英相关负责人：能达到期望的高标准,20220209A01DOJ,时政,2022-02-10 19:07:58,https://new.qq.com/omn/20220209/20220209A01DOJ00.html
“远远望着谷爱凌夺冠”又涨停！谷爱凌代言，中国移动也涨停了,20220209A057SC,财经,2022-02-10 19:07:58,https://new.qq.com/omn/20220209/20220209A057SC00.html
云南一动物园内游客追逐孔雀还拔毛，园方：尚未找到当事游客,20220208V03VXA,,2022-02-10 19:07:58,https://new.qq.com/omn/20220208/20220208V03VXA00.html
比尔∙盖茨出新书：我们可以使新冠肺炎成为最后一个全球大流行病,20220209A02MSI,时政,2022-02-10 19:07:58,https://new.qq.com/omn/20220209/20220209A02MSI00.html
教育部：确保教师工资不低于当地公务员,20220209A02KV5,教育,2022-02-10 19:07:58,https://new.qq.com/omn/20220209/20220209A02KV500.html
反洗钱力度升级！个人存取现金超5万元要登记，对普通人有这些影响,20220209A004XS,财经,2022-02-10 19:07:58,https://new.qq.com/omn/20220209/20220209A004XS00.html
互联网人辞职卖保险年薪百万？现实是：自掏腰包，亏钱支撑业绩,20220209A020SH,财经,2022-02-10 19:07:58,https://new.qq.com/omn/20220209/20220209A020SH00.html
“刘某州被网暴致死案”亲属欲提起诉讼：为何网暴者总难被惩罚？,20220208A0BWTV,社会,2022-02-10 19:07:58,https://new.qq.com/omn/20220208/20220208A0BWTV00.html
有人说香港疫情“全面失控”？林郑月娥：坚持“动态清零”不左摇右摆,20220209A011WO,时政,2022-02-10 19:07:58,https://new.qq.com/omn/20220209/20220209A011WO00.html
春节相亲“五女相百男”非特例：有人1天见20男，有人相亲5年未脱单,20220208A0A0BB,情感,2022-02-10 19:07:58,https://new.qq.com/omn/20220208/20220208A0A0BB00.html
头戴王冠70载，伊丽莎白二世的王室光环还能笼罩英国多久,20220208A0C2MH,时政,2022-02-10 19:07:58,https://new.qq.com/omn/20220208/20220208A0C2MH00.html
美副总统哈里斯丈夫因炸弹威胁被紧急疏散，正在一高中参加活动,20220209A01C1R,时政,2022-02-10 19:07:58,https://new.qq.com/omn/20220209/20220209A01C1R00.html
遭美国“拉黑”后，多家上市公司披露实际影响,20220208A0BX2W,财经,2022-02-10 19:07:58,https://new.qq.com/omn/20220208/20220208A0BX2W00.html
上海一民宅电瓶车电池起火3人遇难，其中2人为刚返沪上班的夫妻,20220208A0BFNP,社会,2022-02-10 19:07:58,https://new.qq.com/omn/20220208/20220208A0BFNP00.html
乡村蹦迪老人团：600种孤独，不如一起跳舞,20220207A02NTW,社会,2022-02-10 19:07:58,https://new.qq.com/omn/20220207/20220207A02NTW00.html
接近监管人士：外媒报道中国政府相关资金入市不属实,20220208A0B8UB,时政,2022-02-10 19:07:58,https://new.qq.com/omn/20220208/20220208A0B8UB00.html
第94届奥斯卡提名公布，《犬之力》12项提名领跑《沙丘》10项紧随其后,20220208A0C257,娱乐,2022-02-10 19:07:58,https://new.qq.com/omn/20220208/20220208A0C25700.html
华为分红500亿的台前幕后：12万持股员工，人均分红超过40万元,20220208A0C4K4,财经,2022-02-10 19:07:58,https://new.qq.com/omn/20220208/20220208A0C4K400.html
丈夫眼中的水庆霞：她踢老年足球队都想赢！心思都在女足上我有危机感了,20220208V06OY1,体育,2022-02-10 19:07:58,https://new.qq.com/omn/20220208/20220208V06OY100.html
教育部：今年举办首届中国青少年足球联赛,20220208A09L7E,教育,2022-02-10 19:07:58,https://new.qq.com/omn/20220208/20220208A09L7E00.html
泰国卫生部签署公告将大麻从毒品名单中剔除，部长称大麻有许多益处,20220208A0BSFD,时政,2022-02-10 19:07:58,https://new.qq.com/omn/20220208/20220208A0BSFD00.html
春节期间五人徒步冈仁波齐两人殒命 幸存者：很愧疚，但我不是领队,20220208A0BCFB,社会,2022-02-10 19:07:58,https://new.qq.com/omn/20220208/20220208A0BCFB00.html
郑州洪灾时小鱼误入路灯罩存活半年，“鱼坚强”现已放归湖中,20220208A07UH8,社会,2022-02-10 19:07:58,https://new.qq.com/omn/20220208/20220208A07UH800.html
东北人凭啥包揽冬奥会奖牌：打出溜滑就是“生存技能”,20220208A0ASQ7,体育,2022-02-10 19:07:58,https://new.qq.com/omn/20220208/20220208A0ASQ700.html
