[唐]元稹,《离思》,曾经沧海难为水，除却巫山不是云。展开全文取次花丛懒回顾，半缘修道半缘君。
[唐]元稹,《菊花》,秋丛绕舍似陶家，遍绕篱边日渐斜。展开全文不是花中偏爱菊，此花开尽更无花。
[唐]元稹,《行宫》,寥落古行宫，宫花寂寞红。白头宫女在，闲坐说玄宗。
[唐]元稹,《遣悲怀三首》,谢公最小偏怜女，自嫁黔娄百事乖。顾我无衣搜荩箧，泥他沽酒拔金钗。展开全文野蔬充膳甘长藿，落叶添薪仰古槐。今日俸钱过十万，与君营奠复营斋。昔日戏言身后事，今朝都到眼前来。衣裳已施行看尽，针线犹存未忍开。尚想旧情怜婢仆，也曾因梦送钱财。诚知此恨人人有，贫贱夫妻百事哀。闲坐悲君亦自悲，百年都是几多时。邓攸无子寻知命，潘岳悼亡犹费辞。同穴窅冥何所望，他生缘会更难期。惟将终夜长开眼，报答平生未展眉。
[唐]元稹,《离思五首》,自爱残妆晓镜中，环钗谩篸绿丝丛。须臾日射燕脂颊，一朵红苏旋欲融。展开全文山泉散漫绕阶流，万树桃花映小楼。闲读道书慵未起，水晶帘下看梳头。红罗著压逐时新，吉了花纱嫩麹尘。第一莫嫌材地弱，些些纰缦最宜人。曾经沧海难为水，除却巫山不是云。取次花丛懒回顾，半缘修道半缘君。寻常百种花齐发，偏摘梨花与白人。今日江头两三树，可怜和叶度残春。
[唐]元稹,《闻乐天授江州司马》,残灯无焰影幢幢，此夕闻君谪九江。垂死病中惊坐起，暗风吹雨入寒窗。
[唐]元稹,《连昌宫词》,连昌宫中满宫竹，岁久无人森似束。又有墙头千叶桃，风动落花红蔌蔌。宫边老翁为余泣，小年进食曾因入。展开全文上皇正在望仙楼，太真同凭阑干立。楼上楼前尽珠翠，炫转荧煌照天地。归来如梦复如痴，何暇备言宫里事。初过寒食一百六，店舍无烟宫树绿。夜半月高弦索鸣，贺老琵琶定场屋。力士传呼觅念奴，念奴潜伴诸郎宿。须臾觅得又连催，特敕街中许然烛。春娇满眼睡红绡，掠削云鬟旋装束。飞上九天歌一声，二十五郎吹管逐。逡巡大遍凉州彻，色色龟兹轰录续。李谟擫笛傍宫墙，偷得新翻数般曲。平明大驾发行宫，万人歌舞涂路中。百官队仗避岐薛，杨氏诸姨车斗风。明年十月东都破，御路犹存禄山过。驱令供顿不敢藏，万姓无声泪潜堕。两京定后六七年，却寻家舍行宫前。庄园烧尽有枯井，行宫门闭树宛然。尔后相传六皇帝，不到离宫门久闭。往来年少说长安，玄武楼成花萼废。去年敕使因斫竹，偶值门开暂相逐。荆榛栉比塞池塘，狐兔骄痴缘树木。舞榭欹倾基尚在，文窗窈窕纱犹绿。尘埋粉壁旧花钿，乌啄风筝碎珠玉。上皇偏爱临砌花，依然御榻临阶斜。蛇出燕巢盘斗栱，菌生香案正当衙。寝殿相连端正楼，太真梳洗楼上头。晨光未出帘影黑，至今反挂珊瑚钩。指似傍人因恸哭，却出宫门泪相续。自从此后还闭门，夜夜狐狸上门屋。我闻此语心骨悲，太平谁致乱者谁。翁言野父何分别，耳闻眼见为君说。姚崇宋璟作相公，劝谏上皇言语切。燮理阴阳禾黍丰，调和中外无兵戎。长官清平太守好，拣选皆言由相公。开元之末姚宋死，朝廷渐渐由妃子。禄山宫里养作儿，虢国门前闹如市。弄权宰相不记名，依稀忆得杨与李。庙谟颠倒四海摇，五十年来作疮痏。今皇神圣丞相明，诏书才下吴蜀平。官军又取淮西贼，此贼亦除天下宁。年年耕种宫前道，今年不遣子孙耕。老翁此意深望幸，努力庙谋休用兵。
[唐]元稹,《估客乐》,估客无住著，有利身则行。出门求火伴，入户辞父兄。父兄相教示，求利莫求名。求名有所避，求利无不营。展开全文火伴相勒缚，卖假莫卖诚。交关但交假，本生得失轻。自兹相将去，誓死意不更。亦解市头语，便无邻里情。鍮石打臂钏，糯米吹项璎。归来村中卖，敲作金石声。村中田舍娘，贵贱不敢争。所费百钱本，已得十倍赢。颜色转光净，饮食亦甘馨。子本频蕃息，货贩日兼并。求珠驾沧海，采玉上荆衡。北买党项马，西擒吐蕃鹦。炎洲布火浣，蜀地锦织成。越婢脂肉滑，奚僮眉眼明。通算衣食费，不计远近程。经游天下遍，却到长安城。城中东西市，闻客次第迎。迎客兼说客，多财为势倾。客心本明黠，闻语心已惊。先问十常侍，次求百公卿。侯家与主第，点缀无不精。归来始安坐，富与王者勍。市卒酒肉臭，县胥家舍成。岂唯绝言语，奔走极使令。大儿贩材木，巧识梁栋形。小儿贩盐卤，不入州县征。一身偃市利，突若截海鲸。钩距不敢下，下则牙齿横。生为估客乐，判尔乐一生。尔又生两子，钱刀何岁平。
[唐]元稹,《酬乐天频梦微之》,山水万重书断绝，念君怜我梦相闻。我今因病魂颠倒，唯梦闲人不梦君。
[唐]元稹,《阳城驿》,商有阳城驿，名同阳道州。阳公没已久，感我泪交流。昔公孝父母，行与曾闵俦。既孤善兄弟，兄弟和且柔。展开全文一夕不相见，若怀三岁忧。遂誓不婚娶，没齿同衾裯。妹夫死他县，遗骨无人收。公令季弟往，公与仲弟留。相别竟不得，三人同远游。共负他乡骨，归来藏故丘。栖迟居夏邑，邑人无苟偷。里中竞长短，来问劣与优。官刑一朝耻，公短终身羞。公亦不遗布，人自不盗牛。问公何能尔，忠信先自修。发言当道理，不顾党与雠。声香渐翕习，冠盖若云浮。少者从公学，老者从公游。往来相告报，县尹与公侯。名落公卿口，涌如波荐舟。天子得闻之，书下再三求。书中愿一见，不异旱地虬。何以持为聘，束帛藉琳球。何以持为御，驷马驾安輈。公方伯夷操，事殷不事周。我实唐士庶，食唐之田畴。我闻天子忆，安敢专自由。来为谏大夫，朝夕侍冕旒。希夷惇薄俗，密勿献良筹。神医不言术，人瘼曾暗瘳。月请谏官俸，诸弟相对谋。皆曰亲戚外，酒散目前愁。公云不有尔，安得此嘉猷。施馀尽酤酒，客来相献酬。日旰不谋食，春深仍弊裘。人心良戚戚，我乐独由由。贞元岁云暮，朝有曲如钩。风波势奔蹙，日月光绸缪。齿牙属为猾，禾黍暗生蟊。岂无司言者，肉食吞其喉。岂无司搏者，利柄扼其鞲。鼻复势气塞，不得辩薰莸。公虽未显谏，惴惴如患瘤。飞章八九上，皆若珠暗投。炎炎日将炽，积燎无人抽。公乃帅其属，决谏同报仇。延英殿门外，叩阁仍叩头。且曰事不止，臣谏誓不休。上知不可遏，命以美语酬。降官司成署，俾之为赘疣。奸心不快活，击刺砺戈矛。终为道州去，天道竟悠悠。遂令不言者，反以言为訧。喉舌坐成木，鹰鹯化为鸠。避权如避虎，冠豸如冠猴。平生附我者，诗人称好逑。私来一执手，恐若坠诸沟。送我不出户，决我不回眸。唯有太学生，各具粮与糇。咸言公去矣，我亦去荒陬。公与诸生别，步步驻行驺。有生不可诀，行行过闽瓯。为师得如此，得为贤者不。道州闻公来，鼓舞歌且讴。昔公居夏邑，狎人如狎鸥。况自为刺史，岂复援鼓桴。滋章一时罢，教化天下遒。炎瘴不得老，英华忽已秋。有鸟哭杨震，无儿悲邓攸。唯余门弟子，列树松与楸。今来过此驿，若吊汨罗洲。祠曹讳羊祜，此驿何不侔。我愿避公讳，名为避贤邮。此名有深意，蔽贤天所尤。吾闻玄元教，日月冥九幽。幽阴蔽翳者，永为幽翳囚。
[唐]元稹,《春晓》,半欲天明半未明，醉闻花气睡闻莺。猧儿撼起钟声动，二十年前晓寺情。
[唐]元稹,《得乐天书》,远信入门先有泪，妻惊女哭问何如。寻常不省曾如此，应是江州司马书。
[唐]元稹,《桃花》,桃花浅深处，似匀深浅妆。春风助肠断，吹落白衣裳。
[唐]元稹,《放言五首》,近来逢酒便高歌，醉舞诗狂渐欲魔。五斗解酲犹恨少，十分飞盏未嫌多。眼前仇敌都休问，身外功名一任他。展开全文死是等闲生也得，拟将何事奈吾何。莫将心事厌长沙，云到何方不是家。酒熟餔糟学渔父。饭来开口似神鸦。竹枝待凤千茎直，柳树迎风一向斜。总被天公沾雨露，等头成长尽生涯。霆轰电烻数声频，不奈狂夫不藉身。纵使被雷烧作烬，宁殊埋骨扬为尘。得成蝴蝶寻花树，傥化江鱼掉锦鳞。必若乖龙在诸处，何须惊动自来人。安得心源处处安，何劳终日望林峦。玉英惟向火中冷，莲叶元来水上干。甯戚饭牛图底事，陆通歌凤也无端。孙登不语启期乐，各自当情各自欢。三十年来世上行，也曾狂走趁浮名。两回左降须知命，数度登朝何处荣。乞我杯中松叶满，遮渠肘上柳枝生。他时定葬烧缸地，卖与人家得酒盛。
[唐]元稹,《赠毛仙翁》,仙驾初从蓬海来，相逢又说向天台。一言亲授希微诀，三夕同倾沆瀣杯。此日临风飘羽卫，他年嘉约指盐梅。展开全文花前挥手迢遥去，目断霓旌不可陪。
[唐]元稹,《春游》,酒户年年减，山行渐渐难。欲终心懒慢，转恐兴阑散。镜水波犹冷，稽峰雪尚残。不能辜物色，乍可怯春寒。展开全文远目伤千里，新年思万端。无人知此意，闲凭小栏干。
[唐]元稹,《苦雨》,江瘴气候恶，庭空田地芜。烦昏一日内，阴暗三四殊。巢燕污床席，苍蝇点肌肤。不足生诟怒，但若寡欢娱。展开全文夜来稍清晏，放体阶前呼。未饱风月思，已为蚊蚋图。我受簪组身，我生天地炉。炎蒸安敢倦，虫豸何时无。凌晨坐堂庑，努力泥中趋。官家事不了，尤悔亦可虞。门外竹桥折，马惊不敢逾。回头命僮御，向我色踟蹰。自顾方濩落，安能相诘诛。隐忍心愤恨，翻为声喣愉。逡巡崔嵬日，杲曜东南隅。已复云蔽翳，不使及泥涂。良农尽蒲苇，厚地积潢污。三光不得照，万物何由苏。安得飞廉车，磔裂云将躯。又提精阳剑，蛟螭支节屠。阴沴皆电扫，幽妖亦雷驱。煌煌启阊阖，轧轧掉乾枢。东西生日月，昼夜如转珠。百川朝巨海，六龙蹋亨衢。此意倍寥廓，时来本须臾。今也泥鸿洞，鼋鼍真得途。
[唐]元稹,《除夜》,忆昔岁除夜，见君花烛前。今宵祝文上，重叠叙新年。闲处低声哭，空堂背月眠。伤心小儿女，撩乱火堆边。
[唐]元稹,《夜坐》,雨滞更愁南瘴毒，月明兼喜北风凉。古城楼影横空馆，湿地虫声绕暗廊。萤火乱飞秋已近，星辰早没夜初长。展开全文孩提万里何时见，狼藉家书满卧床。
[唐]元稹,《生春二十首》,何处生春早，春生云色中。笼葱闲著水，晻淡欲随风。度晓分霞态，馀光庇雪融。晚来低漠漠，浑欲泥幽丛。展开全文何处生春早，春生漫雪中。浑无到地片，唯逐入楼风。屋上些些薄，池心旋旋融。自悲销散尽，谁假入兰丛。何处生春早，春生霁色中。远林横返照，高树亚东风。水冻霜威庇，泥新地气融。渐知残雪薄，杪近最怜丛。何处生春早，春生曙火中。星围分暗陌，烟气满晴风。宫树栖鸦乱，城楼带雪融。竞排阊阖侧，珂伞自相丛。何处生春早，春生晓禁中。殿阶龙旆日，漏阁宝筝风。药树香烟重，天颜瑞气融。柳梅浑未觉，青紫已丛丛。何处生春早，春生江路中。雨移临浦市，晴候过湖风。芦笋锥犹短，凌澌玉渐融。数宗船载足，商妇两眉丛。何处生春早，春生野墅中。病翁闲向日，征妇懒成风。斫筤天虽暖，穿区冻未融。鞭牛县门外，争土盖蚕丛。何处生春早，春生冰岸中。尚怜扶腊雪，渐觉受东风。织女云桥断，波神玉貌融。便成呜咽去，流恨与莲丛。何处生春早，春生柳眼中。芽新才绽日，茸短未含风。绿误眉心重，黄惊蜡泪融。碧条殊未合，愁绪已先丛。何处生春早，春生梅援中。蕊排难犯雪，香乞拟来风。陇迥羌声怨，江遥客思融。年年最相恼，缘未有诸丛。何处生春早，春生鸟思中。鹊巢移旧岁，鸢羽旋高风。鸿雁惊沙暖，鸳鸯爱水融。最怜双翡翠，飞入小梅丛。何处生春早，春生池榭中。镂琼冰陷日，文縠水回风。柳爱和身动，梅愁合树融。草芽犹未出，挑得小萱丛。何处生春早，春生稚戏中。乱骑残爆竹，争唾小旋风。骂雨愁妨走，呵冰喜旋融。女儿针线尽，偷学五辛丛。何处生春早，春生人意中。晓妆虽近火，晴戏渐怜风。暗入心情懒，先添酒思融。预知花好恶，偏在最深丛。何处生春早，春生半睡中。见灯如见雾，闻雨似闻风。开眼犹残梦，抬身便恐融。却成双翅蝶，还绕庳花丛。何处生春早，春生晓镜中。手寒匀面粉，鬟动倚帘风。宿雾梅心滴，朝光幕上融。思牵梳洗懒，空拔绿丝丛。何处生春早，春生绮户中。玉栊穿细日，罗幔张轻风。柳软腰支嫩，梅香密气融。独眠傍妒物，偷铲合欢丛。何处生春早，春生老病中。土膏蒸足肿，天暖痒头风。似觉肌肤展，潜知血气融。又添新一岁，衰白转成丛。何处生春早，春生客思中。旅魂惊北雁，乡信是东风。纵有心灰动，无由鬓雪融。未知开眼日，空绕未开丛。何处生春早，春生濛雨中。裛尘微有气，拂面细如风。柳误啼珠密，梅惊粉汗融。满空愁淡淡，应豫忆芳丛。
[唐]元稹,《琵琶歌》,琵琶宫调八十一，旋宫三调弹不出。玄宗偏许贺怀智，段师此艺还相匹。自后流传指拨衰，昆仑善才徒尔为。展开全文澒声少得似雷吼，缠弦不敢弹羊皮。人间奇事会相续，但有卞和无有玉。段师弟子数十人，李家管儿称上足。管儿不作供奉儿，抛在东都双鬓丝。逢人便请送杯盏，著尽工夫人不知。李家兄弟皆爱酒，我是酒徒为密友。著作曾邀连夜宿，中碾春溪华新绿。平明船载管儿行，尽日听弹无限曲。曲名无限知者鲜，霓裳羽衣偏宛转。凉州大遍最豪嘈，六幺散序多笼撚。我闻此曲深赏奇，赏著奇处惊管儿。管儿为我双泪垂，自弹此曲长自悲。泪垂捍拨朱弦湿，冰泉呜咽流莺涩。因兹弹作雨霖铃，风雨萧条鬼神泣。一弹既罢又一弹，珠幢夜静风珊珊。低回慢弄关山思，坐对燕然秋月寒。月寒一声深殿磬，骤弹曲破音繁并。百万金铃旋玉盘，醉客满船皆暂醒。自兹听后六七年，管儿在洛我朝天。游想慈恩杏园里，梦寐仁风花树前。去年御史留东台，公私蹙促颜不开。今春制狱正撩乱，昼夜推囚心似灰。暂辍归时寻著作，著作南园花坼萼。胭脂耀眼桃正红，雪片满溪梅已落。是夕青春值三五，花枝向月云含吐。著作施樽命管儿，管儿久别今方睹。管儿还为弹六幺，六幺依旧声迢迢。猿鸣雪岫来三峡，鹤唳晴空闻九霄。逡巡弹得六幺彻，霜刀破竹无残节。幽关鸦轧胡雁悲，断弦砉騞层冰裂。我为含凄叹奇绝，许作长歌始终说。艺奇思寡尘事多，许来寒暑又经过。如今左降在闲处，始为管儿歌此歌。歌此歌，寄管儿。管儿管儿忧尔衰，尔衰之后继者谁。继之无乃在铁山，铁山已近曹穆间。性灵甚好功犹浅，急处未得臻幽闲。努力铁山勤学取，莫遣后来无所祖。
[唐]元稹,《乐府杂曲·鼓吹曲辞·芳树》,芳树已寥落，孤英万可嘉。可怜团团叶，盖覆深深花。游蜂竞攒刺，斗雀亦纷拏。天生细碎物，不爱好光华。展开全文非无歼殄法，念尔有生涯。春雷一声发，惊燕亦惊蛇。清池养神蔡，已复长虾蟆。雨露贵平施，吾其春草芽。
[唐]元稹,《乐府杂曲·鼓吹曲辞·将进酒》,将进酒，将进酒，酒中有毒鸩主父，言之主父伤主母。母为妾地父妾天，仰天俯地不忍言。佯为僵踣主父前，展开全文主父不知加妾鞭。旁人知妾为主说，主将泪洗鞭头血。推摧主母牵下堂，扶妾遣升堂上床。将进酒，酒中无毒令主寿，愿主回思归主母，遣妾如此事主父。妾为此事人偶知，自惭不密方自悲。主今颠倒安置妾，贪天僭地谁不为。
[唐]元稹,《赛神》,村落事妖神，林木大如村。事来三十载，巫觋传子孙。村中四时祭，杀尽鸡与豚。主人不堪命，积燎曾欲燔。展开全文旋风天地转，急雨江河翻。采薪持斧者，弃斧纵横奔。山深多掩映，仅免鲸鲵吞。主人集邻里，各各持酒樽。庙中再三拜，愿得禾稼存。去年大巫死，小觋又妖言。邑中神明宰，有意效西门。焚除计未决，伺者迭乘轩。庙深荆棘厚，但见狐兔蹲。巫言小神变，可验牛马蕃。邑吏齐进说，幸勿祸乡原。逾年计不定，县听良亦烦。涉夏祭时至，因令修四垣。忧虞神愤恨，玉帛意弥敦。我来神庙下，箫鼓正喧喧。因言遣妖术，灭绝由本根。主人中罢舞，许我重叠论。蜉蝣生湿处，鸱鸮集黄昏。主人邪心起，气焰日夜繁。狐狸得蹊径，潜穴主人园。腥臊袭左右，然后托丘樊。岁深树成就，曲直可轮辕。幽妖尽依倚，万怪之所屯。主人一心好，四面无篱藩。命樵执斤斧，怪木宁遽髡。主人且倾听，再为谕清浑。阿胶在末派，罔象游上源。灵药逡巡尽，黑波朝夕喷。神龙厌流浊，先伐鼍与鼋。鼋鼍在龙穴，妖气常郁温。主人恶淫祀，先去邪与惛。惛邪中人意，蛊祸蚀精魂。德胜妖不作，势强威亦尊。计穷然后赛，后赛复何恩。
[唐]元稹,《赛神》,楚俗不事事，巫风事妖神。事妖结妖社，不问疏与亲。年年十月暮，珠稻欲垂新。家家不敛获，赛妖无富贫。展开全文杀牛贳官酒，椎鼓集顽民。喧阗里闾隘，凶酗日夜频。岁暮雪霜至，稻珠随陇湮。吏来官税迫，求质倍称缗。贫者日消铄，富亦无仓囷。不谓事神苦，自言诚不真。岳阳贤刺史，念此为俗屯。未可一朝去，俾之为等伦。粗许存习俗，不得呼党人。但许一日泽，不得月与旬。吾闻国侨理，三年名乃振。巫风燎原久，未必怜徙薪。我来歌此事，非独歌政仁。此事四邻有，亦欲闻四邻。
[唐]元稹,《杂曲歌辞·出门行》,兄弟同出门，同行不同志。凄凄分岐路，各各营所为。兄上荆山巅，翻石辨虹气。弟沉沧海底，偷珠待龙睡。展开全文出门不数年，同归亦同遂。俱用私所珍，升沉自兹异。献珠龙王宫，值龙觅珠次。但喜复得珠，不求珠所自。酬客双龙女，授客六龙辔。遣充行雨神，雨泽随客意。雩夏钟鼓繁，禜秋玉帛积。彩色画廊庙，奴僮被珠翠。骥騄千万双，鸳鸯七十二。言者禾稼枯，无人敢轻议。其兄因献璞，再刖不履地。门户亲戚疏，匡床妻妾弃。铭心有所待，视足无所愧。持璞自枕头，泪痕双血渍。一朝龙醒寤，本问偷珠事。因知行雨偏，妻子五刑备。仁兄捧尸哭，势友掉头讳。丧车黔首葬，吊客青蝇至。楚有望气人，王前忽长跪。贺王得贵宝，不远王所莅。求之果如言，剖则浮云腻。白珩无颜色，垂棘有瑕累。在楚列地封，入赵连城贵。秦遣李斯书，书为传国瑞。秦亡汉魏传，传者得神器。卞和名永永，与宝不相坠。劝尔出门行，行难莫行易。易得还易失，难同亦难离。善贾识贪廉，良田无稙稚。磨剑莫磨锥，磨锥成小利。
[唐]元稹,《早春寻李校书》,款款春风澹澹云，柳枝低作翠栊裙。梅含鸡舌兼红气，江弄琼花散绿纹。带雾山莺啼尚小，穿沙芦笋叶才分。展开全文今朝何事偏相觅，撩乱芳情最是君。
[唐]元稹,《寄乐天》,无身尚拟魂相就，身在那无梦往还。直到他生亦相觅，不能空记树中环。
[唐]元稹,《酬段丞与诸棋流会宿弊居见赠二十四韵》,鸣局宁虚日，闲窗任废时。琴书甘尽弃，园井讵能窥。运石疑填海，争筹忆坐帷。赤心方苦斗，红烛已先施。展开全文蛇势萦山合，鸿联度岭迟。堂堂排直阵，衮衮逼羸师。悬劫偏深猛，回征特险巇。旁攻百道进，死战万般为。异日玄黄队，今宵黑白棋。斫营看迥点，对垒重相持。善败虽称怯，骄盈最易欺。狼牙当必碎，虎口祸难移。乘胜同三捷，扶颠望一词。希因送目便，敢恃指纵奇。退引防边策，雄吟斩将诗。眠床都浪置，通夕共忘疲。晓雉风传角，寒丛雪压枝。繁星收玉版，残月耀冰池。僧请闻钟粥，宾催下药卮。兽炎馀炭在，蜡泪短光衰。俯仰嗟陈迹，殷勤卜后期。公私牵去住，车马各支离。分作终身癖，兼从是事隳。此中无限兴，唯怕俗人知。
[唐]元稹,《寄乐天》,闲夜思君坐到明，追寻往事倍伤情。同登科后心相合，初得官时髭未生。二十年来谙世路，三千里外老江城。展开全文犹应更有前途在，知向人间何处行。
[唐]元稹,《寄乐天》,莫嗟虚老海壖西，天下风光数会稽。灵氾桥前百里镜，石帆山崦五云溪。冰销田地芦锥短，春入枝条柳眼低。展开全文安得故人生羽翼，飞来相伴醉如泥。
[唐]元稹,《夜雨》,水怪潜幽草，江云拥废居。雷惊空屋柱，电照满床书。竹瓦风频裂，茅檐雨渐疏。平生沧海意，此去怯为鱼。
[唐]元稹,《和李校书新题乐府十二首·缚戎人》,边头大将差健卒，入抄禽生快于鹘。但逢赪面即捉来，半是边人半戎羯。大将论功重多级，捷书飞奏何超忽。展开全文圣朝不杀谐至仁，远送炎方示微罚。万里虚劳肉食费，连头尽被毡裘暍。华裀重席卧腥臊，病犬愁鸪声咽嗢。中有一人能汉语，自言家本长城窟。少年随父戍安西，河渭瓜沙眼看没。天宝未乱犹数载，狼星四角光蓬勃。中原祸作边防危，果有豺狼四来伐。蕃马膘成正翘健，蕃兵肉饱争唐突。烟尘乱起无亭燧，主帅惊跳弃旄钺。半夜城摧鹅雁鸣，妻啼子叫曾不歇。阴森神庙未敢依，脆薄河冰安可越。荆棘深处共潜身，前困蒺藜后臲卼。平明蕃骑四面走，古墓深林尽株榾。少壮为俘头被髡，老翁留居足多刖。乌鸢满野尸狼藉，楼榭成灰墙突兀。暗水溅溅入旧池，平沙漫漫铺明月。戎王遣将来安慰，口不敢言心咄咄。供进腋腋御叱般，岂料穹庐拣肥腯。五六十年消息绝，中间盟会又猖獗。眼穿东日望尧云，肠断正朝梳汉发。近年如此思汉者，半为老病半埋骨。常教孙子学乡音，犹话平时好城阙。老者傥尽少者壮，生长蕃中似蕃悖。不知祖父皆汉民，便恐为蕃心矻矻。缘边饱喂十万众，何不齐驱一时发。年年但捉两三人，精卫衔芦塞溟渤。
[唐]元稹,《会真诗三十韵》,微月透帘栊，萤光度碧空。遥天初缥缈，低树渐葱茏。龙吹过庭竹，鸾歌拂井桐。罗绡垂薄雾，环佩响轻风。展开全文绛节随金母，云心捧玉童。更深人悄悄，晨会雨濛濛。珠莹光文履，花明隐绣栊。宝钗行彩凤，罗帔掩丹虹。言自瑶华浦，将朝碧帝宫。因游李城北，偶向宋家东。戏调初微拒，柔情已暗通。低鬟蝉影动，回步玉尘蒙。转面流花雪，登床抱绮丛。鸳鸯交颈舞，翡翠合欢笼。眉黛羞频聚，朱唇暖更融。气清兰蕊馥，肤润玉肌丰。无力慵移腕，多娇爱敛躬。汗光珠点点，发乱绿松松。方喜千年会，俄闻五夜穷。留连时有限，缱绻意难终。慢脸含愁态，芳词誓素衷。赠环明运合，留结表心同。啼粉流清镜，残灯绕暗虫。华光犹冉冉，旭日渐曈曈。警乘还归洛，吹箫亦上嵩。衣香犹染麝，枕腻尚残红。幂幂临塘草，飘飘思渚蓬。素琴鸣怨鹤，清汉望归鸿。海阔诚难度，天高不易冲。行云无处所，萧史在楼中。
[唐]元稹,《红芍药》,芍药绽红绡，巴篱织青琐。繁丝蹙金蕊，高焰当炉火。翦刻彤云片，开张赤霞裹。烟轻琉璃叶，风亚珊瑚朵。展开全文受露色低迷，向人娇婀娜。酡颜醉后泣，小女妆成坐。艳艳锦不如，夭夭桃未可。晴霞畏欲散，晚日愁将堕。结植本为谁，赏心期在我。采之谅多思，幽赠何由果。
[唐]元稹,《岳阳楼》,岳阳楼上日衔窗，影到深潭赤玉幢。怅望残春万般意，满棂湖水入西江。
[唐]元稹,《代曲江老人百韵》,何事花前泣，曾逢旧日春。先皇初在镐，贱子正游秦。拨乱干戈后，经文礼乐辰。徽章悬象魏，貔虎画骐驎。展开全文光武休言战，唐尧念睦姻。琳琅铺柱础，葛藟茂河漘。尚齿惇耆艾，搜材拔积薪。裴王持藻镜，姚宋斡陶钧。内史称张敞，苍生借寇恂。名卿唯讲德，命士耻忧贫。杞梓无遗用，刍荛不忘询。悬金收逸骥，鼓瑟荐嘉宾。羽翼皆随凤，圭璋肯杂珉。班行容济济，文质道彬彬。百度依皇极，千门辟紫宸。措刑非苟简，稽古蹈因循。书谬偏求伏，诗亡远听申。雄推三虎贾，群擢八龙荀。海外恩方洽，寰中教不泯。儒林精阃奥，流品重清淳。天净三光丽，时和四序均。卑官休力役，蠲赋免艰辛。蛮貊同车轨，乡原尽里仁。帝途高荡荡，风俗厚誾誾。暇日耕耘足，丰年雨露频。戍烟生不见，村竖老犹纯。耒耜勤千亩，牲牢奉六禋。南郊礼天地，东野辟原畇。校猎求初吉，先农卜上寅。万方来合杂，五色瑞轮囷。池籞呈朱雁，坛场得白麟。酹金光照耀，奠璧彩璘玢。掉荡云门发，蹁跹鹭羽振。集灵撞玉磬，和鼓奏金錞。建簴崇牙盛，衔钟兽目嗔。总干形屹崒，戛敔背嶙峋。文物千官会，夷音九部陈。鱼龙华外戏，歌舞洛中嫔。佳节修酺礼，非时宴侍臣。梨园明月夜，花萼艳阳晨。李杜诗篇敌，苏张笔力匀。乐章轻鲍照，碑板笑颜竣。泰狱陪封禅，汾阴颂鬼神。星移逐西顾，风暖助东巡。浴德留汤谷，蒐畋过渭滨。沸天雷殷殷，匝地毂辚辚。沃土心逾炽，豪家礼渐湮。老农羞荷锸，贪贾学垂绅。曲艺争工巧，雕机变组紃。青凫连不解，红粟朽相因。山泽长孳货，梯航竞献珍。翠毛开越巂，龙眼弊瓯闽。玉馔薪燃蜡，椒房烛用银。铜山供横赐，金屋贮宜颦。班女恩移赵，思王赋感甄。辉光随顾步，生死属摇唇。世族功勋久，王姬宠爱亲。街衢连甲第，冠盖拥朱轮。大道垂珠箔，当垆踏锦茵。轩车隘南陌，钟磬满西邻。出入张公子，骄奢石季伦。鸡场潜介羽，马埒并扬尘。韬袖夸狐腋，弓弦尚鹿。f紫绦牵白犬，绣被花駰。g箭倒南山虎，鹰擒东郭畇。翻身迎过雁，劈肘取回鹑。竟蓄朱公产，争藏邴氏缗。桥桃矜马鹜，倚顿数牛犉。齑斗冬中韭，羹怜远处莼。万钱才下箸，五酘未称醇。曲水闲销日，倡楼醉度旬。探丸依郭解，投辖伴陈遵。共谓长之泰，那知遽构屯。奸心兴桀黠，凶丑比顽嚚。斗柄侵妖彗，天泉化逆鳞。背恩欺乃祖，连祸及吾民。猰貐当前路，鲸鲵得要津。王师才业业，暴卒已。hh杂虏同谋夏，宗周暂去豳。陵园深暮景，霜露下秋旻。凤阙悲巢鵩，鹓行乱野麏。华林荒茂草，寒竹碎贞筠。村落空垣坏，城隍旧井堙。破船沉古渡，战鬼聚阴磷。振臂谁相应，攒眉独不伸。毁容怀赤绂，混迹戴黄巾。木梗随波荡，桃源斅隐沦。弟兄书信断，鸥鹭往来驯。忽遇山光澈，遥瞻海气真。秘图推废主，后圣合经纶。野杏浑休植，幽兰不复纫。但惊心愤愤，谁恋水粼粼。尽室杂深洞，轻桡荡小。i殷勤题白石，怅望出青蘋。梦寐平生在，经过处所新。阮郎迷里巷，辽鹤记城闉。虚过休明代，旋为朽病身。劳生常矻矻，语旧苦谆谆。晚岁多衰柳，先秋愧大椿。眼前年少客，无复昔时人。
[唐]元稹,《思归乐》,山中思归乐，尽作思归鸣。尔是此山鸟，安得失乡名。应缘此山路，自古离人征。阴愁感和气，俾尔从此生。展开全文我虽失乡去，我无失乡情。惨舒在方寸，宠辱将何惊。浮生居大块，寻丈可寄形。身安即形乐，岂独乐咸京。命者道之本，死者天之平。安问远与近，何言殇与彭。君看赵工部，八十支体轻。交州二十载，一到长安城。长安不须臾，复作交州行。交州又累岁，移镇广与荆。归朝新天子，济济为上卿。肌肤无瘴色，饮食康且宁。长安一昼夜，死者如陨星。丧车四门出，何关炎瘴萦。况我三十二，百年未半程。江陵道涂近，楚俗云水清。遐想玉泉寺，久闻岘山亭。此去尽绵历，岂无心赏并。红餐日充腹，碧涧朝析酲。开门待宾客，寄书安弟兄。闲穷四声韵，闷阅九部经。身外皆委顺，眼前随所营。此意久已定，谁能求苟荣。所以官甚小，不畏权势倾。倾心岂不易，巧诈神之刑。万物有本性，况复人性灵。金埋无土色，玉坠无瓦声。剑折有寸利，镜破有片明。我可俘为囚，我可刃为兵。我心终不死，金石贯以诚。此诚患不至，诚至道亦亨。微哉满山鸟，叫噪何足听。
[唐]元稹,《遣行十首》,惨切风雨夕，沉吟离别情。燕辞前日社，蝉是每年声。暗泪深相感，危心亦自惊。不如元不识，俱作路人行。展开全文十五年前事，恓惶无限情。病僮更借出，羸马共驰声。射叶杨才破，闻弓雁已惊。小年辛苦学，求得苦辛行。徙倚檐宇下，思量去住情。暗萤穿竹见，斜雨隔窗声。就枕回转数，闻鸡撩乱惊。一家同草草，排比送君行。已怆朋交别，复怀儿女情。相兄亦相旧，同病又同声。白发年年剩，秋蓬处处惊。不堪身渐老，频送异乡行。塞上风雨思，城中兄弟情。北随鹓立位，南送雁来声。遇适尤兼恨，闻书喜复惊。唯应遥料得，知我伴君行。暮欲歌吹乐，暗冲泥水情。稻花秋雨气，江石夜滩声。犬吠穿篱出，鸥眠起水惊。愁君明月夜，独自入山行。七过褒城驿，回回各为情。八年身世梦，一种水风声。寻觅诗章在，思量岁月惊。更悲西塞别，终夜绕池行。褒县驿前境，曲江池上情。南堤衰柳意，西寺晚钟声。云水兴方远，风波心已惊。可怜皆老大，不得自由行。见说巴风俗，都无汉性情。猿声芦管调，羌笛竹鸡声。迎候人应少，平安火莫惊。每逢危栈处，须作贯鱼行。闻道阴平郡，翛然古戍情。桥兼麋鹿蹋，山应鼓鼙声。羌妇梳头紧，蕃牛护尾惊。怜君闲闷极，只傍白江行。
[唐]元稹,《四皓庙》,巢由昔避世，尧舜不得臣。伊吕虽急病，汤武乃可君。四贤胡为者，千载名氛氲。显晦有遗迹，前后疑不伦。展开全文秦政虐天下，黩武穷生民。诸侯战必死，壮士眉亦颦。张良韩孺子，椎碎属车轮。遂令英雄意，日夜思报秦。先生相将去，不复婴世尘。云卷在孤岫，龙潜为小鳞。秦王转无道，谏者鼎镬亲。茅焦脱衣谏，先生无一言。赵高杀二世，先生如不闻。刘项取天下，先生游白云。海内八年战，先生全一身。汉业日已定，先生名亦振。不得为济世，宜哉为隐沦。如何一朝起，屈作储贰宾。安存孝惠帝，摧悴戚夫人。舍大以谋细，虬盘而蠖伸。惠帝竟不嗣，吕氏祸有因。虽怀安刘志，未若周与陈。皆落子房术，先生道何屯。出处贵明白，故吾今有云。
[唐]元稹,《莺莺诗》,殷红浅碧旧衣裳，取次梳头暗淡妆。夜合带烟笼晓日，牡丹经雨泣残阳。低迷隐笑原非笑，散漫清香不似香。展开全文频动横波嗔阿母，等闲教见小儿郎。
[唐]元稹,《春月》,春月虽至明，终有霭霭光。不似秋冬色，逼人寒带霜。纤粉澹虚壁，轻烟笼半床。分晖间林影，余照上虹梁。展开全文病久尘事隔，夜闲清兴长。拥抱颠倒领，步屣东西厢。风柳结柔援，露梅飘暗香。雪含樱绽蕊，珠蹙桃缀房。杳杳有馀思，行行安可忘。四邻非旧识，无以话中肠。南有居士俨，默坐调心王。款关一问讯，为我披衣裳。延我入深竹，暖我于小堂。视身琉璃莹，谕指芭蕉黄。复有比丘溢，早传龙树方。口中秘丹诀，肘后悬青囊。锡杖虽独振，刀圭期共尝。未知仙近远，已觉神轻翔。夜久魂耿耿，月明露苍苍。悲哉沉眠士，宁见兹夕良。
[唐]元稹,《酬窦校书二十韵》,鸥鹭元相得，杯觞每共传。芳游春烂熳，晴望月团圆。调笑风流剧，论文属对全。赏花珠并缀，看雪璧常连。展开全文竹寺荒唯好，松斋小更怜。潜投孟公辖，狂乞莫愁钱。尘土抛书卷，枪筹弄酒权。令夸齐箭道，力斗抹弓弦。但喜添樽满，谁忧乏桂然。渐轻身外役，浑证饮中禅。及我辞云陛，逢君仕圃田。音徽千里断，魂梦两情偏。足听猿啼雨，深藏马腹鞭。官醪半清浊，夷馔杂腥膻。顾影无依倚，甘心守静专。那知暮江上，俱会落英前。款曲生平在，悲凉岁序迁。鹤方同北渚，鸿又过南天。丽句惭虚掷，沉机懒强牵。粗酬珍重意，工拙定相悬。
[唐]元稹,《何满子歌》,何满能歌能宛转，天宝年中世称罕。婴刑系在囹圄间，水调哀音歌愤懑。梨园弟子奏玄宗，一唱承恩羁网缓。展开全文便将何满为曲名，御谱亲题乐府纂。鱼家入内本领绝，叶氏有年声气短。自外徒烦记得词，点拍才成已夸诞。我来湖外拜君侯，正值灰飞仲春琯。广宴江亭为我开，红妆逼坐花枝暖。此时有态蹋华筵，未吐芳词貌夷坦。翠蛾转盼摇雀钗，碧袖歌垂翻鹤卵。定面凝眸一声发，云停尘下何劳算。迢迢击磬远玲玲，一一贯珠匀款款。犯羽含商移调态，留情度意抛弦管。湘妃宝瑟水上来，秦女玉箫空外满。缠绵叠破最殷勤，整顿衣裳颇闲散。冰含远溜咽还通，莺泥晚花啼渐懒。敛黛吞声若自冤，郑袖见捐西子浣。阴山鸣雁晓断行，巫峡哀猿夜呼伴。古者诸侯飨外宾，鹿鸣三奏陈圭瓒。何如有态一曲终，牙筹记令红螺碗。
[唐]元稹,《松树》,华山高幢幢，上有高高松。株株遥各各，叶叶相重重。槐树夹道植，枝叶俱冥蒙。既无贞直干，复有罥挂虫。展开全文何不种松树，使之摇清风。秦时已曾种，憔悴种不供。可怜孤松意，不与槐树同。闲在高山顶，樛盘虬与龙。屈为大厦栋，庇荫侯与公。不肯作行伍，俱在尘土中。
[唐]元稹,《说剑》,吾友有宝剑，密之如密友。我实胶漆交，中堂共杯酒。酒酣肝胆露，恨不眼前剖。高唱荆卿歌，乱击相如缶。展开全文更击复更唱，更酌亦更寿。白虹坐上飞，青蛇匣中吼。我闻音响异，疑是干将偶。为君再拜言，神物可见不。君言我所重，我自为君取。迎箧已焚香，近鞘先泽手。徐抽寸寸刃，渐屈弯弯肘。杀杀霜在锋，团团月临纽。逡巡潜虬跃，郁律惊左右。霆电满室光，蛟龙绕身走。我为捧之泣，此剑别来久。铸时近山破，藏在松桂朽。幽匣狱底埋，神人水心守。本是稽泥淬，果非雷焕有。我欲评剑功，愿君良听受。剑可剸犀兕，剑可切琼玖。剑决天外云，剑冲日中斗。剑隳妖蛇腹，剑拂佞臣首。太古初断鳌，武王亲击纣。燕丹卷地图，陈平绾花绶。曾被桂树枝，寒光射林薮。曾经铸农器，利用翦稂莠。神物终变化，复为龙牝牡。晋末武库烧，脱然排户牖。为欲扫群胡，散作弥天帚。自兹失所往，豪英共为诟。今复谁人铸，挺然千载后。既非古风胡，无乃近鸦九。自我与君游，平生益自负。况擎宝剑出，重以雄心扣。此剑何太奇，此心何太厚。劝君慎所用，所用无或苟。潜将辟魑魅，勿但防妾妇。留斩泓下蛟，莫试街中狗。君今困泥滓，我亦坌尘垢。俗耳惊大言，逢人少开口。
[唐]元稹,《解秋十首》,清晨颒寒水，动摇襟袖轻。翳翳林上叶，不知秋暗生。回悲镜中发，华白三四茎。岂无满头黑，念此衰已萌。展开全文微霜才结露，翔鸠初变鹰。无乃天地意，使之行小惩。鸱鸮诚可恶，蔽日有高鹏。舍大以擒细，我心终不能。往岁学仙侣，各在无何乡。同时骛名者，次第鹓鹭行。而我两不遂，三十鬓添霜。日暮江上立，蝉鸣枫树黄。后伏火犹在，先秋蝉已多。云色日夜白，骄阳能几何。壤隙漏江海，忽微成网罗。勿言时不至，但恐岁蹉跎。新月才到地，轻河如泛云。萤飞高下火，树影参差文。露簟有微润，清香时暗焚。夜闲心寂默，洞庭无垢氛。霁丽床前影，飘萧帘外竹。簟凉朝睡重，梦觉茶香熟。亲烹园内葵，凭买家家曲。酿酒并毓蔬，人来有棋局。寒竹秋雨重，凌霄晚花落。低回翠玉梢，散乱栀黄萼。颜色有殊异，风霜无好恶。年年百草芳，毕意同萧索。春非我独春，秋非我独秋。岂念百草死，但念霜满头。头白古所同，胡为坐烦忧。茫茫百年内，处身良未休。西风冷衾簟，展转布华茵。来者承玉体，去者流芳尘。适意丑为好，及时疏亦亲。衰周仲尼出，无乃为妖人。漠漠江面烧，微微枫树烟。今日复今夕，秋怀方浩然。况我头上发，衰白不待年。我怀有时极，此意何由诠。
[唐]元稹,《望云骓马歌》,忆昔先皇幸蜀时，八马入谷七马疲。肉绽筋挛四蹄脱，七马死尽无马骑。天子蒙尘天雨泣，巉岩道路淋漓湿。展开全文峥嵘白草眇难期，謥洞黄泉安可入。朱泚围兵抽未尽，怀光寇骑追行及。嫔娥相顾倚树啼，鹓鹭无声仰天立。圉人初进望云骓，彩色憔悴众马欺。上前喷吼如有意，耳尖卓立节踠奇。君王试遣回胸臆，撮骨锯牙骈两肋。蹄悬四跼脑颗方，胯耸三山尾株直。圉人畏诮仍相惑，此马无良空有力。频频啮掣辔难施，往往跳趫鞍不得。色沮声悲仰天诉，天不遣言君未识。亚身受取白玉羁，开口衔将紫金勒。君王自此方敢骑，似遇良臣久凄恻。龙腾鱼鳖啅然惊，骥肦驴骡少颜色。七圣心迷运方厄，五丁力尽路犹窄。橐它山上斧刃堆，望秦岭下锥头石。五六百里真符县，八十四盘青山驿。掣开流电有辉光，突过浮云无朕迹。地平险尽施黄屋，九九属车十二纛。齐映前导引骓头，严震迎号抱骓足。路旁垂白天宝民，望骓礼拜见骓哭。皆言玄宗当时无此马，不免骑骡来幸蜀。雄雄猛将李令公，收城杀贼豺狼空。天旋地转日再中，天子却坐明光宫。朝廷无事忘征战，校猎朝回暮球宴。御马齐登拟用槽，君王自试宣徽殿。圉人还进望云骓，性强步阔无方便。分騣摆杖头太高，擘肘回头项难转。人人共恶难回跋，潜遣飞龙减刍秣。银鞍绣韂不复施，空尽天年御槽活。当时邹谚已有言，莫倚功高浪开阔。登山纵似望云骓，平地须饶红叱拨。长安三月花垂草，果下翩翩紫骝好。千官暖热李令闲，百马生狞望云老。望云骓，尔之种类世世奇。当时项王乘尔祖，分配英豪称霸主。尔身今日逢圣人，从幸巴渝归入秦。功成事遂身退天之道，何必随群逐队到死蹋红尘。望云骓，用与不用各有时，尔勿悲。
[唐]元稹,《独游》,远地难逢侣，闲人且独行。上山随老鹤，接酒待残莺。花当西施面，泉胜卫玠清。鹈鹕满春野，无限好同声。
[唐]元稹,《去杭州》,房杜王魏之子孙，虽及百代为清门。骏骨凤毛真可贵，冈头泽底促足论。去年江上识君面，爱君风貌情已敦。展开全文与君言语见君性，灵府坦荡消尘烦。自兹心洽迹亦洽，居常并榻游并轩。柳阴覆岸郑监水，李花压树韦公园。每出新诗共联缀，闲因醉舞相牵援。时寻沙尾枫林夕，夜摘兰丛衣露繁。今君别我欲何去，自言远结迢迢婚。简书五府已再至，波涛万里酬一言。为君再拜赠君语，愿君静听君勿喧。君名师范欲何范，君之烈祖遗范存。永宁昔在抡鉴表，沙汰沉浊澄浚源。君今取友由取士，得不别白清与浑。昔公事主尽忠谠，虽及死谏誓不谖。今君佐藩如佐主，得不陈露酬所恩。昔公为善日不足，假寐待旦朝至尊。今君三十朝未与，得不寸晷倍玙璠。昔公令子尚贵主，公执舅礼妇执笲。返拜之仪自此绝，关雎之化皎不昏。君今远娉奉明祀，得不齐励亲蘋蘩。斯言皆为书佩带，然后别袂乃可扪。别袂可扪不可解，解袂开帆凄别魂。魂摇江树鸟飞没，帆挂樯竿鸟尾翻。翻风驾浪拍何处，直指杭州由上元。上元萧寺基址在，杭州潮水霜雪屯。潮户迎潮击潮鼓，潮平潮退有潮痕。得得为题罗刹石，古来非独伍员冤。
[唐]元稹,《和乐天示杨琼》,我在江陵少年日，知有杨琼初唤出。腰身瘦小歌圆紧，依约年应十六七。去年十月过苏州，琼来拜问郎不识。展开全文青衫玉貌何处去，安得红旗遮头白。我语杨琼琼莫语，汝虽笑我我笑汝。汝今无复小腰身，不似江陵时好女。杨琼为我歌送酒，尔忆江陵县中否。江陵王令骨为灰，车来嫁作尚书妇。卢戡及第严涧在，其余死者十八九。我今贺尔亦自多，尔得老成余白首。
[唐]元稹,《自述》,延英引对碧衣郎，江砚宣毫各别床。天子下帘亲考试，宫人手里过茶汤。
[唐]元稹,《秋堂夕》,炎凉正回互，金火郁相乘。云雷时交构，川泽方蒸腾。清风一朝胜，白露忽已凝。草木凡气尽，始见天地澄。展开全文况此秋堂夕，幽怀旷无朋。萧条帘外雨，倏闪案前灯。书卷满床席，蟏蛸悬复升。啼儿屡哑咽，倦僮时寝兴。泛览昏夜目，咏谣畅烦膺。况吟获麟章，欲罢久不能。尧舜事已远，丘道安可胜。蜉蝣不信鹤，蜩鷃肯窥鹏。当年且不偶，没世何必称。胡为揭闻见，褒贬贻爱憎。焉用汩其泥，岂在清如冰。非白又非黑，谁能点青蝇。处世苟无闷，佯狂道非弘。无言被人觉，予亦笑孙登。
[唐]元稹,《渡汉江》,嶓冢去年寻漾水，襄阳今日渡江濆。山遥远树才成点，浦静沉碑欲辨文。万里朝宗诚可羡，百川流入渺难分。展开全文鲵鲸归穴东溟溢，又作波涛随伍员。
[唐]元稹,《酬乐天》,放鹤在深水，置鱼在高枝。升沉或异势，同谓非所宜。君为邑中吏，皎皎鸾凤姿。顾我何为者，翻侍白玉墀。展开全文昔作芸香侣，三载不暂离。逮兹忽相失，旦夕梦魂思。崔嵬骊山顶，宫树遥参差。只得两相望，不得长相随。多君岁寒意，裁作秋兴诗。上言风尘苦，下言时节移。官家事拘束，安得携手期。愿为云与雨，会合天之垂。
[唐]元稹,《相和歌辞·估客乐》,估客无住著，有利身即行。出门求火伴，入户辞父兄。父兄相教示，求利莫求名。求名有所避，求利无不营。展开全文火伴相勒缚，卖假莫卖诚。交关少交假，交假本生轻。自兹相将去，誓死意不更。一解市头语，便无乡里情。鍮石打臂钏，糯米炊项璎。归来村中卖，敲作金玉声。村中田舍娘，贵贱不敢争。所费百钱本，已得十倍赢。颜色转光净，饮食亦甘馨。子本频蕃息，货赂日兼并。求珠驾沧海，采玉上荆衡。北买党项马，西擒吐蕃鹦。炎洲布火浣，蜀地锦织成。越婢脂肉滑，奚僮眉眼明。通算衣食费，不计远近程。经营天下遍，却到长安城。城中东西市，闻客次第迎。迎客兼说客，多财为势倾。客心本明黠，闻语心已惊。先问十常侍，次求百公卿。侯家与主第，点缀无不精。归来始安坐，富与王家勍。市卒酒肉臭，县胥家舍成。岂惟绝言语，奔走极使令。大儿贩材木，巧识梁栋形。小儿贩盐卤，不入州县征。一身偃市利，突若截海鲸。钩距不敢下，下则牙齿横。生为估客乐，判尔乐一生。尔又生两子，钱刀何岁平。
[唐]元稹,《春词》,山翠湖光似欲流，蜂声鸟思却堪愁。西施颜色今何在，但看春风百草头。
[唐]元稹,《杂曲歌辞·侠客行》,侠客不怕死，怕在事不成，事成不肯藏姓名。我非窃贼谁夜行，白日堂堂杀袁盎。九衢草草人面青，展开全文此客此心师海鲸。海鲸露背横沧溟，海波分作两处生。分海减海力，侠客有谋，人不识测三尺铁蛇延二国。
[唐]元稹,《辛夷花》,问君辛夷花，君言已斑驳。不畏辛夷不烂开，顾我筋骸官束缚。缚遣推囚名御史，狼藉囚徒满田地。展开全文明日不推缘国忌，依前不得花前醉。韩员外家好辛夷，开时乞取三两枝。折枝为赠君莫惜，纵君不折风亦吹。
[唐]元稹,《酬乐天寄蕲州簟》,蕲簟未经春，君先拭翠筠。知为热时物，预与瘴中人。碾玉连心润，编牙小片珍。霜凝青汗简，冰透碧游鳞。展开全文水魄轻涵黛，琉璃薄带尘。梦成伤冷滑，惊卧老龙身。
[唐]元稹,《竞渡》,吾观竞舟子，因测大竞源。天地昔将竞，蓬勃昼夜昏。龙蛇相嗔薄，海岱俱崩奔。群动皆搅挠，化作流浑浑。展开全文数极斗心息，太和蒸混元。一气忽为二，矗然画乾坤。日月复照耀，春秋递寒温。八荒坦以旷，万物罗以繁。圣人中间立，理世了不烦。延绵复几岁，逮及羲与轩。炎皇炽如炭，蚩尤扇其燔。有熊竞心起，驱兽出林樊。一战波委焰，再战火燎原。战讫天下定，号之为轩辕。自是岂无竞，琐细不复言。其次有龙竞，竞渡龙之门。龙门浚如泻，淙射不可援。赤鳞化时至，唐突鳍鬣掀。乘风瞥然去，万里黄河翻。接瞬电烻出，微吟霹雳喧。傍瞻旷宇宙，俯瞰卑昆仑。庶类咸在下，九霄行易扪。倏辞蛙黾穴，遽排天帝阍。回悲曝鳃者，未免鲸鲵吞。帝命泽诸夏，不弃虫与昆。随时布膏露，称物施厚恩。草木沾我润，豚鱼望我蕃。向来同竞辈，岂料由我存。壮哉龙竞渡，一竞身独尊。舍此皆蚁斗，竞舟何足论。
[唐]元稹,《春分投简阳明洞天作》,中分春一半，今日半春徂。老惜光阴甚，慵牵兴绪孤。偶成投秘简，聊得泛平湖。郡邑移仙界，山川展画图。展开全文旌旗遮屿浦，士女满闉闍。似木吴儿劲，如花越女姝。牛侬惊力直，蚕妾笑睢盱。怪我携章甫，嘲人托鹧鸪。闾阎随地胜，风俗与华殊。跣足沿流妇，丫头避役奴。雕题虽少有，鸡卜尚多巫。乡味尤珍蛤，家神爱事乌。舟船通海峤，田种绕城隅。栉比千艘合，袈裟万顷铺。亥茶阗小市，渔父隔深芦。日脚斜穿浪，云根远曳蒲。凝风花气度，新雨草芽苏。粉坏梅辞萼，红含杏缀珠。薅馀秧渐长，烧后葑犹枯。绿綟高悬柳，青钱密辫榆。驯鸥眠浅濑，惊雉迸平芜。水静王馀见，山空谢豹呼。燕狂捎蛱蝶，螟挂集蒲卢。浅碧鹤新卵，深黄鹅嫩雏。村扉以白板，寺壁耀赪糊。禹庙才离郭，陈庄恰半途。石帆何峭峣，龙瑞本萦纡。穴为探符坼，潭因失箭刳。堤形弯熨斗，峰势踊香炉。幢盖迎三洞，烟霞贮一壶。桃枝蟠复直，桑树亚还扶。鳖解称从事，松堪作大夫。荣光飘殿阁，虚籁合笙竽。庭狎仙翁鹿，池游县令凫。君心除健羡，扣寂入虚无。冈蹋翻星纪，章飞动帝枢。东皇提白日，北斗下玄都。骑吏裙皆紫，科车幰尽朱。地侯鞭社伯，海若跨天吴。雾喷雷公怒，烟扬灶鬼趋。投壶怜玉女，噀饭笑麻姑。果实经千岁，衣裳重六铢。琼杯传素液，金匕进雕胡。掌里承来露，柈中钓得鲈。菌生悲局促，柯烂觉须臾。稊米休言圣，醯鸡益伏愚。鼓鼙催暝色，簪组缚微躯。遂别真徒侣，还来世路衢。题诗叹城郭，挥手谢妻孥。幸有桃源近，全家肯去无。
[唐]元稹,《杂曲歌辞·筑城曲五解》,年年塞下丁，长作出塞兵。自从冒顿强，官筑遮虏城。筑城须努力，城高遮得贼。但恐贼路多，有城遮不得。展开全文丁口传父口，莫问城坚不。平城被虏围，汉属斤城墙走。因兹虏请和，虏往骑来多。半疑兼半信，筑城犹嵯峨。筑城安敢烦，愿听丁一言。请筑鸿胪寺，兼愁虏出关。
[唐]元稹,《酬乐天劝醉》,神曲清浊酒，牡丹深浅花。少年欲相饮，此乐何可涯。沉机造神境，不必悟楞伽。酡颜返童貌，安用成丹砂。展开全文刘伶称酒德，所称良未多。愿君听此曲，我为尽称嗟。一杯颜色好，十盏胆气加。半酣得自恣，酩酊归太和。共醉真可乐，飞觥撩乱歌。独醉亦有趣，兀然无与他。美人醉灯下，左右流横波。王孙醉床上，颠倒眠绮罗。君今劝我醉，劝醉意如何。
[唐]元稹,《酬乐天赴江州路上见寄三首》,昔在京城心，今在吴楚末。千山道路险，万里音尘阔。天上参与商，地上胡与越。终天升沉异，满地网罗设。展开全文心有无眹环，肠有无绳结。有结解不开，有环寻不歇。山岳移可尽，江海塞可绝。离恨若空虚，穷年思不彻。生莫强相同，相同会相别。襄阳大堤绕，我向堤前住。烛随花艳来，骑送朝云去。万竿高庙竹，三月徐亭树。我昔忆君时，君今怀我处。有身有离别，无地无岐路。风尘同古今，人世劳新故。人亦有相爱，我尔殊众人。朝朝宁不食，日日愿见君。一日不得见，愁肠坐氛氲。如何远相失，各作万里云。云高风苦多，会合难遽因。天上犹有碍，何况地上身。
[唐]元稹,《采珠行》,海波无底珠沉海，采珠之人判死采。万人判死一得珠，斛量买婢人何在。年年采珠珠避人。今年采珠由海神。展开全文海神采珠珠尽死，死尽明珠空海水。珠为海物海属神，神今自采何况人。
[唐]元稹,《相和歌辞·当来日大难》,当来日大难行，前有坂，后有坑，大梁侧，小梁倾。两轴相绞，两轮相撑。大牛竖，小牛横。乌啄牛背，展开全文足跌力狞。当来日大难行，太行虽险，险可使平。轮轴自挠，牵制不停。泥潦渐久，荆棘旋生。行必不得，不如不行。
[唐]元稹,《和李校书新题乐府十二首·阴山道》,年年买马阴山道，马死阴山帛空耗。元和天子念女工，内出金银代酬犒。臣有一言昧死进，死生甘分答恩焘。展开全文费财为马不独生，耗帛伤工有他盗。臣闻平时七十万匹马，关中不省闻嘶噪。四十八监选龙媒，时贡天庭付良造。如今坰野十无一，尽在飞龙相践暴。万束刍茭供旦暮，千钟菽粟长牵漕。屯军郡国百馀镇，缣缃岁奉春冬劳。税户逋逃例摊配，官司折纳仍贪冒。挑纹变力倍费，+弃旧从新人所好。越縠缭绫织一端，十匹素缣功未到。豪家富贾逾常制，令族清班无雅操。从骑爱奴丝布衫，臂鹰小儿云锦韬。群臣利己要差僭，天子深衷空悯悼。绰立花砖鹓凤行，雨露恩波几时报。
[唐]元稹,《酬郑从事四年九月宴望海亭，次用旧韵》,海亭树木何茏葱，寒光透坼秋玲珑。湖山四面争气色，旷望不与人间同。一拳墺伏东武小，两山斗构秦望雄。展开全文嵌空古墓失文种，突兀怪石疑防风。舟船骈比有宗侣，水云滃泱无始终。雪花布遍稻陇白，日脚插入秋波红。兴馀望剧酒四坐，歌声舞艳烟霞中。酒酣从事歌送我，歌云此乐难再逢。良时年少犹健羡，使君况是头白翁。我闻此曲深叹息，唧唧不异秋草虫。忆年十五学构厦，有意盖覆天下穷。安知四十虚富贵，朱紫束缚心志空。妆梳伎女上楼榭，止欲欢乐微茫躬。虽无趣尚慕贤圣，幸有心目知西东。欲将滑甘柔藏府，已被郁噎冲喉咙。君今劝我酒太醉，醉语不复能冲融。劝君莫学虚富贵，不是贤人难变通。
[唐]元稹,《古社》,古社基址在，人散社不神。惟有空心树，妖狐藏魅人。狐惑意颠倒，臊腥不复闻。丘坟变城郭，花草仍荆榛。展开全文良田千万顷，占作天荒田。主人议芟斫，怪见不敢前。那言空山烧，夜随风马奔。飞声鼓鼙震，高焰旗帜翻。逡巡荆棘尽，狐兔无子孙。狐死魅人灭，烟消坛墠存。绕坛旧田地，给授有等伦。农收村落盛，社树新团圆。社公千万岁，永保村中民。
[唐]元稹,《箭镞》,箭镞本求利，淬砺良甚难。砺将何所用，砺以射凶残。不砺射不入，不射人不安。为盗即当射，宁问私与官。展开全文夜射官中盗，中之血阑干。带箭君前诉，君王悄不欢。顷曾为盗者，百箭中心攒。竞将儿女泪，滴沥助辛酸。君王责良帅，此祸谁为端。帅言发硎罪，不使刃稍刓。君王不忍杀，逐之如迸丸。仍令后来箭，尽可头团团。发硎去虽远，砺镞心不阑。会射蛟螭尽，舟行无恶澜。
[唐]元稹,《和乐天感鹤》,我有所爱鹤，毛羽霜雪妍。秋霄一滴露，声闻林外天。自随卫侯去，遂入大夫轩。云貌久已隔，玉音无复传。展开全文吟君感鹤操，不觉心惕然。无乃予所爱，误为微物迁。因兹谕直质，未免柔细牵。君看孤松树，左右萝茑缠。既可习为饱，亦可薰为荃。期君常善救，勿令终弃捐。
[唐]元稹,"《台中鞫狱，忆开元观旧事，呈损之,兼赠周兄》",忆在开元馆，食柏练玉颜。疏慵日高卧，自谓轻人寰。李生隔墙住，隔墙如隔山。怪我久不识，先来问骄顽。展开全文十过乃一往，遂成相往还。以我文章卷，文章甚斒斓。因言辛庾辈，亦愿放羸孱。既回数子顾，展转相连攀。驱令选科目，若在闠与闤。学随尘土坠，漫数公卿关。唯恐坏情性，安能惧谤讪。还招辛庾李，静处杯巡环。进取果由命，不由趋险艰。穿杨二三子，弓矢次第弯。推我亦上道，再联朝士班。二月除御史，三月使巴蛮。蛮民詀諵诉，啮指明痛癏。怜蛮不解语，为发昏帅奸。归来五六月，旱色天地殷。分司别兄弟，各各泪潸潸。哀哉剧部职，唯数赃罪锾。死款依稀取，斗辞方便删。道心常自愧，柔发难久黫。折支望车乘，支痛谁置患。奇哉乳臭儿，绯紫绷被间。渐大官渐贵，渐富心渐悭。闹装辔头觼，静拭腰带斑。鹞子绣线，狗儿金油环。t香汤洗骢马，翠篾笼白鹇。月请公王封，冰受天子颁。开筵试歌舞，别宅宠妖娴。坐卧摩绵褥，捧拥綟丝鬟。旦夕不相离，比翼若飞鸾。而我亦何苦，三十身已鳏。愁吟心骨颤，寒卧支体。居处虽幽静，尤悔少愉嬾。l不如周道士，鹤岭临钟湾。绕院松瑟瑟，通畦水潺潺。阳坡自寻蕨，村沼看沤菅。穷通两未遂，营营真老闲。
[唐]元稹,《酬乐天书怀见寄》,新昌北门外，与君从此分。街衢走车马，尘土不见君。君为分手归，我行行不息。我上秦岭南，君直枢星北。展开全文秦岭高崔嵬，商山好颜色。月照山馆花，裁诗寄相忆。天明作诗罢，草草随所如。凭人寄将去，三月无报书。荆州白日晚，城上鼓冬冬。行逢贺州牧，致书三四封。封题乐天字，未坼已沾裳。坼书八九读，泪落千万行。中有酬我诗，句句截我肠。仍云得诗夜，梦我魂凄凉。终言作书处，上直金銮东。诗书费一夕，万恨缄其中。中宵宫中出，复见宫月斜。书罢月亦落，晓灯随暗花。想君书罢时，南望劳所思。况我江上立，吟君怀我诗。怀我浩无极，江水秋正深。清见万丈底，照我平生心。感君求友什，因报壮士吟。持谢众人口，销尽犹是金。
[唐]元稹,《酬孝甫见赠十首》,宋玉秋来续楚词，阴铿官漫足闲诗。亲情书札相安慰，多道萧何作判司。展开全文杜甫天材颇绝伦，每寻诗卷似情亲。怜渠直道当时语，不著心源傍古人。十岁荒狂任博徒，挼莎五木掷枭卢。野诗良辅偏怜假，长借金鞍迓酒胡。曾经绰立侍丹墀，绽蕊宫花拂面枝。雉尾扇开朝日出，柘黄衫对碧霄垂。一自低心翰墨场，箭靫抛尽负书囊。近来兼爱休粮药，柏叶纱罗杂豆黄。莫笑风尘满病颜，此生元在有无间。
[唐]元稹,《感梦》,十月初二日，我行蓬州西。三十里有馆，有馆名芳溪。荒邮屋舍坏，新雨田地泥。我病百日馀，肌体顾若刲。展开全文气填暮不食，早早掩窦圭。阴寒筋骨病，夜久灯火低。忽然寝成梦，宛见颜如珪。似叹久离别，嗟嗟复凄凄。问我何病痛，又叹何栖栖。答云痰滞久，与世复相暌。重云痰小疾，良药固易挤。前时奉橘丸，攻疾有神功。何不善和疗，岂独头有风。殷勤平生事，款曲无不终。悲欢两相极，以是半日中。言罢相与行，行行古城里。同行复一人，不识谁氏子。逡巡急吏来，呼唤愿且止。驰至相君前，再拜复再起。启云吏有奉，奉命传所旨。事有大惊忙，非君不能理。答云久就闲，不愿见劳使。多谢致勤勤，未敢相唯唯。我因前献言，此事愚可料。乱热由静消，理繁在知要。君如冬月阳，奔走不必召。君如铜镜明，万物自可照。愿君许苍生，勿复高体调。相君不我言，顾我再三笑。行行及城户，黯黯馀日晖。相君不我言，命我从此归。不省别时语，但省涕淋漓。觉来身体汗，坐卧心骨悲。闪闪灯背壁，胶胶鸡去埘。倦童颠倒寝，我泪纵横垂。泪垂啼不止，不止啼且声。啼声觉僮仆，僮仆撩乱惊。问我何所苦，问我何所思。我亦不能语，惨惨即路岐。前经新政县，今夕复明辰。置置满心气，不得说向人。奇哉赵明府，怪我眉不伸。云有北来僧，住此月与旬。自言辨贵骨，谓若识天真。谈游费閟景，何不与逡巡。僧来为予语，语及昔所知。自言有奇中，裴相未相时。读书灵山寺，住处接园篱。指言他日贵，晷刻似不移。我闻僧此语，不觉泪歔欷。因言前夕梦，无人一相谓。无乃裴相君，念我胸中气。遣师及此言，使我尽前事。僧云彼何亲，言下涕不已。我云知我深，不幸先我死。僧云裴相君，如君恩有几。我云滔滔众，好直者皆是。唯我与白生，感遇同所以。官学不同时，生小异乡里。拔我尘土中，使我名字美。美名何足多，深分从此始。吹嘘莫我先，顽陋不我鄙。往往裴相门，终年不曾履。相门多众流，多誉亦多毁。如闻风过尘，不动井中水。前时予掾荆，公在期复起。自从裴公无，吾道甘已矣。白生道亦孤，谗谤销骨髓。司马九江城，无人一言理。为师陈苦言，挥涕满十指。未死终报恩，师听此男子。
[唐]元稹,《哭吕衡州六首》,气敌三人杰，交深一纸书。我投冰莹眼，君报水怜鱼。髀股惟夸瘦，膏肓岂暇除。伤心死诸葛，忧道不忧余。展开全文望有经纶钓，虔收宰相刀。江文驾风远，云貌接天高。国待球琳器，家藏虎豹韬。尽将千载宝，埋入五原蒿。白马双旌队，青山八阵图。请缨期系虏，枕草誓捐躯。势激三千壮，年应四十无。遥闻不瞑目，非是不怜吴。雕鹗生难敌，沉檀死更香。儿童喧巷市，羸老哭碑堂。雁起沙汀暗，云连海气黄。祝融峰上月，几照北人丧。回雁峰前雁，春回尽却回。联行四人去，同葬一人来。铙吹临江返，城池隔雾开。满船深夜哭，风棹楚猿哀。杜预春秋癖，扬雄著述精。在时兼不语，终古定归名。耒水波文细，湘江竹叶轻。平生思风月，潜寐若为情。
[唐]元稹,《感梦》,行吟坐叹知何极，影绝魂销动隔年。今夜商山馆中梦，分明同在后堂前。
[唐]元稹,《明月三五夜》,待月西厢下，迎风户半开。展开全文拂墙花影动，疑是玉人来，
[唐]元稹,《酬卢秘书》,偶有冲天气，都无处世才。未容荣路稳，先踏祸机开。分久沉荆掾，惭经厕柏台。理推愁易惑，乡思病难裁。展开全文夜伴吴牛喘，春惊朔雁回。北人肠断送，西日眼穿颓。唯望魂归去，那知诏下来。涸鱼千丈水，僵燕一声雷。幽匣提清镜，衰颜拂故埃。梦云期紫阁，厌雨别黄梅。亲戚迎时到，班行见处陪。文工犹畏忌，朝士绝嫌猜。新识蓬山杰，深交翰苑材。连投珠作贯，独和玉成堆。剧敌徒相轧，羸师亦自媒。磨砻刮骨刃，翻掷委心灰。恐被神明哭，忧为造化灾。私调破叶箭，定饮搴旗杯。金宝潜砂砾，芝兰似草莱。凭君毫发鉴，莫遣翳莓苔。
[唐]元稹,《见人咏韩舍人新律诗，因有戏赠》,喜闻韩古调，兼爱近诗篇。玉磬声声彻，金铃个个圆。高疏明月下，细腻早春前。花态繁于绮，闺情软似绵。展开全文轻新便妓唱，凝妙入僧禅。欲得人人伏，能教面面全。延之苦拘检，摩诘好因缘。七字排居敬，千词敌乐天。殷勤闲太祝，好去老通川。莫漫裁章句，须饶紫禁仙。
[唐]元稹,《杏花》,常年出入右银台，每怪春光例早回。惭愧杏园行在景，同州园里也先开。
[唐]元稹,《寄乐天二首》,荣辱升沉影与身，世情谁是旧雷陈。唯应鲍叔犹怜我，自保曾参不杀人。山入白楼沙苑暮，潮生沧海野塘春。展开全文老逢佳景唯惆怅，两地各伤何限神。论才赋命不相干，凤有文章雉有冠。羸骨欲销犹被刻，疮痕未没又遭弹。剑头已折藏须盖，丁字虽刚屈莫难。休学州前罗刹石，一生身敌海波澜。
[唐]元稹,《春六十韵》,节应寒灰下，春生返照中。未能消积雪，已渐少回风。迎气邦经重，斋诚帝念隆。龙骧紫宸北，天压翠坛东。展开全文仙仗摇佳彩，荣光答圣衷。便从威仰座，随入大罗宫。先到璇渊底，偷穿玳瑁栊。馆娃朝镜晚，太液晓冰融。撩摘芳情遍，搜求好处终。九霄浑可可，万姓尚忡忡。昼漏频加箭，宵晖欲半弓。驱令三殿出，乞与百蛮同。直自方壶岛，斜临绝漠戎。南巡暧珠树，西转丽崆峒。度岭梅甘坼，潜泉脉暗洪。悠悠铺塞草，冉冉著江枫。蚕役投筐妾，耘催荷蓧翁。既蒸难发地，仍送懒归鸿。约略环区宇，殷勤绮镐沣。华山青黛扑，渭水碧沙蒙。宿露清馀霭，晴烟塞迥空。燕巢才点缀，莺舌最惺憁。腻粉梨园白，胭脂桃径红。郁金垂嫩柳，罯画委高笼。地甲门阑大，天开禁掖崇。层台张舞凤，阁道架飞虹。麹糵调神化，鹓鸾竭至忠。歌钟齐锡宴，车服奖庸功。俊造欣时用，闾阎贺岁丰。倡楼妆燿燿，农野绿芃芃。贵主骄矜盛，豪家恃赖雄。偏沾打球彩，频得铸钱铜。专杀擒杨若，殊恩赦邓通。女孙新在内，婴稚近封公。游衍关心乐，诗书对面聋。盘筵饶异味，音乐斥庸工。酒爱油衣浅，杯夸玛瑙烘。挑鬟玉钗髻，刺绣宝装拢。启齿呈编贝，弹丝动削葱。醉圆双媚靥，波溢两明瞳。但赏欢无极，那知恨亦充。洞房闲窈窕，庭院独葱茏。谢砌萦残絮，班窗网曙虫。望夫身化石，为伯首如蓬。顾我沉忧士，骑他老病骢。静街乘旷荡，初日接曈曨。饮败肺常渴，魂惊耳更聪。虚逢好阳艳，其那苦昏懵。黾勉还移步，持疑又省躬。慵将疲悴质，漫走倦羸僮。季月行当暮，良辰坐叹穷。晋悲焚介子，鲁愿浴沂童。燧改鲜妍火，阴繁晻澹桐。瑞云低，香雨润濛濛。mm药溉分窠数，篱栽备幼冲。种莎怜见叶，护笋冀成筒。有梦多为蝶，因蒐定作熊。漂沉随坏芥，荣茂委苍穹。震动风千变，晴和鹤一冲。丁宁搴芳侣，须识未开丛。
[唐]元稹,《度门寺》,北祖三禅地，西山万树松。门临溪一带，桥映竹千重。翦凿基阶正，包藏景气浓。诸岩分院宇，双岭抱垣墉。展开全文舍利开层塔，香炉占小峰。道场居士置，经藏大师封。太子知栽植，神王守要冲。由旬排讲座，丈六写真容。佛语迦陵说，僧行猛虎从。修罗抬日拒，楼至拔霜锋。画井垂枯朽，穿池救噞喁。蕉非难败坏，槿喻暂丰茸。宝界留遗事，金棺灭去踪。钵传烘玛瑙，石长翠芙蓉。影帐纱全落，绳床土半壅。荒林迷醉象，危壁亚盘龙。行色怜初月，归程待晓钟。心源虽了了，尘世苦憧憧。宿荫高声忏，斋粮并力舂。他生再来此，还愿总相逢。
[唐]元稹,《忆远曲》,忆远曲，郎身不远郎心远。沙随郎饭俱在匙，郎意看沙那比饭。水中书字无字痕，君心暗画谁会君。展开全文况妾事姑姑进止，身去门前同万里。一家尽是郎腹心，妾似生来无两耳。妾身何足言，听妾私劝君。君今夜夜醉何处，姑来伴妾自闭门。嫁夫恨不早，养儿将备老。妾自嫁郎身骨立，老姑为郎求娶妾。妾不忍见姑郎忍见，为郎忍耐看姑面。
[唐]元稹,《织妇词》,织妇何太忙，蚕经三卧行欲老。蚕神女圣早成丝，今年丝税抽征早。展开全文早征非是官人恶，去岁官家事戎索。征人战苦束刀疮，主将勋高换罗幕。缫丝织帛犹努力，变缉撩机苦难织。东家头白双女儿，为解挑纹嫁不得。檐前袅袅游丝上，上有蜘蛛巧来往。羡他虫豸解缘天，能向虚空织罗网。
[唐]元稹,《田家词》,牛吒吒，田确确。旱块敲牛蹄趵趵，种得官仓珠颗谷。六十年来兵蔟蔟，月月食粮车辘辘。一日官军收海服，展开全文驱牛驾车食牛肉。归来攸得牛两角，重铸锄犁作斤劚。姑舂妇担去输官，输官不足归卖屋，愿官早胜雠早覆。农死有儿牛有犊，誓不遣官军粮不足。
[唐]元稹,《遣春三首》,杨公三不惑，我惑两般全。逢酒判身病，拈花尽意怜。水生低岸没，梅蹙小珠连。千万红颜辈，须惊又一年。展开全文柳眼开浑尽，梅心动已阑。风光好时少，杯酒病中难。学问慵都废，声名老更判。唯馀看花伴，未免忆长安。失却游花伴，因风浪引将。柳堤遥认马，梅径误寻香。晚景行看谢，春心渐欲狂。园林都不到，何处枉风光。
[唐]元稹,《和李校书新题乐府十二首·西凉伎》,吾闻昔日西凉州，人烟扑地桑柘稠。蒲萄酒熟恣行乐，红艳青旗朱粉楼。楼下当垆称卓女，楼头伴客名莫愁。展开全文乡人不识离别苦，更卒多为沉滞游。哥舒开府设高宴，八珍九酝当前头。前头百戏竞撩乱，丸剑跳踯霜雪浮。狮子摇光毛彩竖，胡腾醉舞筋骨柔。大宛来献赤汗马，赞普亦奉翠茸裘。一朝燕贼乱中国，河湟没尽空遗丘。开远门前万里堠，今来蹙到行原州。去京五百而近何其逼，天子县内半没为荒陬，西凉之道尔阻修。连城边将但高会，每听此曲能不羞。
[唐]元稹,《水上寄乐天》,眼前明月水，先入汉江流。汉水流江海，西江过庾楼。庾楼今夜月，君岂在楼头。万一楼头望，还应望我愁。
[唐]元稹,《华之巫》,有一人兮神之侧，庙森森兮神默默。神默默兮可奈何，愿一见神兮何可得。女巫索我何所有，神之开闭予之手。展开全文我能进若神之前，神不自言寄予口。尔欲见神安尔身，买我神钱沽我酒。我家又有神之盘，尔进此盘神尔安。此盘不进行路难，陆有摧车舟有澜。我闻此语长太息，岂有神明欺正直。尔居大道谁南北，姿矫神言假神力。假神力兮神未悟，行道之人不得度。我欲见神诛尔巫，岂是因巫假神祜。尔巫，尔巫，尔独不闻乎。与其媚于奥，不若媚于灶。使我倾心事尔巫，吾宁驱车守吾道。尔巫尔巫且相保，吾民自有丘之祷。
[唐]元稹,《村花晚》,三春已暮桃李伤，棠梨花白蔓菁黄。村中女儿争摘将，插刺头鬓相夸张。田翁蚕老迷臭香，晒暴奄聂熏衣裳。展开全文非无后秀与孤芳，奈尔千株万顷之茫茫。天公此意何可量，长教尔辈时节长。
[唐]元稹,《兔丝》,人生莫依倚，依倚事不成。君看兔丝蔓，依倚榛与荆。荆榛易蒙密，百鸟撩乱鸣。下有狐兔穴，奔走亦纵横。展开全文樵童斫将去，柔蔓与之并。翳荟生可耻，束缚死无名。桂树月中出，珊瑚石上生。俊鹘度海食，应龙升天行。灵物本特达，不复相缠萦。缠萦竟何者，荆棘与飞茎。
[唐]元稹,《春别》,幽芳本未阑，君去蕙花残。河汉秋期远，关山世路难。云屏留粉絮，风幌引香兰。肠断回文锦，春深独自看。
[唐]元稹,《代九九》,昔年桃李月，颜色共花宜。回脸莲初破，低蛾柳并垂。望山多倚树，弄水爱临池。远被登楼识，潜因倒影窥。展开全文隔林徒想像，上砌转逶迤。谩掷庭中果，虚攀墙外枝。强持文玉佩，求结麝香缡。阿母怜金重，亲兄要马骑。把将娇小女，嫁与冶游儿。自隐勤勤索，相要事事随。每常同坐卧，不省暂参差。才学羞兼妒，何言宠便移。青春来易皎，白日誓先亏。僻性嗔来见，邪行醉后知。别床铺枕席，当面指瑕疵。妾貌应犹在，君情遽若斯。的成终世恨，焉用此宵为。鸾镜灯前扑，鸳衾手下隳。参商半夜起，琴瑟一声离。努力新丛艳，狂风次第吹。
[唐]元稹,《雉媒》,双雉在野时，可怜同嗜欲。毛衣前后成，一种文章足。一雉独先飞，冲开芳草绿。网罗幽草中，暗被潜羁束。展开全文剪刀摧六翮，丝线缝双目。啖养能几时，依然已驯熟。都无旧性灵，返与他心腹。置在芳草中，翻令诱同族。前时相失者，思君意弥笃。朝朝旧处飞，往往巢边哭。今朝树上啼，哀音断还续。远见尔文章，知君草中伏。和鸣忽相召，鼓翅遥相瞩。畏我未肯来，又啄翳前粟。敛翮远投君，飞驰势奔蹙。罥挂在君前，向君声促促。信君决无疑，不道君相覆。自恨飞太高，疏罗偶然触。看看架上鹰，拟食无罪肉。君意定何如，依旧雕笼宿。
[唐]元稹,《分水岭》,崔嵬分水岭，高下与云平。上有分流水，东西随势倾。朝同一源出，暮隔千里情。风雨各自异，波澜相背惊。展开全文势高竞奔注，势曲已回萦。偶值当途石，蹙缩又纵横。有时遭孔穴，变作呜咽声。褊浅无所用，奔波奚所营。团团井中水，不复东西征。上应美人意，中涵孤月明。旋风四面起，并深波不生。坚冰一时合，井深冻不成。终年汲引绝，不耗复不盈。五月金石铄，既寒亦既清。易时不易性，改邑不改名。定如拱北极，莹若烧玉英。君门客如水，日夜随势行。君看守心者，井水为君盟。
[唐]元稹,《青云驿》,岧峣青云岭，下有千仞谿。裴回不可上，人倦马亦嘶。愿登青云路，若望丹霞梯。谓言青云驿，绣户芙蓉闺。展开全文谓言青云骑，玉勒黄金蹄。谓言青云具，瑚琏杂象犀。谓言青云吏，的的颜如珪。怀此青云望，安能复久稽。攀援信不易，风雨正凄凄。已怪杜鹃鸟，先来山下啼。才及青云驿，忽遇蓬蒿妻。延我开荜户，凿窦宛如圭。逡巡吏来谒，头白颜色黧。馈食频叫噪，假器仍乞醯。向时延我者，共舍藿与藜。乘我牂牁马，蒙茸大如羝。悔为青云意，此意良噬脐。昔游蜀门下，有驿名青泥。闻名意惨怆，若坠牢与狴。云泥异所称，人物一以齐。复闻阊阖上，下视日月低。银城蕊珠殿，玉版金字题。大帝直南北，群仙侍东西。龙虎俨队仗，雷霆轰鼓鼙。元君理庭内，左右桃花蹊。丹霞烂成绮，景云轻若绨。天池光滟滟，瑶草绿萋萋。众真千万辈，柔颜尽如荑。手持凤尾扇，头戴翠羽笄。云韶互铿戛，霞服相提携。双双发皓齿，各各扬轻袿。天祚乐未极，溟波浩无堤。秽贱灵所恶，安肯问黔黎。桑田变成海，宇县烹为齑。虚皇不愿见，云雾重重翳。大帝安可梦，阊阖何由跻。灵物可见者，愿以谕端倪。虫蛇吐云气，妖氛变虹霓。获麟书诸册，豢龙醢为臡。凤凰占梧桐，丛杂百鸟栖。野鹤啄腥虫，贪饕不如鸡。山鹿藏窟穴，虎豹吞其麛。灵物比灵境，冠履宁甚睽。道胜即为乐，何惭居稗稊。金张好车马，於陵亲灌畦。在梁或在火，不变玉与鹈。上天勿行行，潜穴勿凄凄。吟此青云谕，达观终不迷。
[唐]元稹,《古寺》,古寺春馀日半斜，竹风萧爽胜人家。花时不到有花院，意在寻僧不在花。
[唐]元稹,《看花》,努力少年求好官，好花须是少年看。君看老大逢花树，未折一枝心已阑。
[唐]元稹,《松鹤》,渚宫本坳下，佛庙有台阁。台下三四松，低昂势前却。是时晴景丽，松梢残雪薄。日色相玲珑，纤云映罗幕。展开全文逡巡九霄外，似振风中铎。渐见尺帛光，孤飞唳空鹤。裴回耀霜雪，顾慕下寥廓。蹋动樛盘枝，龙蛇互跳跃。俯瞰九江水，旁瞻万里壑。无心眄乌鸢，有字悲城郭。清角已沉绝，虞韶亦冥寞。鶱翻勿重留，幸及钧天作。
[唐]元稹,《春余遣兴》,春去日渐迟，庭空草偏长。馀英间初实，雪絮萦蛛网。好鸟多息阴，新篁已成响。帘开斜照入，树褭游丝上。展开全文绝迹念物闲，良时契心赏。单衣颇新绰，虚室复清敞。置酒奉亲宾，树萱自怡养。笑倚连枝花，恭扶瑞藤杖。步屟恣优游，望山多气象。云叶遥卷舒，风裾动萧爽。簪缨固烦杂，江海徒浩荡。野马笼赤霄，无由负羁鞅。
[唐]元稹,《赠咸阳少府萧郎》,莫怪逢君泪每盈，仲由多感有深情。陆家幼女托良婿，阮氏诸房无外生。顾我自伤为弟拙，念渠能继事姑名。展开全文别时何处最肠断，日暮渭阳驱马行。
[唐]元稹,《哀病骢呈致用》,枥上病骢啼褭褭，江边废宅路迢迢。自经梅雨长垂耳，乍食菰蒋欲折腰。金络头衔光未灭，玉花衫色瘦来燋。展开全文曾听禁漏惊衙鼓，惯蹋康衢怕小桥。半夜雄嘶心不死，日高饥卧尾还摇。龙媒薄地天池远，何事牵牛在碧霄。
[唐]元稹,《杨子华画三首》,杨画远于展，何言今在兹。依然古妆服，但感时节移。念君一朝意，遗我千载思。子亦几时客，安能长苦悲。展开全文皓腕卷红袖，锦鞲臂苍鹗。故人断弦心，稚齿从禽乐。当年惜贵游，遗形寄丹雘。骨象或依稀，铅华已寥落。似对古人民，无复昔城郭。子亦观病身，色空俱寂寞。颠倒世人心，纷纷乏公是。真赏画不成，画赏真相似。丹青各所尚，工拙何足恃。求此妄中精，嗟哉子华子。
[唐]元稹,《送岭南崔侍御》,我是北人长北望，每嗟南雁更南飞。君今又作岭南别，南雁北归君未归。洞主参承惊豸角，岛夷安集慕霜威。展开全文黄家贼用镩刀利，白水郎行旱地稀。蜃吐朝光楼隐隐，鳌吹细浪雨霏霏。毒龙蜕骨轰雷鼓，野象埋牙劚石矶。火布垢尘须火浣，木绵温软当绵衣。桄榔面碜槟榔涩，海气常昏海日微。蛟老变为妖妇女，舶来多卖假珠玑。此中无限相忧事，请为殷勤事事依。
[唐]元稹,《送友封二首》,桃叶成阴燕引雏，南风吹浪飐樯乌。瘴云拂地黄梅雨，明月满帆青草湖。迢递旅魂归去远，颠狂酒兴病来孤。展开全文知君兄弟怜诗句，遍为姑将恼大巫。惠和坊里当时别，岂料江陵送上船。鹏翼张风期万里，马头无角已三年。甘将泥尾随龟后，尚有云心在鹤前。若见中丞忽相问，为言腰折气冲天。
[唐]元稹,《寄隐客》,我年三十二，鬓有八九丝。非无官次第，其如身早衰。今人夸贵富，肉食与妖姬。而我俱不乐，贵富亦何为。展开全文况逢多士朝，贤俊若布棋。班行次第立，朱紫相参差。谟猷密勿进，羽檄纵横驰。监察官甚小，发言无所裨。小官仍不了，谴夺亦已随。时或不之弃，得不自弃之。陶君喜不遇，顾我复何疑。潜书周隐士，白云今有期。
[唐]元稹,《送友封》,轻风略略柳欣欣，晴色空濛远似尘。斗柄未回犹带闰，江痕潜上已生春。兰成宅里寻枯树，宋玉亭前别故人。展开全文心断洛阳三两处，窈娘堤抱古天津。
[唐]元稹,《酬乐天登乐游园见忆》,昔君乐游园，怅望天欲曛。今我大江上，快意波翻云。秋空压澶漫，澒洞无垢氛。四顾皆豁达，我眉今日伸。展开全文长安隘朝市，百道走埃尘。轩车随对列，骨肉非本亲。夸游丞相第，偷入常侍门。爱君直如发，勿念江湖人。
[唐]元稹,《和乐天赠吴丹》,不识吴生面，久知吴生道。迹虽染世名，心本奉天老。雌一守命门，回九填血脑。委气荣卫和，咽津颜色好。展开全文传闻共甲子，衰隤尽枯槁。独有冰雪容，纤华夺鲜缟。问人何能尔，吴实旷怀抱。弁冕徒挂身，身外非所宝。伊予固童昧，希真亦云早。石坛玉晨尊，昼夜长自扫。密印视丹田，游神梦三岛。万过黄庭经，一食青精稻。冥搜方朔桃，结念安期枣。绿发幸未改，丹诚自能保。行当摆尘缨，吴门事探讨。君为先此词，终期搴瑶草。
[唐]元稹,《和乐天秋题曲江》,十载定交契，七年镇相随。长安最多处，多是曲江池。梅杏春尚小，芰荷秋已衰。共爱寥落境，相将偏此时。展开全文绵绵红蓼水，飏飏白鹭鹚。诗句偶未得，酒杯聊久持。今来云雨旷，旧赏魂梦知。况乃江枫夕，和君秋兴诗。
[唐]元稹,《三叹》,孤剑锋刃涩，犹能神彩生。有时雷雨过，暗吼阗阗声。主人閟灵宝，畏作升天行。淬砺当阳铁，刻为干镆名。展开全文远求鸊鹈莹，同用玉匣盛。颜色纵相类，利钝颇相倾。雄为光电烻，雌但深泓澄。龙怒有奇变，青蛇终不惊。仙凤翠皇死，葳蕤光彩低。非无鸳鸾侣，誓不同树栖。飞驰岁云暮，感念雏在泥。顾影不自暖，寄尔蟠桃鸡。驯养岂无愧，类族安得齐。愿言成羽翼，奋翅凌丹梯。天骥失龙偶，三年常夜嘶。哀缘喷风断，渴且含霜啼。长恐绝遗类，不复蹑云霓。非无駉駉者，鹤意不在鸡。春来筋骨瘦，吊影心亦迷。自此渥洼种，应生浊水泥。
[唐]元稹,《西斋小松二首》,松树短于我，清风亦已多。况乃枝上雪，动摇微月波。幽姿得闲地，讵感岁蹉跎。但恐厦终构，藉君当奈何。展开全文簇簇枝新黄，纤纤攒素指。柔苙渐依条，短莎还半委。清风日夜高，凌云意何已。千岁盘老龙，修鳞自兹始。
[唐]元稹,《遣病十首》,服药备江瘴，四年方一疠。岂是药无功，伊予久留滞。滞留人固薄，瘴久药难制。去日良已甘，归途奈无际。展开全文弃置何所任，郑公怜我病。三十九万钱，资予养顽暝。身贱杀何益，恩深报难罄。公其万千年，世有天之郑。忆作孩稚初，健羡成人列。倦学厌日长，嬉游念佳节。今来渐讳年，顿与前心别。白日速如飞，佳晨亦骚屑。昔在痛饮场，憎人病辞醉。病来身怕酒，始悟他人意。怕酒岂不闲，悲无少年气。传语少年儿，杯盘莫回避。忆初头始白，昼夜惊一缕。渐及鬓与须，多来不能数。壮年等闲过，过壮年已五。华发不再青，劳生竟何补。在家非不病，有病心亦安。起居甥侄扶，药饵兄嫂看。今病兄远路，道遥书信难。寄言娇小弟，莫作官家官。燕巢官舍内，我尔俱为客。岁晚我独留，秋深尔安适。风高翅羽垂，路远烟波隔。去去玉山岑，人间网罗窄。檐宇夜来旷，暗知秋已生。卧悲衾簟冷，病觉支体轻。炎昏岂不倦，时去聊自惊。浩叹终一夕，空堂天欲明。秋依静处多，况乃凌晨趣。深竹蝉昼风，翠茸衫晓露。庭莎病看长，林果闲知数。何以强健时，公门日劳骛。朝结故乡念，暮作空堂寝。梦别泪亦流，啼痕暗横枕。昔愁凭酒遣，今病安能饮。落尽秋槿花，离人病犹甚。
[唐]元稹,《玉泉道中作》,楚俗物候晚，孟冬才有霜。早农半华实，夕水含风凉。遐想云外寺，峰峦渺相望。松门接官路，泉脉连僧房。展开全文微露上弦月，暗焚初夜香。谷深烟壒净，山虚钟磬长。念此清境远，复忧尘事妨。行行即前路，勿滞分寸光。
[唐]元稹,《鄂州寓馆严涧宅》,凤有高梧鹤有松，偶来江外寄行踪。花枝满院空啼鸟，尘榻无人忆卧龙。心想夜闲唯足梦，眼看春尽不相逢。展开全文何时最是思君处，月入斜窗晓寺钟。
[唐]元稹,《酬东川李相公十六韵》,昔附赤霄羽，葳蕤游紫垣。斗班香案上，奏语玉晨尊。戆直撩忌讳，科仪惩傲顽。自从真籍除，弃置勿复论。展开全文前时共游者，日夕黄金轩。请帝下巫觋，八荒求我魂。鸾凤屡鸣顾，燕雀尚篱藩。徒令霄汉外，往往尘念存。存念岂虚设，并投琼与璠。弹珠古所讶，此用何太敦。邹律寒气变，郑琴祥景奔。灵芝绕身出，左右光彩繁。碾玉无俗色，蕊珠非世言。重惭前日句，陋若莸并荪。腊月巴地雨，瘴江愁浪翻。因持骇鸡宝，一照浊水昏。
[唐]元稹,《酬刘猛见送》,种花有颜色，异色即为妖。养鸟恶羽翮，剪翮不待高。非无剪伤者，物性难自逃。百足虽捷捷，商羊亦翘翘。展开全文伊余狷然质，谬入多士朝。任气有愎戆，容身寡朋曹。愚狂偶似直，静僻非敢骄。一为毫发忤，十载山川遥。烁铁不在火，割肌不在刀。险心露山岳，流语翻波涛。六尺安敢主，方寸由自调。神剑土不蚀，异布火不燋。虽无二物姿，庶欲效一毫。未能深蹙蹙，多谢相劳劳。去去我移马，迟迟君过桥。云势正横壑，江流初满槽。持此慰远道，此之为旧交。
[唐]元稹,《酬杨司业十二兄早秋述情见寄》,白发故人少，相逢意弥远。往事共销沉，前期各衰晚。昨来遇弥苦，已复云离巘。秋草古胶庠，寒沙废宫苑。展开全文知心岂忘鲍，咏怀难和阮。壮志日萧条，那能竞朝幰。
[唐]元稹,《感石榴二十韵》,何年安石国，万里贡榴花。迢递河源道，因依汉使槎。酸辛犯葱岭，憔悴涉龙沙。初到摽珍木，多来比乱麻。展开全文深抛故园里，少种贵人家。唯我荆州见，怜君胡地赊。从教当路长，兼恣入檐斜。绿叶裁烟翠，红英动日华。新帘裙透影，疏牖烛笼纱。委作金炉焰，飘成玉砌瑕。乍惊珠缀密，终误绣帏奢。琥珀烘梳碎，燕支懒颊涂。风翻一树火，电转五云车。绛帐迎宵日，芙蕖绽早牙。浅深俱隐映，前后各分葩。宿露低莲脸，朝光借绮霞。暗虹徒缴绕，濯锦莫周遮。俗态能嫌旧，芳姿尚可嘉。非专爱颜色，同恨阻幽遐。满眼思乡泪，相嗟亦自嗟。
[唐]元稹,《相和歌辞·董逃行》,董逃董逃董卓逃，揩铿戈甲声劳嘈。剜剜深脐脂焰焰，人皆数叹曰，尔独不忆年年取我身上膏。展开全文膏销骨尽烟火死，长安城中贼毛起。城门四走公卿士，走劝刘虞作天子。刘虞不敢作天子，曹瞒篡乱从此始。董逃董逃人莫喜，胜负翻环相枕倚。缝缀难成裁破易，何况曲针不能伸巧指，欲学裁缝须准拟。
[唐]元稹,《酒醒》,饮醉日将尽，醒时夜已阑。暗灯风焰晓，春席水窗寒。未解萦身带，犹倾坠枕冠。呼儿问狼藉，疑是梦中欢。
[唐]元稹,《和李校书新题乐府十二首·立部伎》,胡部新声锦筵坐，中庭汉振高音播。太宗庙乐传子孙，取类群凶阵初破。戢戢攒枪霜雪耀，腾腾击鼓云雷磨。展开全文初疑遇敌身启行，终象由文士宪左。昔日高宗常立听，曲终然后临玉座。如今节将一掉头，电卷风收尽摧挫。宋晋郑女歌声发，满堂会客齐喧呵。珊珊珮玉动腰身，一一贯珠随咳唾。顷向圜丘见郊祀，亦曾正旦亲朝贺。太常雅乐备宫悬，九奏未终百寮惰。惉滞难令季札辨，迟回但恐文侯卧。工师尽取聋昧人，岂是先王作之过。宋沇尝传天宝季，法曲胡音忽相和。明年十月燕寇来，九庙千门虏尘涴。我闻此语叹复泣，古来邪正将谁奈。奸声入耳佞入心，侏儒饱饭夷齐饿。
[唐]元稹,《庙之神》,我马烦兮释我车，神之庙兮山之阿。予一拜而一祝，祝予心之无涯。涕汍澜而零落，神寂默而无哗。神兮神兮，展开全文奈神之寂默而不言何。复再拜而再祝，鼓吾腹兮歌吾歌。歌曰：今耶，古耶，有耶，无耶。福不自神耶，神不福人耶。巫尔惑耶，稔而诛耶。谒不得耶，终不可谒耶。返吾驾而遵吾道，庙之木兮山之花。
[唐]元稹,《雨后》,倦寝数残更，孤灯暗又明。竹梢馀雨重，时复拂帘惊。
[唐]元稹,《紫踯躅》,紫踯躅，灭紫拢裙倚山腹。文君新寡乍归来，羞怨春风不能哭。我从相识便相怜，但是花丛不回目。展开全文去年春别湘水头，今年夏见青山曲。迢迢远在青山上，山高水阔难容足。愿为朝日早相暾，愿作轻风暗相触。乐踯躅，我向通州尔幽独。可怜今夜宿青山，何年却向青山宿。山花渐暗月渐明，月照空山满山绿。山空月午夜无人，何处知我颜如玉。
[唐]元稹,《小胡笳引》,雷氏金徽琴，王君宝重轻千金。三峡流中将得来，明窗拂席幽匣开。朱弦宛转盘凤足，骤击数声风雨回。展开全文哀笳慢指董家本，姜生得之妙思忖。泛徽胡雁咽萧萧，绕指辘轳圆衮衮。吞恨缄情乍轻激，故国关山心历历。潺湲疑是雁鸊鹈，砉騞如闻发鸣镝。流宫变徵渐幽咽，别鹤欲飞猿欲绝。秋霜满树叶辞风，寒雏坠地乌啼血。哀弦已罢春恨长，恨长何恨怀我乡。我乡安在长城窟，闻君虏奏心飘忽。何时窄袖短貂裘，胭脂山下弯明月。
[唐]元稹,《通州丁溪馆夜别李景信三首》,月濛濛兮山掩掩，束束别魂眉敛敛。蠡盏覆时天欲明，碧幌青灯风滟滟。泪消语尽还暂眠，唯梦千山万山险。展开全文水环环兮山簇簇，啼鸟声声妇人哭。离床别脸睡还开，灯灺暗飘珠蔌蔌。山深虎横馆无门，夜集巴儿扣空木。雨潇潇兮鹃咽咽，倾冠倒枕灯临灭。倦僮呼唤应复眠，啼鸡拍翅三声绝。握手相看其奈何，奈何其奈天明别。
[唐]元稹,《桐花落》,莎草遍桐阴，桐花满莎落。盖覆相团圆，可怜无厚薄。昔岁幽院中，深堂下帘幕。同在后门前，因论花好恶。展开全文君夸沉檀样，云是指撝作。暗澹灭紫花，句连蹙金萼。都绣六七枝，斗成双孔雀。尾上稠叠花，又将金解络。我爱看不已，君烦睡先著。我作绣桐诗，系君裙带著。别来苦修道，此意都萧索。今日竟相牵，思量偶然错。
[唐]元稹,《恨妆成》,晓日穿隙明，开帷理妆点。傅粉贵重重，施朱怜冉冉。柔鬟背额垂，丛鬓随钗敛。凝翠晕蛾眉，轻红拂花脸。展开全文满头行小梳，当面施圆靥。最恨落花时，妆成独披掩。
[唐]元稹,《清都春霁，寄胡三、吴十一》,蕊珠宫殿经微雨，草树无尘耀眼光。白日当空天气暖，好风飘树柳阴凉。蜂怜宿露攒芳久，燕得新泥拂户忙。展开全文时节催年春不住，武陵花谢忆诸郎。
[唐]元稹,《春蝉》,我自东归日，厌苦春鸠声。作诗怜化工，不遣春蝉生。及来商山道，山深气不平。春秋两相似，虫豸百种鸣。展开全文风松不成韵，蜩螗沸如羹。岂无朝阳凤，羞与微物争。安得天上雨，奔浑河海倾。荡涤反时气，然后好晴明。
[唐]元稹,《卢十九子蒙吟卢七员外洛川怀古六韵，命余和》,闻道卢明府，闲行咏洛神。浪圆疑靥笑，波斗忆眉颦。蹀躞桥头马，空濛水上尘。草芽犹犯雪，冰岸欲消春。展开全文寓目终无限，通辞未有因。子蒙将此曲，吟似独眠人。
[唐]元稹,《种竹》,昔公怜我直，比之秋竹竿。秋来苦相忆，种竹厅前看。失地颜色改，伤根枝叶残。清风犹淅淅，高节空团团。展开全文鸣蝉聒暮景，跳蛙集幽阑。尘土复昼夜，梢云良独难。丹丘信云远，安得临仙坛。瘴江冬草绿，何人惊岁寒。可怜亭亭干，一一青琅玕。孤凤竟不至，坐伤时节阑。
[唐]元稹,《杂忆五首》,今年寒食月无光，夜色才侵已上床。忆得双文通内里，玉栊深处暗闻香。展开全文花笼微月竹笼烟，百尺丝绳拂地悬。忆得双文人静后，潜教桃叶送秋千。寒轻夜浅绕回廊，不辨花丛暗辨香。忆得双文胧月下，小楼前后捉迷藏。山榴似火叶相兼，亚拂砖阶半拂檐。忆得双文独披掩，满头花草倚新帘。春冰消尽碧波湖，漾影残霞似有无。忆得双文衫子薄，钿头云映褪红酥。
[唐]元稹,《襄阳为卢窦纪事》,帝下真符召玉真，偶逢游女暂相亲。素书三卷留为赠，从向人间说向人。展开全文风弄花枝月照阶，醉和春睡倚香怀。依稀似觉双环动，潜被萧郎卸玉钗。莺声撩乱曙灯残，暗觅金钗动晓寒。犹带春酲懒相送，樱桃花下隔帘看。琉璃波面月笼烟，暂逐萧郎走上天。今日归时最肠断，回江还是夜来船。花枝临水复临堤，闲照江流亦照泥。千万春风好抬举，夜来曾有凤凰栖。
[唐]元稹,《西州院》,自入西州院，唯见东川城。今夜城头月，非暗又非明。文案床席满，卷舒赃罪名。惨凄且烦倦，弃之阶下行。展开全文怅望天回转，动摇万里情。参辰次第出，牛女颠倒倾。况此风中柳，枝条千万茎。到来篱下笋，亦已长短生。感怆正多绪，鸦鸦相唤惊。墙上杜鹃鸟，又作思归鸣。以彼撩乱思，吟为幽怨声。吟罢终不寝，冬冬复铛铛。
[唐]元稹,《酬乐天早夏见怀》,庭柚有垂实，燕巢无宿雏。我亦辞社燕，茫茫焉所如。君诗夏方早，我叹秋已徂。食物风土异，衾裯时节殊。展开全文荒草满田地，近移江上居。八日复切九，月明侵半除。
[唐]元稹,《和乐天别弟后月夜作》,闻君别爱弟，明天照夜寒。秋雁拂檐影，晓琴当砌弹。怅望天澹澹，因思路漫漫。吟为别弟操，闻者为辛酸。展开全文况我兄弟远，一身形影单。江波浩无极，但见时岁阑。
[唐]元稹,《送王十一南行》,夏水漾天末，晚旸依岸村。风调乌尾劲，眷恋馀芳尊。解袂方瞬息，征帆已翩翻。江豚涌高浪，枫树摇去魂。展开全文远戍宗侣泊，暮烟洲渚昏。离心讵几许，骤若移寒温。此别信非久，胡为坐忧烦。我留石难转，君泛云无根。万里湖南月，三声山上猿。从兹耿幽梦，夜夜湘与沅。
[唐]元稹,《周先生》,寥寥空山岑，冷冷风松林。流月垂鳞光，悬泉扬高音。希夷周先生，烧香调琴心。神力盈三千，谁能还黄金。
[唐]元稹,《表夏十首》,夏风多暖暖，树木有繁阴。新笋紫长短，早樱红浅深。烟花云幕重，榴艳朝景侵。华实各自好，讵云芳意沉。展开全文初日满阶前，轻风动帘影。旬时得休浣，高卧阅清景。僮儿拂巾箱，鸦轧深林井。心到物自闲，何劳远箕颍。江瘴炎夏早，蒸腾信难度。今宵好风月，独此荒庭趣。露叶倾暗光，流星委余素。但恐清夜徂，讵悲朝景暮。孟月夏犹浅，奇云未成峰。度霞红漠漠，压浪白溶溶。玉委有馀润，飙驰无去踪。何如捧云雨，喷毒随蛟龙。流芳递炎景，繁英尽寥落。公署香满庭，晴霞覆阑药。裁红起高焰，缀绿排新萼。凭此遣幽怀，非言念将谑。红丝散芳树，旋转光风急。烟泛被笼香，露浓妆面湿。佳人不在此，恨望阶前立。忽厌夏景长，今春行已及。百舌渐吞声，黄莺正娇小。云鸿方警夜，笼鸡已鸣晓。当时客自适，运去谁能矫。莫厌夏虫多，蜩螗定相扰。翩翩帘外燕，戢戢巢内雏。啖食筋力尽，毛衣成紫襦。朝来各飞去，雄雌梁上呼。养子将备老，恶儿那胜无。西山夏雪消，江势东南泻。风波高若天，滟滪低于马。正被黄牛旋，难期白帝下。我在平地行，翻忧济川者。灵均死波后，是节常浴兰。彩缕碧筠粽，香粳白玉团。逝者良自苦，今人反为欢。哀哉徇名士，没命求所难。
[唐]元稹,《和东川李相公慈竹十二韵》,慈竹不外长，密比青瑶华。矛攒有森束，玉粒无蹉跎。纤粉妍腻质，细琼交翠柯。亭亭霄汉近，霭霭雨露多。展开全文冰碧寒夜耸，箫韶风昼罗。烟含胧胧影，月泛鳞鳞波。鸾凤一已顾，燕雀永不过。幽姿媚庭实，颢气爽天涯。峻节高转露，贞筠寒更佳。托身仙坛上，灵物神所呵。时与天籁合，日闻阳春歌。应怜孤生者，摧折成病痾。
[唐]元稹,《代杭人作使君一朝去二首》,使君一朝去，遗爱在人口。惠化境内春，才名天下首。为问龚黄辈，兼能作诗否。展开全文使君一朝去，断肠如剉檗。无复见冰壶，唯应镂金石。自此一州人，生男尽名白。
[唐]元稹,《琵琶》,学语胡儿撼玉玲，甘州破里最星星。使君自恨常多事，不得工夫夜夜听。
[唐]元稹,《送王协律游杭越十韵》,去去莫凄凄，馀杭接会稽。松门天竺寺，花洞若耶溪。浣渚逢新艳，兰亭识旧题。山经秦帝望，垒辨越王栖。展开全文江树春常早，城楼月易低。镜呈湖面出，云叠海潮齐。章甫官人戴，莼丝姹女提。长干迎客闹，小市隔烟迷。纸乱红蓝压，瓯凝碧玉泥。荆南无抵物，来日为侬携。
[唐]元稹,《酬乐天东南行诗一百韵》,我病方吟越，君行已过湖。去应缘直道，哭不为穷途。亚竹寒惊牖，空堂夜向隅。暗魂思背烛，危梦怯乘桴。展开全文坐痛筋骸憯，旁嗟物候殊。雨蒸虫沸渭，浪涌怪睢盱。索绠飘蚊蚋，蓬麻甃舳舻。短檐苫稻草，微俸封渔租。泥浦喧捞蛤，荒郊险斗貙。鲸吞近溟涨，猿闹接黔巫。芒屩泅牛妇，丫头荡桨夫。酢醅荷裹卖，醨酒水淋沽。舞态翻鸲鹆，歌词咽鹧鸪。夷音啼似笑，蛮语谜相呼。江郭船添店，山城木竖郛。吠声沙市犬，争食墓林乌。犷俗诚堪惮，妖神甚可虞。欲令仁渐及，已被疟潜图。膳减思调鼎，行稀恐蠹枢。杂莼多剖鳝，和黍半蒸菰。绿粽新菱实，金丸小木奴。芋羹真暂淡，飀炙漫涂苏。炰鳖那胜羜，烹鯄只似鲈。楚风轻似蜀，巴地湿如吴。气浊星难见，州斜日易晡。通宵但云雾，未酉即桑榆。瘴窟蛇休蛰，炎溪暑不徂。伥魂阴叫啸，鵩貌昼踟蹰。乡里家藏蛊，官曹世乏儒。敛缗偷印信，传箭作符繻。椎髻抛巾帼，镩刀代辘轳。当心鞙铜鼓，背弝射桑弧。岂复民氓料，须将鸟兽驱。是非浑并漆，词讼敢研朱。陋室鸮窥伺，衰形蟒觊觎。鬓毛霜点合，襟泪血痕濡。倍忆京华伴，偏忘我尔躯。谪居今共远，荣路昔同趋。科试铨衡局，衙参典校厨。月中分桂树，天上识昌蒲。应召逢鸿泽，陪游值赐酺。心唯撞卫磬，耳不乱齐竽。海岱词锋截，皇王笔阵驱。疾奔凌騕褭，高唱轧吴歈。点检张仪舌，提携傅说图。摆囊看利颖，开颔出明珠。并取千人特，皆非十上徒。白麻云色腻，墨诏电光粗。众口贪归美，何颜敢妒姝。秦台纳红旭，酆匣洗黄垆。谏猎宁规避，弹豪讵嗫嚅。肺肝憎巧曲，蹊径绝萦迂。誓遣朝纲振，忠饶翰苑输。骥调方汗血，蝇点忽成卢。遂谪栖遑掾，还飞送别盂。痛嗟亲爱隔，颠望友朋扶。狸病翻随鼠，骢羸返作驹。物情良徇俗，时论太诬吾。瓶罄罍偏耻，松摧柏自枯。虎虽遭陷阱，龙不怕泥涂。重喜登贤苑，方欣佐伍符。判身入矛戟，轻敌比锱铢。驿骑来千里，天书下九衢。因教罢飞檄，便许到皇都。舟败罂浮汉，骖疲杖过邘。邮亭一萧索，烽候各崎岖。馈饷人推辂，谁何吏执殳。拔家逃力役，连锁责逋诛。防戍兄兼弟，收田妇与姑。缣缃工女竭，青紫使臣纡。望国参云树，归家满地芜。破窗尘，幽院鸟呜呜。ll祖竹丛新笋，孙枝压旧梧。晚花狂蛱蝶，残蒂宿茱萸。始悟摧林秀，因衔避缴芦。文房长遣闭，经肆未曾铺。鹓鹭方求侣，鸱鸢已吓雏。征还何郑重，斥去亦须臾。迢递投遐徼，苍黄出奥区。通川诚有咎，湓口定无辜。利器从头匣，刚肠到底刳。薰莸任盛贮，稊稗莫超逾。公干经时卧，钟仪几岁拘。光阴流似水，蒸瘴热于炉。薄命知然也，深交有矣夫。救焚期骨肉，投分刻肌肤。二妙驰轩陛，三英咏袴襦。李多嘲蝘蜓，窦数集蜘蛛。数子皆奇货，唯予独朽株。邯郸笑匍匐，燕蒯受揶揄。懒学三闾愤，甘齐百里愚。耽眠稀醒素，凭醉少嗟吁。学问徒为尔，书题尽已于。别犹多梦寐，情尚感凋枯。近喜司戎健，寻伤掌诰徂。士元名位屈，伯道子孙无。旧好飞琼翰，新诗灌玉壶。几催闲处泣，终作苦中娱。廉蔺声相让，燕秦势岂俱。此篇应绝倒，休漫捋髭须。
[唐]元稹,《重夸州宅旦暮景色，兼酬前篇末句》,仙都难画亦难书，暂合登临不合居。绕郭烟岚新雨后，满山楼阁上灯初。人声晓动千门辟，湖色宵涵万象虚。展开全文为问西州罗刹岸，涛头冲突近何如。
[唐]元稹,《和李校书新题乐府十二首·驯犀》,建中之初放驯象，远归林邑近交广。兽返深山鸟构巢，鹰雕鹞鹘无羁鞅。贞元之岁贡驯犀，上林置圈官司养。展开全文玉盆金栈非不珍，虎啖狴牢鱼食网。渡江之橘逾汶貉，反时易性安能长。腊月北风霜雪深，踡跼鳞身遂长往。行地无疆费传驿，通天异物罹幽枉。乃知养兽如养人，不必人人自敦奖。不扰则得之于理，不夺有以多于赏。脱衣推食衣食之，不若男耕女令纺。尧民不自知有尧，但见安闲聊击壤。前观驯象后驯犀，理国其如指诸掌。
[唐]元稹,《雪天》,故乡千里梦，往事万重悲。小雪沉阴夜，闲窗老病时。独闻归去雁，偏咏别来诗。惭愧红妆女，频惊两鬓丝。
[唐]元稹,《和李校书新题乐府十二首·骠国乐》,骠之乐器头象驼，音声不合十二和。促舞跳趫筋节硬，繁辞变乱名字讹。千弹万唱皆咽咽，左旋右转空傞傞。展开全文俯地呼天终不会，曲成调变当如何。德宗深意在柔远，笙镛不御停娇娥。史馆书为朝贡传，太常编入鞮靺科。古时陶尧作天子，逊遁亲听康衢歌。又遣遒人持木铎，遍采讴谣天下过。万人有意皆洞达，四岳不敢施烦苛。尽令区中击壤块，燕及海外覃恩波。秦霸周衰古官废，下堙上塞王道颇。共矜异俗同声教，不念齐民方荐瘥。传称鱼鳖亦咸若，苟能效此诚足多。借如牛马未蒙泽，岂在抱瓮滋鼋鼍。教化从来有源委，必将泳海先泳河。是非倒置自古有，骠兮骠兮谁尔诃。
[唐]元稹,《和李校书新题乐府十二首·胡旋女》,天宝欲末胡欲乱，胡人献女能胡旋。旋得明王不觉迷，妖胡奄到长生殿。胡旋之义世莫知，胡旋之容我能传。展开全文蓬断霜根羊角疾，竿戴朱盘火轮炫。骊珠迸珥逐飞星，虹晕轻巾掣流电。潜鲸暗吸笡波海，回风乱舞当空霰。万过其谁辨终始，四座安能分背面。才人观者相为言，承奉君恩在圆变。是非好恶随君口，南北东西逐君眄，柔软依身著佩带，裴回绕指同环钏。佞臣闻此心计回，荧惑君心君眼眩。君言似曲屈为钩，君言好直舒为箭。巧随清影触处行，妙学春莺百般啭。倾天侧地用君力，抑塞周遮恐君见。翠华南幸万里桥，玄宗始悟坤维转。寄言旋目与旋心，有国有家当共谴。
[唐]元稹,《山枇杷》,山枇杷，花似牡丹殷泼血。往年乘传过青山，正值山花好时节。压枝凝艳已全开，映叶香苞才半裂。展开全文紧搏红袖欲支颐，慢解绛囊初破结。金线丛飘繁蕊乱，珊瑚朵重纤茎折。因风旋落裙片飞，带日斜看目精热。亚水依岩半倾侧，笼云隐雾多愁绝。绿珠语尽身欲投，汉武眼穿神渐灭。秾姿秀色人皆爱，怨媚羞容我偏别。说向闲人人不听，曾向乐天时一说。昨来谷口先相问，及到山前已消歇。左降通州十日迟，又与幽花一年别。山枇杷，尔托深山何太拙。天高万里看不精，帝在九重声不彻。园中杏树良人醉，陌上柳枝年少折。因尔幽芳喻昔贤，磻谿冷坐权门咽。
[唐]元稹,《梦昔时》,闲窗结幽梦，此梦谁人知。夜半初得处，天明临去时。山川已久隔，云雨两无期。何事来相感，又成新别离。
[唐]元稹,《酬哥舒大少府寄同年科第》,前年科第偏年少，未解知羞最爱狂。九陌争驰好鞍马，八人同著彩衣裳。自言行乐朝朝是，岂料浮生渐渐忙。展开全文赖得官闲且疏散，到君花下忆诸郎。
[唐]元稹,《蔷薇架》,五色阶前架，一张笼上被。殷红稠叠花，半绿鲜明地。风蔓罗裙带，露英莲脸泪。多逢走马郎，可惜帘边思。
[唐]元稹,《新秋》,旦暮已凄凉，离人远思忙。夏衣临晓薄，秋影入檐长。前事风随扇，归心燕在梁。殷勤寄牛女，河汉正相望。
[唐]元稹,《晚春》,昼静帘疏燕语频，双双斗雀动阶尘。柴扉日暮随风掩，落尽闲花不见人。
[唐]元稹,《白衣裳二首》,雨湿轻尘隔院香，玉人初著白衣裳。半含惆怅闲看绣，一朵梨花压象床。展开全文藕丝衫子柳花裙，空著沈香慢火熏。闲倚屏风笑周昉，枉抛心力画朝云。
[唐]元稹,《筝》,莫愁私地爱王昌，夜夜筝声怨隔墙。火凤有凰求不得，春莺无伴啭空长。急挥舞破催飞燕，慢逐歌词弄小娘。展开全文死恨相如新索妇，枉将心力为他狂。
[唐]元稹,《智度师二首》,四十年前马上飞，功名藏尽拥禅衣。石榴园下擒生处，独自闲行独自归。展开全文三陷思明三突围，铁衣抛尽衲禅衣。天津桥上无人识，闲凭栏干望落晖。
[唐]元稹,《忆云之》,为鱼实爱泉，食辛宁避蓼。人生既相合，不复论窕窕。沧海良有穷，白日非长皎。何事一人心，各在四方表。展开全文泛若逐水萍，居为附松茑。流浪随所之，萦纡牵所绕。百龄颇跼促，况复迷寿夭。芟发君已衰，冠岁予非小。娱乐不及时，暮年壮心少。感此幽念绵，遂为长悄悄。中庭草木春，历乱递相扰。奇树花冥冥，竹竿凤褭褭。幽芳被兰径，安得寄天杪。万里潇湘魂，夜夜南枝鸟。
[唐]元稹,《元和五年予官不了，罚俸西归，三月六日至陝》,小年闲爱春，认得春风意。未有花草时，先醲晓窗睡。霞朝澹云色，霁景牵诗思。渐到柳枝头，川光始明媚。展开全文长安车马客，倾心奉权贵。昼夜尘土中，那言早春至。此时我独游，我游有伦次。闲行曲江岸，便宿慈恩寺。扣林引寒龟，疏丛出幽翠。凌晨过杏园，晓露凝芳气。初阳好明净，嫩树怜低庳。排房似缀珠，欲啼红脸泪。新莺语娇小，浅水光流利。冷饮空腹杯，因成日高醉。酒醒闻饭钟，随僧受遗施。餐罢还复游，过从上文记。行逢二月半，始足游春骑。是时春已老，我游亦云既。藤开九华观，草结三条隧。新笋踊犀株，落梅翻蝶翅。名倡绣毂车，公子青丝辔。朝士还旬休，豪家得春赐。提携好音乐，翦铲空田地。同占杏花园，喧阗各丛萃。顾予烦寝兴，复往散憔悴。倦仆色肌羸，蹇驴行跛痹。春衫未成就，冬服渐尘腻。倾盖吟短章，书空忆难字。遥闻公主笑，近被王孙戏。邀我上华筵，横头坐宾位。那知我年少，深解酒中事。能唱犯声歌，偏精变筹义。含词待残拍，促舞递繁吹。叫噪掷投盘，生狞摄觥使。逡巡光景晏，散乱东西异。古观闭闲门，依然复幽閟。无端矫情性，漫学求科试。薄艺何足云，虚名偶频遂。拾遗天子前，密奏升平议。召见不须臾，憸庸已猜忌。朝陪香案班，暮作风尘尉。去岁又登朝，登为柏台吏。台官相束缚，不许放情志。寓直劳送迎，上堂烦避讳。分司在东洛，所职尤不易。罚俸得西归，心知受朝庇。常山攻小寇，淮右择良帅。国难身不行，劳生欲何为。吾兄谙性灵，崔子同臭味。投此挂冠词，一生还自恣。
[唐]元稹,《送王十一郎游剡中》,越州都在浙河湾，尘土消沉景象闲。百里油盆镜湖水，千峰钿朵会稽山。军城楼阁随高下，禹庙烟霞自往还。展开全文想得玉郎乘画舸，几回明月坠云间。
[唐]元稹,《寄刘颇二首》,平生嗜酒颠狂甚，不许诸公占丈夫。唯爱刘君一片胆，近来还敢似人无。展开全文前年碣石烟尘起，共看官军过洛城。无限公卿因战得，与君依旧绿衫行。
[唐]元稹,《晨起送使，病不行，因过王十一馆居二首》,自笑今朝误夙兴，逢他御史疟相仍。过君未起房门掩，深映寒窗一盏灯。展开全文密宇深房小火炉，饭香鱼熟近中厨。野人爱静仍耽寝，自问黄昏肯去无。
[唐]元稹,《游三寺回，呈上府主严司空，时因寻寺，道出》,谢公恣纵颠狂掾，触处闲行许自由。举板支颐对山色，当筵吹帽落台头。贪缘稽首他方佛，无暇精心满县囚。展开全文莫责寻常吐茵吏，书囊赤白报君侯。
[唐]元稹,《卢头陀诗》,卢师深话出家由，剃尽心花始剃头。马哭青山别车匿，鹊飞螺髻见罗睺。还来旧日经过处，似隔前身梦寐游。展开全文为向八龙兄弟说，他生缘会此生休。
[唐]元稹,《花栽二首》,买得山花一两栽，离乡别土易摧颓。欲知北客居南意，看取南花北地来。展开全文南花北地种应难，且向船中尽日看。纵使将来眼前死，犹胜抛掷在空栏。
[唐]元稹,《落月》,落月沉馀影，阴渠流暗光。蚊声霭窗户，萤火绕屋梁。飞幌翠云薄，新荷清露香。不吟复不寐，竟夕池水傍。
[唐]元稹,《顺宗至德大圣大安孝皇帝挽歌词三首》,不改延洪祚，因成揖让朝。讴歌同戴启，遏密共思尧。雨露施恩广，梯航会葬遥。号弓那独切，曾感昔年招。展开全文前春文祖庙，大舜嗣尧登。及此逾年感，还因是月崩。寿缘追孝促，业在继明兴。俭诏同今古，山川绕灞陵。七月悲风起，凄凉万国人。羽仪经巷内，輼转城闉。ǖ暝色依陵早，秋声入辂新。自嗟同草木，不识永贞春。
[唐]元稹,《新政县》,新政县前逢月夜，嘉陵江底看星辰。已闻城上三更鼓，不见心中一个人。须鬓暗添巴路雪，衣裳无复帝乡尘。展开全文曾沾几许名兼利，劳动生涯涉苦辛。
[唐]元稹,《酬乐天叹损伤见寄》,前途何在转茫茫，渐老那能不自伤。病为怕风多睡月，起因花药暂扶床。函关气索迷真侣，峡水波翻碍故乡。展开全文唯有秋来两行泪，对君新赠远诗章。
[唐]元稹,《黄草峡听柔之琴二首》,胡笳夜奏塞声寒，是我乡音听渐难。料得小来辛苦学，又因知向峡中弹。展开全文别鹤凄清觉露寒，离声渐咽命雏难。怜君伴我涪州宿，犹有心情彻夜弹。
[唐]元稹,《奉和权相公行次临阙驿，逢郑仆射相公归朝，》,帝下赤霄符，搜求造化炉。中台归内座，太一直南都。黄霸乘轺入，王尊叱驭趋。万人东道送，六纛北风驱。展开全文栈阁才倾盖，关门已合繻。贯鱼行逦迤，交马语踟蹰。去速熊罴兆，来驰虎豹夫。昔怜三易地，今讶两分途。别路环山雪，离章运寸珠。锋铓断犀兕，波浪没蓬壶。区宇声虽动，淮河孽未诛。将军遥策画，师氏密訏谟。汉上坛仍筑，褒西阵再图。公方先二虏，何暇进愚儒。
[唐]元稹,《夜饮》,灯火隔帘明，竹梢风雨声。诗篇随意赠，杯酒越巡行。漫唱江朝曲，闲征药草名。莫辞终夜饮，朝起又营营。
[唐]元稹,《褒城驿》,严秦修此驿，兼涨驿前池。已种千竿竹，又栽千树梨。四年三月半，新笋晚花时。怅望东川去，等闲题作诗。
[唐]元稹,《寄胡灵之》,早岁颠狂伴，城中共几年。有时潜步出，连夜小亭眠。月影侵床上，花丛在眼前。今宵正风雨，空宅楚江边。
[唐]元稹,《诮卢戡与予数约游三寺，戡独沉醉而不行》,乘兴无羁束，闲行信马蹄。路幽穿竹远，野迥望云低。素帚茅花乱，圆珠稻实齐。如何卢进士，空恋醉如泥。
[唐]元稹,《洞庭湖》,人生除泛海，便到洞庭波。驾浪沉西日，吞空接曙河。虞巡竟安在，轩乐讵曾过。唯有君山下，狂风万古多。
[唐]元稹,《别岭南熊判官》,十年常远道，不忍别离声。况复三巴外，仍逢万里行。桐花新雨气，梨叶晚春晴。到海知何日，风波从此生。
[唐]元稹,《和李校书新题乐府十二首·蛮子朝》,西南六诏有遗种，僻在荒陬路寻壅。部落支离君长贱，比诸夷狄为幽冗。犬戎强盛频侵削，降有愤心战无勇。展开全文夜防抄盗保深山，朝望烟尘上高冢。鸟道绳桥来款附，非因慕化因危悚。清平官系金呿嵯，求天叩地持双珙。益州大将韦令公，顷实遭时定汧陇。自居剧镇无他绩，幸得蛮来固恩宠。为蛮开道引蛮朝，迎蛮送蛮常继踵。天子临轩四方贺，朝廷无事唯端拱。漏天走马春雨寒，泸水飞蛇瘴烟重。椎头丑类除忧患，肿足役夫劳汹涌。匈奴互市岁不供，云蛮通好辔长骕。戎王养马渐多年，南人耗悴西人恐。
[唐]元稹,《有鸟二十章》,有鸟有鸟名老鸱，鸱张贪很老不衰。似鹰指爪唯攫肉，戾天羽翮徒翰飞。朝偷暮窃恣昏饱，后顾前瞻高树枝。展开全文珠丸弹射死不去，意在护巢兼护儿。有鸟有鸟毛似鹤，行步虽迟性灵恶。主人但见闲慢容，行占蓬莱最高阁。弱羽长忧俊鹘拳，疽肠暗著鹓雏啄。千年不死伴灵龟，枭心鹤貌何人觉。有鸟有鸟如鹳雀，食蛇抱天姿恶。0行经水浒为毒流，羽拂酒杯为死药。汉后忍渴天岂知，骊姬坟地君宁觉。呜呼为有白色毛，亦得乘轩谬称鹤。有鸟有鸟名为鸠，毛衣软毳心性柔。鹘缘暖足怜不吃，鹞为同科曾共游。飞飞渐上高高阁，百鸟不猜称好逑。佳人许伴鹓雏食，望尔化为张氏钩。有鸟有鸟名野鸡，天姿耿介行步齐。主人偏养怜整顿，玉粟充肠瑶树栖。池塘潜狎不鸣雁，津梁暗引无用鹈。秋鹰迸逐霜鹘远，鵩鸟护巢当昼啼。主人频问遣妖术，力尽计穷音响凄。当时何不早量分，莫遣辉光深照泥。有鸟有鸟群翠碧，毛羽短长心并窄。皆曾偷食渌池鱼，前去后来更逼迫。食鱼满腹各自飞，池上见人长似客。飞飞竞占嘉树林，百鸟不争缘凤惜。有鸟有鸟群纸鸢，因风假势童子牵。去地渐高人眼乱，世人为尔羽毛全。风吹绳断童子走，馀势尚存犹在天。愁尔一朝还到地，落在深泥谁复怜。有鸟有鸟名啄木，木中求食常不足。偏啄邓林求一虫，虫孔未穿长觜秃。木皮已穴虫在心，虫蚀木心根柢覆。可怜树上百鸟儿，有时飞向新林宿。有鸟有鸟众蝙蝠，长伴佳人占华屋。妖鼠多年羽翮生，不辨雌雄无本族。穿墉伺隙善潜身，昼伏宵飞恶明烛。大厦虽存柱石倾，暗啮栋梁成蠹木。有鸟有鸟名为鸮，深藏孔穴难动摇。鹰鹯绕树探不得，随珠弹尽声转娇。主人烦惑罢擒取，许占神林为物妖。当时幸有燎原火，何不鼓风连夜烧。有鸟有鸟名燕子，口中未省无泥滓。春风吹送廊庑间，秋社驱将嵌孔里。雷惊雨洒一时苏，云压霜摧半年死。驱去驱来长信风，暂托栋梁何用喜。有鸟有鸟名老乌，贪痴突悖天下无。田中攫肉吞不足，偏入诸巢探众雏。归来仍占主人树，腹饱巢高声响粗。山鸦野鹊闲受肉，凤凰不得闻罪辜。秋鹰掣断架上索，利爪一挥毛血落。可怜鸦鹊慕腥膻，犹向巢边竞纷泊。有鸟有鸟谓白鹇，雪毛皓白红觜殷。贵人妾妇爱光彩，行提坐臂怡朱颜。妖姬谢宠辞金屋，雕笼又伴新人宿。无心为主拟衔花，空长白毛映红肉。有鸟有鸟群雀儿，中庭啄粟篱上飞。秋鹰欺小嫌不食，凤凰容众从尔随。大鹏忽起遮白日，馀风簸荡山岳移。翩翾百万徒惊噪，扶摇势远何由知。古来妄说衔花报，纵解衔花何所为。可惜官仓无限粟，伯夷饿死黄口肥。有鸟有鸟皆百舌，舌端百啭声咄。-先春尽学百鸟啼，真伪不分听者悦。伶伦凤律乱宫商，盘木天鸡误时节。朝朝暮暮主人耳，桃李无言管弦咽。五月炎光朱火盛，阳焰烧阴幽响绝。安知不是卷舌星，化作刚刀一时截。有鸟有鸟毛羽黄，雄者为鸳雌者鸯。主人并养七十二，罗列雕笼开洞房。雄鸣一声雌鼓翼，夜不得栖朝不食。气息榻然双翅垂，犹入笼中就颜色。有鸟有鸟名鹞雏，铃子眼睛苍锦襦。贵人腕软怜易臂，奋肘一挥前后呼。俊鹘无由拳狡兔，金雕不得擒魅狐。文王长在苑中猎，何日非熊休卖屠。有鸟有鸟名鹦鹉，养在雕笼解人语。主人曾问私所闻，因说妖姬暗欺主。主人方惑翻见疑，趁归陇底双翅垂。山鸦野雀怪鹦语，竞噪争窥无已时。君不见隋朝陇头姥，娇养双鹦嘱新妇。一鹦曾说妇无仪，悍妇杀鹦欺主母。一鹦闭口不复言，母问不言何太久。鹦言悍妇杀鹦由，母为逐之乡里丑。当时主母信尔言，顾尔微禽命何有。今之主人翻尔疑，何事笼中漫开口。有鸟有鸟名俊鹘，鹞小雕痴俊无匹。雏鸭拂爪血迸天，狡兔中拳头粉骨。平明度海朝未食，拔上秋空云影没。瞥然飞下人不知，搅碎荒城魅狐窟。有鸟有鸟真白鹤，飞上九霄云漠漠。司晨守夜悲鸡犬，啄腐吞腥笑雕鹗。尧年值雪度关山，晋室闻琴下寥廓。辽东尽尔千岁人，怅望桥边旧城郭。
[唐]元稹,《嘉陵水》,尔是无心水，东流有恨无。我心无说处，也共尔何殊。
[唐]元稹,《厅前柏》,厅前柏，知君曾对罗希奭。我本癫狂耽酒人，何事与君为对敌。为对敌，洛阳城中花赤白。花赤白，展开全文囚渐多，花之赤白奈尔何。
[唐]元稹,《代杭民答乐天》,翠幕笼斜日，朱衣俨别筵。管弦凄欲罢，城郭望依然。路溢新城市，农开旧废田。春坊幸无事，何惜借三年。
[唐]元稹,《曹十九舞绿钿》,急管清弄频，舞衣才揽结。含情独摇手，双袖参差列。騕褭柳牵丝，炫转风回雪。凝眄娇不移，往往度繁节。
[唐]元稹,《春鸠》,春鸠与百舌，音响讵同年。如何一时语，俱得春风怜。犹知化工意，当春不生蝉。免教争叫噪，沸渭桃花前。
[唐]元稹,《桐花》,胧月上山馆，紫桐垂好阴。可惜暗澹色，无人知此心。舜没苍梧野，凤归丹穴岑。遗落在人世，光华那复深。展开全文年年怨春意，不竞桃杏林。唯占清明后，牡丹还复侵。况此空馆闭，云谁恣幽寻。徒烦鸟噪集，不语山嶔岑。满院青苔地，一树莲花簪。自开还自落，暗芳终暗沈。尔生不得所，我愿裁为琴。安置君王侧，调和元首音。安问宫徵角，先辨雅郑淫。宫弦春以君，君若春日临。商弦廉以臣，臣作旱天霖。人安角声畅，人困斗不任。羽以类万物，祆物神不歆。徵以节百事，奉事罔不钦。五者苟不乱，天命乃可忱。君若问孝理，弹作梁山吟。君若事宗庙，拊以和球琳。君若不好谏，愿献触疏箴。君若不罢猎，请听荒于禽。君若侈台殿，雍门可沾襟。君若傲贤隽，鹿鸣有食芩。君闻祈招什，车马勿駸駸。君若欲败度，中有式如金。君闻薰风操，志气在愔愔。中有阜财语，勿受来献賝。北里当绝听，祸莫大于淫。南风苟不竞，无往遗之擒。奸声不入耳，巧言宁孔壬。枭音亦云革，安得沴与祲。天子既穆穆，群材亦森森。剑士还农野，丝人归织纴。丹凤巢阿阁，文鱼游碧浔。和气浃寰海，易若溉蹄涔。改张乃可鼓，此语无古今。非琴独能尔，事有谕因针。感尔桐花意，闲怨杳难禁。待我持斤斧，置君为大琛。
[唐]元稹,《友封体》,雨送浮凉夏簟清，小楼腰褥怕单轻。微风暗度香囊转，胧月斜穿隔子明。桦烛焰高黄耳吠，柳堤风静紫骝声。展开全文频频闻动中门锁，桃叶知嗔未敢迎。
[唐]元稹,《奉和浙西大夫李德裕述梦四十韵，大夫本题言》,闻有池塘什，还因梦寐遭。攀禾工类蔡，咏豆敏过曹。庄蝶玄言秘，罗禽藻思高。戈矛排笔阵，貔虎让文韬。展开全文彩缋鸾凰颈，权奇骥騄髦。神枢千里应，华衮一言褒。李广留飞箭，王祥得佩刀。传乘司隶马，继染翰林毫。辨颖□超脱，词锋岂足櫜。金刚锥透玉，镔铁剑吹毛。顾我曾陪附，思君正郁陶。近酬新乐录，仍寄续离骚。阿阁偏随凤，方壶共跨鳌。借骑银杏叶，横赐锦垂萄。冰井分珍果，金瓶贮御醪。独辞珠有戒，廉取玉非叨。麦纸侵红点，兰灯焰碧高。代予言不易，承圣旨偏劳。绕月同栖鹊，惊风比夜獒。吏传开锁契，神撼引铃绦。渥泽深难报，危心过自操。犯颜诚恳恳，腾口惧忉忉。佩宠虽緺绶，安贫尚葛袍。宾亲多谢绝，延荐必英豪。分阻杯盘会，闲随寺观遨。祇园一林杏，仙洞万株桃。澥海沧波减，昆明劫火熬。未陪登鹤驾，已讣堕乌号。痛泪过江浪，冤声出海涛。尚看恩诏湿，已梦寿宫牢。再造承天宝，新持济巨篙。犹怜弊簪履，重委旧旌旄。北望心弥苦，西回首屡搔。九霄难就日，两浙仅容舠。暮竹寒窗影，衰杨古郡濠。鱼虾集橘市，鹤鹳起亭皋。朽刃休冲斗，良弓枉在弢。早弯摧虎兕，便铸垦蓬蒿。渔艇宜孤棹，楼船称万艘。量材分用处，终不学滔滔。
[唐]元稹,《赠乐天》,等闲相见销长日，也有闲时更学琴。不是眼前无外物，不关心事不经心。
[唐]元稹,《赠吕三校书》,同年同拜校书郎，触处潜行烂熳狂。共占花园争赵辟，竞添钱贯定秋娘。七年浮世皆经眼，八月闲宵忽并床。展开全文语到欲明欢又泣，傍人相笑两相伤。
[唐]元稹,《秋夕远怀》,旦夕天气爽，风飘叶渐轻。星繁河汉白，露逼衾枕清。丹鸟月中灭，莎鸡床下鸣。悠悠此怀抱，况复多远情。
[唐]元稹,《东西道》,天皇开四极，便有东西道。万古阅行人，行人几人老。顾我倦行者，息阴何不早。少壮尘事多，那言壮年好。
[唐]元稹,《寄吴士矩端公五十韵》,昔在凤翔日，十岁即相识。未有好文章，逢人赏颜色。可怜何郎面，二十才冠饰。短发予近梳，罗衫紫蝉翼。展开全文伯舅各骄纵，仁兄未摧抑。事业若杯盘，诗书甚徽纆。西州戎马地，贤豪事雄特。百万时可赢，十千良易借。寒食桐阴下，春风柳林侧。藉草送远游，列筵酬博塞。萎蕤云幕翠，灿烂红茵赩。脍缕轻似丝，香醅腻如职。将军频下城，佳人尽倾国。媚语娇不闻，纤腰软无力。歌辞妙宛转，舞态能剜刻。筝弦玉指调，粉汗红绡拭。予时最年少，专务酒中职。未能解生狞，偏矜任狂直。曲庇桃根盏，横讲捎云式。乱布斗分朋，惟新间谗慝。耻作最先吐，羞言未朝食。醉眼渐纷纷，酒声频。ww扣节参差乱，飞觥往来织。强起相维持，翻成两匍匐。边霜飒然降，战马鸣不息。但喜秋光丽，谁忧塞云黑。常随猎骑走，多在豪家匿。夜饮天既明，朝歌日还昃。荒狂岁云久，名利心潜逼。时辈多得途，亲朋屡相敕。闲因适农野，忽复爱稼穑。平生中圣人，翻然腐肠贼。亦从酒仙去，便被书魔惑。脱迹壮士场，甘心竖儒域。矜持翠筠管，敲断黄金勒。屡益兰膏灯，犹研兔枝墨。崎岖来掉荡，矫枉事沉默。隐笑甚艰难，敛容还屴崱。与君始分散，勉我劳修饰。岐路各营营，别离长恻恻。行看二十载，万事纷何极。相值或须臾，安能洞胸臆。昨来陕郊会，悲欢两难克。问我新相知，但报长相忆。岂无新知者，不及小相得。亦有生岁游，同年不同德。为别讵几时，伊予坠沟洫。大江鼓风浪，远道参荆棘。往事返无期，前途浩难测。一旦得自由，相求北山北。
[唐]元稹,《送致用》,泪沾双袖血成文，不为悲身为别君。望鹤眼穿期海外，待乌头白老江濆。遥看逆浪愁翻雪，渐失征帆错认云。展开全文欲识九回肠断处，浔阳流水逐条分。
[唐]元稹,《月临花》,临风飏飏花，透影胧胧月。巫峡隔波云，姑峰漏霞雪。镜匀娇面粉，灯泛高笼缬。夜久清露多，啼珠坠还结。
