[唐]王维,《山居秋暝》,空山新雨后，天气晚来秋。明月松间照，清泉石上流。展开全文竹喧归浣女，莲动下渔舟。随意春芳歇，王孙自可留。
[唐]王维,《送元二使安西（渭城曲）》,渭城朝雨浥轻尘，客舍青青柳色新。劝君更尽一杯酒，西出阳关无故人。
[唐]王维,《九月九日忆山东兄弟》,独在异乡为异客，每逢佳节倍思亲。遥知兄弟登高处，遍插茱萸少一人。
[唐]王维,《使至塞上》,单车欲问边，属国过居延。征蓬出汉塞，归雁入胡天。展开全文大漠孤烟直，长河落日圆。萧关逢候骑，都护在燕然。
[唐]王维,《鸟鸣涧》,人闲桂花落，夜静春山空。月出惊山鸟，时鸣春涧中。
[唐]王维,《鹿柴》,空山不见人，但闻人语响。返景入深林，复照青苔上。
[唐]王维,《竹里馆》,独坐幽篁里，弹琴复长啸。深林人不知，明月来相照。
[唐]王维,《山中送别》,山中相送罢，日暮掩柴扉。春草明年绿，王孙归不归。
[唐]王维,《送别》,下马饮君酒，问君何所之。君言不得意，归卧南山陲。展开全文但去莫复问，白云无尽时。
[唐]王维,《终南别业》,中岁颇好道，晚家南山陲。兴来每独往，胜事空自知。展开全文行到水穷处，坐看云起时。偶然值林叟，谈笑无还期。
[唐]王维,《积雨辋川庄作》,积雨空林烟火迟，蒸藜炊黍饷东菑。漠漠水田飞白鹭，阴阴夏木啭黄鹂。展开全文山中习静观朝槿，松下清斋折露葵。野老与人争席罢，海鸥何事更相疑。
[唐]王维,《终南山》,太乙近天都，连山到海隅。白云回望合，青霭入看无。展开全文分野中峰变，阴晴众壑殊。欲投人处宿，隔水问樵夫。
[唐]王维,《观猎》,风劲角弓鸣，将军猎渭城。草枯鹰眼疾，雪尽马蹄轻。展开全文忽过新丰市，还归细柳营。回看射雕处，千里暮云平。
[唐]王维,《杂诗》,君自故乡来，应知故乡事。来日绮窗前，寒梅著花未？
[唐]王维,《杂诗》,朝因折杨柳，相见洛阳隅。楚国无如妾，秦家自有夫。对人传玉腕，映烛解罗襦。人见东方骑，皆言夫婿殊。展开全文持谢金吾子，烦君提玉壶。
[唐]王维,《杂诗》,双燕初命子，五桃新作花。王昌是东舍，宋玉次西家。小小能织绮，时时出浣纱。亲劳使君问，南陌驻香车。
[唐]王维,《渭城曲》,渭城朝雨浥轻尘，客舍青青柳色新。劝君更尽一杯酒，西出阳关无故人。
[唐]王维,《相思》,红豆生南国，春来发几枝。愿君多采撷，此物最相思。
[唐]王维,《渭川田家》,斜阳照墟落，穷巷牛羊归。野老念牧童，倚杖候荆扉。展开全文雉雊麦苗秀，蚕眠桑叶稀。田夫荷锄至，相见语依依。即此羡闲逸，怅然吟式微。
[唐]王维,《过香积寺》,不知香积寺，数里入云峰。古木无人径，深山何处钟。展开全文泉声咽危石，日色冷青松。薄暮空潭曲，安禅制毒龙。
[唐]王维,《桃源行》,〔时年十九〕渔舟逐水爱山春。展开全文两岸桃花夹去（一作古）津。坐看红树不知远。行尽青溪不见人。山口潜行始隈［阝奥］。山开旷望旋平陆。遥看一处攒云树。近入千家散花竹。樵客初传汉姓名。居人未改秦衣服。居人共住武陵源。还从物外起田园。月明松下房栊静（一作净）。日出云中鸡犬喧。惊（一作忽）闻俗客争来集。竞引还家问都（一作乡）邑。平明闾巷扫花开。薄暮渔樵乘水入。初因避地去人间。及至（一作更闻）成仙遂（一作去）不还。峡里谁知有人事。世中遥望空云山。不疑灵境难闻见。尘心未尽思乡县。出洞无论隔山水。辞家终拟长游衍。自谓经过旧不迷。安知峰（一作岑）壑今来变。当时知记入山深。青溪几曲（一作度）到云林。春来遍是桃花水。不辩仙源河处寻。
[唐]王维,《桃源行》,渔舟逐水爱山春，两岸桃花夹古津。坐看红树不知远，行尽青溪不见人。展开全文山口潜行始隈隩，山开旷望旋平陆。遥看一处攒云树，近入千家散花竹。樵客初传汉姓名，居人未改秦衣服。居人共住武陵源，还从物外起田园。月明松下房栊静，日出云中鸡犬喧。惊闻俗客争来集，竞引还家问都邑。平明闾巷扫花开，薄暮渔樵乘水入。初因避地去人间，及至成仙遂不还。峡里谁知有人事，世中遥望空云山。不疑灵境难闻见，尘心未尽思乡县。出洞无论隔山水，辞家终拟长游衍。自谓经过旧不迷，安知峰壑今来变。当时只记入山深，青溪几度到云林。春来遍是桃花水，不辨仙源何处寻。
[唐]王维,《山中》,荆溪白石出，天寒红叶稀。山路元无雨，空翠湿人衣。
[唐]王维,《西施咏》,艳色天下重，西施宁久微。朝为越溪女，暮作吴宫妃。展开全文贱日岂殊众，贵来方悟稀。邀人傅香粉，不自著罗衣。君宠益娇态，君怜无是非。当时浣纱伴，莫得同车归。持谢邻家子，效颦安可希。
[唐]王维,《少年行》,一身能擘两雕弧，虏骑千重只似无。偏坐金鞍调白羽，纷纷射杀五单于。
[唐]王维,《汉江临泛》,楚塞三湘接，荆门九派通。江流天地外，山色有无中。展开全文郡邑浮前浦，波澜动远空。襄阳好风日，留醉与山翁。
[唐]王维,《辛夷坞》,木末芙蓉花，山中发红萼。涧户寂无人，纷纷开且落。
[唐]王维,《青溪》,〔一作过青溪水作〕言入黄花川。展开全文每逐青溪水。随山将万转。趣途无百里。声喧乱石中。色静深松里。漾（一作演）漾泛菱荇。澄澄映葭苇。我心素已闲。清川（一作明）澹如此。请留盘石上。垂钓将已矣。
[唐]王维,《青溪》,言入黄花川，每逐青溪水。随山将万转，趣途无百里。展开全文声喧乱石中，色静深松里。漾漾泛菱荇，澄澄映葭苇。我心素已闲，清川澹如此。请留磐石上，垂钓将已矣。
[唐]王维,《老将行》,少年十五二十时，步行夺得胡马骑。射杀中山白额虎，肯数邺下黄须儿。一身转战三千里，一剑曾当百万师。展开全文汉兵奋迅如霹雳，虏骑崩腾畏蒺藜。卫青不败由天幸，李广无功缘数奇。自从弃置便衰朽，世事蹉跎成白首。昔时飞箭无全目，今日垂杨生左肘。路傍时卖故侯瓜，门前学种先生柳。苍茫古木连穷巷，寥落寒山对虚牖。誓令疏勒出飞泉，不似颍川空使酒。贺兰山下阵如云，羽檄交驰日夕闻。节使三河募年少，诏书五道出将军。试拂铁衣如雪色，聊持宝剑动星文。愿得燕弓射天将，耻令越甲鸣吴军。莫嫌旧日云中守，犹堪一战取功勋。
[唐]王维,《老将行》,少年十五二十时，步行夺得胡马骑。射杀中山白额虎，肯数邺下黄须儿。展开全文一身转战三千里，一剑曾当百万师。汉兵奋迅如霹雳，虏骑崩腾畏蒺藜。卫青不败由天幸，李广无功缘数奇。自从弃置便衰朽，世事蹉跎成白首。昔时飞箭无全目，今日垂杨生左肘。路旁时卖故侯瓜，门前学种先生柳。苍茫古木连穷巷，寥落寒山对虚牖。誓令疏勒出飞泉，不似颍川空使酒。贺兰山下阵如云，羽檄交驰日夕闻。节使三河募年少，诏书五道出将军。试拂铁衣如雪色，聊持宝剑动星文。愿得燕弓射天将，耻令越甲鸣吴军。莫嫌旧日云中守，犹堪一战取功勋。
[唐]王维,《辋川闲居赠裴秀才迪》,寒山转苍翠，秋水日潺湲。倚杖柴门外，临风听暮蝉。展开全文渡头馀落日，墟里上孤烟。复值接舆醉，狂歌五柳前。
[唐]王维,《归嵩山作》,清川带长薄，车马去闲闲。流水如有意，暮禽相与还。展开全文荒城临古渡，落日满秋山。迢递嵩高下，归来且闭关。
[唐]王维,《送梓州李使君》,万壑树参天，千山响杜鹃。山中一夜雨，树杪百重泉。展开全文汉女输橦布，巴人讼芋田。文翁翻教授，不敢倚先贤。
[唐]王维,《酬张少府》,晚年唯好静，万事不关心。自顾无长策，空知返旧林。展开全文松风吹解带，山月照弹琴。君问穷通理，渔歌入浦深。
[唐]王维,《洛阳女儿行》,洛阳女儿对门居，才可颜容十五余。良人玉勒乘骢马，侍女金盘脍鲤鱼。展开全文画阁朱楼尽相望，红桃绿柳垂檐向。罗帷送上七香车，宝扇迎归九华帐。狂夫富贵在青春，意气骄奢剧季伦。自怜碧玉亲教舞，不惜珊瑚持与人。春窗曙灭九微火，九微片片飞花琐。戏罢曾无理曲时，妆成祗是熏香坐。城中相识尽繁华，日夜经过赵李家。谁怜越女颜如玉，贫贱江头自浣纱。
[唐]王维,《从军行》,吹角动行人。喧喧行人起。展开全文笳悲（一作应）马嘶乱。争渡金（一作黄）河水。日暮沙漠陲。战声（一作力战）烟尘里。尽系名王颈。归来献（一作报）天子。
[唐]王维,《送綦毋潜落第还乡》,〔一作送别〕圣代无隐者。展开全文英灵尽来归。遂令东山客。不得顾采薇。既至君（一作金）门远。孰云吾道非。江淮度寒食。京洛（一作兆）缝春衣。置酒临长道（一作长安道。一作长亭送）。同心与我违。行当浮桂棹。未几拂荆扉。远树带行客。孤村（一作城）当落晖。吾谋适不用。勿谓知音稀。
[唐]王维,《送綦毋潜落第还乡》,圣代无隐者，英灵尽来归。遂令东山客，不得顾采薇。展开全文既至金门远，孰云吾道非？江淮度寒食，京洛缝春衣。置酒临长道，同心与我违。行当浮桂棹，未几拂荆扉。远树带行客，孤城当落晖。吾谋适不用，勿谓知音稀。
[唐]王维,《秋夜曲》,桂魄初生秋露微，轻罗已薄未更衣。银筝夜久殷勤弄，心怯空房不忍归。
[唐]王维,《新晴野望》,新晴原野旷，极目无氛垢。郭门临渡头，村树连溪口。展开全文白水明田外，碧峰出山後。农月无闲人，倾家事南亩。
[唐]王维,《和贾至舍人早朝大明宫之作》,绛帻鸡人送晓筹，尚衣方进翠云裘。九天阊阖开宫殿，万国衣冠拜冕旒。展开全文日色才临仙掌动，香烟欲傍衮龙浮。朝罢须裁五色诏，佩声归向凤池头。
[唐]王维,《书事》,轻阴阁小雨，深院昼慵开。坐看苍苔色，欲上人衣来。
[唐]王维,《息夫人》,莫以今时宠，能忘旧日恩。看花满眼泪，不共楚王言。
[唐]王维,《夷门歌》,七雄雄雌犹未分，攻城杀将何纷纷。秦兵益围邯郸急，魏王不救平原君。展开全文公子为嬴停驷马，执辔愈恭意愈下。亥为屠肆鼓刀人，嬴乃夷门抱关者。非但慷慨献良谋，意气兼将身命酬。向风刎颈送公子，七十老翁何所求。
[唐]王维,《夷门歌》,七雄雄雌犹未分，攻城杀将何纷纷。秦兵益围邯郸急，魏王不救平原君。公子为嬴停驷马，执辔愈恭意愈下。展开全文亥为屠肆鼓刀人，嬴乃夷门抱关者。非但慷慨献良谋，意气兼将身命酬。向风刎颈送公子，七十老翁何所求。
[唐]王维,《春中田园作》,屋上春鸠鸣，村边杏花白。持斧伐远扬，荷锄觇泉脉。展开全文归燕识故巢，旧人看新历。临觞忽不御，惆怅远行客。
[唐]王维,《酬郭给事》,洞门高阁霭余辉，桃李阴阴柳絮飞。禁里疏钟官舍晚，省中啼鸟吏人稀。展开全文晨摇玉佩趋金殿，夕奉天书拜琐闱。强欲从君无那老，将因卧病解朝衣。
[唐]王维,《陇西行》,十里一走马，五里一扬鞭。都护军书至，匈奴围酒泉。展开全文关山正飞雪，烽戍断无烟。
[唐]王维,《栾家濑》,飒飒秋雨中，浅浅石溜泻。跳波自相溅，白鹭惊复下。
[唐]王维,《出塞作》,居延城外猎天骄，白草连山野火烧。暮云空碛时驱马，秋日平原好射雕。展开全文护羌校尉朝乘障，破虏将军夜渡辽。玉靶角弓珠勒马，汉家将赐霍嫖姚。
[唐]王维,《送秘书晁监还日本国》,积水不可极，安知沧海东。九州何处远，万里若乘空。展开全文向国唯看日，归帆但信风。鳌身映天黑，鱼眼射波红。乡树扶桑外，主人孤岛中。别离方异域，音信若为通。
[唐]王维,《春日与裴迪过新昌里访吕逸人不遇》,桃源一向绝风尘，柳市南头访隐沦。到门不敢题凡鸟，看竹何须问主人。展开全文城上青山如屋里，东家流水入西邻。闭户著书多岁月，种松皆老作龙鳞。
[唐]王维,《伊州歌》,清风明月苦相思，荡子从戎十载馀。征人去日殷勤嘱，归雁来时数附书。
[唐]王维,《漆园》,古人非傲吏，自阙经世务。偶寄一微官，婆娑数株树。
[唐]王维,《孟城坳》,新家孟城口，古木余衰柳。来者复为谁？空悲昔人有。
[唐]王维,《赠郭给事》,洞门高阁霭余晖，桃李阴阴柳絮飞。禁里疏钟官舍晚，省中啼鸟吏人稀。展开全文晨摇玉佩趋金殿，夕奉天书拜琐闱。强欲从君无那老，将因卧病解朝衣。
[唐]王维,《蓝田山石门精舍 ?》,〔英华以前八句另为一首。注云。集本二诗共为一首。〕落日山水好。展开全文漾舟信归风。探奇（一作玩寄）不觉远。因以缘（一作寻）源穷。遥爱云木秀（一作翠）。初疑（一作言）路不同。安（一作谁）知清流转。偶与前山通。舍舟理轻策。果然惬所适。老僧四五人。逍遥荫松柏。朝梵林未（一作方）曙。夜禅山（一作心）更寂。道心及（一作友）牧童。世事问樵客。暝宿长林（一作井）下。焚香卧瑶席。涧芳袭人衣。山月映石壁。再寻畏迷误。明发更登历。笑谢桃源人。花红复来觌。
[唐]王维,《晦日游大理韦卿城南别业四声依次用各六韵》,（册4卷125页1245d）与世澹无事。展开全文自然江海人。侧闻尘外游。解骖（一作弁）［车尼］朱轮。平（一作极）野照暄景。上天垂春云。张组竟北阜。泛舟过东邻。故乡信高会。牢醴及佳辰（一作家臣）。幸同击壤乐。心荷尧为君。郊居杜陵下。永日同携手。仁（一作入）里霭川阳。平原见峰首。园庐鸣春鸠。林薄媚新柳。上卿始登席。故老前为寿。临当游（一作送）南陂。约略执杯酒。归欤绌（一作继）微官。惆怅心自咎。冬中余雪在。墟上春流驶。风日畅怀抱。山川多秀（一作好天）气。［周彡］胡先晨炊（一作丰酌)。庖脍亦云（一作後）至。高情浪海岳。浮生寄天地。君子外簪缨。埃尘良不啻。所乐衡门中。陶然忘其贵。高馆临澄陂。旷然荡（一作望理）心目。淡荡动云天。玲珑映墟曲。鹊巢结空林。雉［句隹］响幽谷。应接无闲暇。徘徊以（一作似）踯躅。纡组上春堤。侧弁倚乔木。弦望忽已晦。後期洲应绿。
[唐]王维,《晦日游大理韦卿城南别业四声依次用各六韵》,与世澹无事，自然江海人。侧闻尘外游，解骖车尼朱轮。平野照暄景，上天垂春云。张组竟北阜，泛舟过东邻。展开全文故乡信高会，牢醴及佳辰。幸同击壤乐，心荷尧为君。郊居杜陵下，永日同携手。仁里霭川阳，平原见峰首。园庐鸣春鸠，林薄媚新柳。上卿始登席，故老前为寿。临当游南陂，约略执杯酒。归欤绌微官，惆怅心自咎。冬中馀雪在，墟上春流驶。风日畅怀抱，山川多秀气。雕胡先晨炊，庖脍亦云至。高情浪海岳，浮生寄天地。君子外簪缨，埃尘良不啻。所乐衡门中，陶然忘其贵。高馆临澄陂，旷然荡心目。淡荡动云天，玲珑映墟曲。鹊巢结空林，雉雊响幽谷。应接无闲暇，徘徊以踯躅。纡组上春堤，侧弁倚乔木。弦望忽已晦，后期洲应绿。
[唐]王维,《燕子龛禅师》,〔一本有咏字〕山中燕子龛。展开全文路剧羊肠恶。裂地竞盘屈。插天多峭［谔，“山”代“讠”］。瀑泉吼而喷。怪石看欲落。伯禹访未知。五丁愁不凿。上人无生缘。生长居紫阁。六时自捶磬。一饮常带索。种田烧白云。斫漆响丹壑。行随拾栗猿。归对巢松鹤。时许山神请。偶逢洞仙博。救世多慈悲。即心无行作。周商倦积阻。蜀物多淹泊。岩腹乍旁穿。涧唇时外拓。桥因倒树架。栅值垂藤缚。鸟道悉已平。龙宫为之涸。跳波谁揭厉。绝壁免扪摸。山木日阴阴。结跏归旧林。一向石门里。任君春草深。
[唐]王维,《燕子龛禅师》,山中燕子龛，路剧羊肠恶。裂地竞盘屈，插天多峭崿。瀑泉吼而喷，怪石看欲落。伯禹访未知，五丁愁不凿。展开全文上人无生缘，生长居紫阁。六时自搥磬，一饮常带索。种田烧白云，斫漆响丹壑。行随拾栗猿，归对巢松鹤。时许山神请，偶逢洞仙博。救世多慈悲，即心无行作。周商倦积阻，蜀物多淹泊。岩腹乍旁穿，涧唇时外拓。桥因倒树架，栅值垂藤缚。鸟道悉已平，龙宫为之涸。跳波谁揭厉，绝壁免扪摸。山木日阴阴，结跏归旧林。一向石门里，任君春草深。
[唐]王维,《横吹曲辞 陇头吟》,长安少年游侠客，夜上戍楼看太白。陇头明月迥临关，陇上行人夜吹笛。展开全文关西老将不胜愁，驻马听之双泪流。身经大小百余战，麾下偏裨万户侯。苏武才为典属国，节旄落尽海西头。
[唐]王维,《山居即事》,寂寞掩柴扉，苍茫对落晖。鹤巢松树遍，人访荜门稀。绿竹含新粉，红莲落故衣。渡头烟火起，处处采菱归。
[唐]王维,《偶然作六首》,楚国有狂夫。茫然无心想。展开全文散发不冠带。行歌南陌上。孔丘与之言。仁义莫能奖。未尝肯问天。何事须击壤。复笑采薇人。胡为乃长往。田舍有老翁。垂白衡门里。有时农事闲。斗酒呼邻里。喧聒茅檐下。或坐或复起。短褐不为薄。园葵固足美。动则长子孙。不曾相城市。五帝与三王。古来称天（一作君）子。干戈将揖让。毕竟何者是。得意苟为乐。野田安足鄙。且当放（一作忘）怀（一作志）去。行行没余齿。日夕见太行。沈吟未能去。问君何以然。世网婴我故。小妹日成长。兄弟未有娶。家贫禄既薄。储蓄非有素。几回欲奋飞。踟蹰复相顾。孙登长啸台。松竹有遗处。相去讵几许。故人在中路。爱染日已薄。禅寂日已固。忽乎吾将行。宁俟岁云暮。陶潜任天真。其性颇耽酒。自从弃官来。家贫不能有。九月九日时。菊花空满手。中心窃自思。傥有人送否。白衣携壶觞。果来遗老叟。且喜得斟酌。安问升与斗。奋衣野田中。今日嗟无负（一作有）。兀傲迷东西。蓑笠不能守。倾倒强行行。酣歌归五柳。生事不曾问。肯愧家中妇（一作帚）。赵女弹箜篌。复能邯郸舞。夫婿轻薄儿。斗鸡事齐主。黄金买歌笑。用钱不复数。许史相经过。高门盈四牡。客舍有儒生。昂藏出邹鲁。读书三十年。腰间（一作下）无尺组。被服圣人教。一生自穷苦。老来懒赋诗。惟有老相随。宿世（一作当代）谬词客。前生应画师。（维善画破墨山水）。不能舍余习。偶被世人知。名字本皆是。此心还不知。（《万首唐人绝句》取中四句为绝句。题曰题辋川图）。
[唐]王维,《送李睢阳》,〔一本以前九句自为一首〕将置酒。展开全文思悲翁。使君去。出城东。麦渐渐。雉子斑。槐阴阴。到潼关。骑连连。车迟迟（一作连连）。心中悲。宋又远。周间之。南淮夷。东齐儿。碎碎织练与素丝。游人贾客信难持。五谷前熟方可为。下车闭［“门”内“合”］君当思。天子当殿俨衣裳。大官尚食陈羽觞。彤庭散绶垂鸣［王当］。黄纸诏书出东厢。轻纨叠绮烂生光。宗室子弟君最贤。分忧当为百辟先。布衣一言相为死。何况圣主恩如天。鸾声哕哕鲁侯旗。明年上计朝京师。须忆今日斗酒别。慎忽富贵忘我为。
[唐]王维,《故南阳夫人樊氏挽歌》,锦衣馀翟茀，绣毂罢鱼轩。淑女诗长在，夫人法尚存。凝笳随晓旆，行哭向秋原。归去将何见，谁能返戟门。
[唐]王维,《故南阳夫人樊氏挽歌》,石［帘，“卯”代“巾”］恩荣重。金吾车骑盛。展开全文将朝每赠言。入室还相敬。叠鼓秋城动。悬旌寒日映。不言长不归。环佩犹将听。
[唐]王维,《燕支行》,〔时年二十一〕汉家天（一作大）将才且雄。展开全文来时（一作时来）谒帝明光宫。万乘亲推双阙下。千官出饯五陵东。誓辞甲第金门里。身作长城玉塞中。卫霍才堪一骑将。朝廷不数贰师功。赵魏燕韩多劲卒。关西侠少何咆勃。报仇只是闻尝胆。饮酒不曾妨刮骨。画戟雕戈白日寒。连旗大旆黄尘没。叠鼓遥翻瀚海波。鸣笳乱动天山月。麒麟锦带佩吴钩。飒沓青骊跃紫骝。拔剑已断天骄臂。归鞍共饮月支头。汉兵大呼一当百。虏骑相看哭且愁。教战虽令赴汤火。终知上将先伐谋。
[唐]王维,《故南阳夫人樊氏挽歌》,石窌恩荣重，金吾车骑盛。将朝每赠言，入室还相敬。展开全文叠鼓秋城动，悬旌寒日映。不言长不归，环佩犹将听。
[唐]王维,《与胡居士皆病寄此诗兼示学人二首》,一兴微尘念，横有朝露身。如是睹阴界，何方置我人。碍有固为主，趣空宁舍宾。洗心讵悬解，悟道正迷津。展开全文因爱果生病，从贪始觉贫。色声非彼妄，浮幻即吾真。四达竟何遣，万殊安可尘。胡生但高枕，寂寞与谁邻。战胜不谋食，理齐甘负薪。予若未始异，讵论疏与亲。浮空徒漫漫，泛有定悠悠。无乘及乘者，所谓智人舟。讵舍贫病域，不疲生死流。无烦君喻马，任以我为牛。植福祠迦叶，求仁笑孔丘。何津不鼓棹，何路不摧輈。念此闻思者，胡为多阻修。空虚花聚散，烦恼树稀稠。灭相成无记，生心坐有求。降吴复归蜀，不到莫相尤。
[唐]王维,《登河北城楼作》,井邑傅岩上，客亭云雾间。高城眺落日，极浦映苍山。岸火孤舟宿，渔家夕鸟还。寂寥天地暮，心与广川闲。
[唐]王维,《与胡居士皆病寄此诗兼示学人二首》,一兴微尘念。横有朝露身。展开全文如是睹（一作都）阴界。何方置我人。碍有固为主。趣空宁舍宾。洗心讵悬解。悟道正迷津。因爱果生病。从贪始觉贫。色声非彼妄。浮幻即吾真。四达竟何遣。万殊安可尘。胡生但高枕。寂寞与谁邻。战胜不谋食。理齐甘负薪。予若未始异。讵论疏与亲。浮空徒漫漫。泛有定悠悠。无乘及乘者。所谓智人舟。讵舍贫病域。不疲生死流。无烦君喻马。任以我为牛。植福祠迦叶。求仁笑孔丘。何津不鼓棹。何路不摧辀。念此闻思者。胡为多阻修。空虚花聚散。烦恼树稀稠。灭相（一作想）成无记。生心坐有求。降吴复归蜀。不到莫相尤。
[唐]王维,《杂诗三首》,家住孟津河，门对孟津口。常有江南船，寄书家中否。君自故乡来，应知故乡事。来日绮窗前，寒梅著花未。展开全文已见寒梅发，复闻啼鸟声。心心视春草，畏向阶前生。
[唐]王维,《寓言二首（次首《律髓》入侠少类，作卢象《》,朱绂谁家子，无乃金张孙。骊驹从白马，出入铜龙门。问尔何功德，多承明主恩。斗鸡平乐馆，射雉上林园。展开全文曲陌车骑盛，高堂珠翠繁。奈何轩冕贵，不与布衣言。君家御沟上，垂柳夹朱门。列鼎会中贵，鸣珂朝至尊。生死在八议，穷达由一言。须识苦寒士，莫矜狐白温。
[唐]王维,《酌酒与裴迪》,酌酒与君君自宽，人情翻覆似波澜。白首相知犹按剑，朱门先达笑弹冠。展开全文草色全经细雨湿，花枝欲动春风寒。世事浮云何足问，不如高卧且加餐。
[唐]王维,《早朝》,柳暗百花明，春深五凤城。城乌睥睨晓，宫井辘轳声。方朔金门侍，班姬玉辇迎。仍闻遣方士，东海访蓬瀛。
[唐]王维,《早朝》,皎洁明星高。苍茫远天曙。展开全文槐雾暗（一作郁）不开。城鸦鸣稍去。始闻高阁声。莫辨更衣处。银烛已成行。金（一作重）门俨驺驭。
[唐]王维,《登楼歌》,聊上君兮高楼。飞甍鳞次兮在下。展开全文俯十二兮通衢。绿槐参差兮车马。却瞻兮龙首。前眺兮宜春。王畿郁兮千里。山河壮兮咸秦。舍人下兮青宫。据胡床兮书空。执戟疲于下位。老夫好隐兮墙东。亦幸有张伯英草圣兮龙腾［叫，“虫”代“口”］跃。摆长云兮捩回风。琥珀酒兮［周彡］胡饭。君不御兮日将晚。秋风兮吹衣。夕鸟兮争返。孤砧发兮东城。林薄暮兮蝉声远。时不可兮再得。君何为兮偃蹇。
[唐]王维,《饭覆釜山僧》,晚知清净理。日与人群疏。展开全文将候远山僧。先期扫弊庐。果从云峰里。顾我蓬蒿居。藉草饭松屑。焚香看道书。然灯昼欲尽。鸣磬夜方初。一悟寂为乐。此日（一作生）闲有余。思归何必深。身世犹空虚。
[唐]王维,《蓝田山石门精舍》,落日山水好，漾舟信归风。探奇不觉远，因以缘源穷。遥爱云木秀，初疑路不同。安知清流转，偶与前山通。展开全文舍舟理轻策，果然惬所适。老僧四五人，逍遥荫松柏。朝梵林未曙，夜禅山更寂。道心及牧童，世事问樵客。暝宿长林下，焚香卧瑶席。涧芳袭人衣，山月映石壁。再寻畏迷误，明发更登历。笑谢桃源人，花红复来觌。
[唐]王维,《纳凉》,乔木万余株。清流贯其中。展开全文前临大川口。豁达来长风。涟漪涵白沙。素鲔如游空。偃卧盘石上。翻涛沃微躬。漱流复濯足。前对钓鱼翁。贪饵凡几许。徒思莲叶东。
[唐]王维,《自大散以往，深林密竹，磴道盘曲四五十里至》,危径几万转，数里将三休。回环见徒侣，隐映隔林丘。飒飒松上雨，潺潺石中流。静言深溪里，长啸高山头。展开全文望见南山阳，白露霭悠悠。青皋丽已净，绿树郁如浮。曾是厌蒙密，旷然销人忧。
[唐]王维,《纳凉》,乔木万馀株，清流贯其中。前临大川口，豁达来长风。涟漪涵白沙，素鲔如游空。偃卧盘石上，翻涛沃微躬。展开全文漱流复濯足，前对钓鱼翁。贪饵凡几许，徒思莲叶东。
[唐]王维,《李陵咏》,〔时年十九〕汉家李将军。展开全文三代将门子。结发有奇策。少年成壮士。长驱塞上儿。深入单于垒。旌旗列相向。箫鼓悲何已。日暮沙漠陲。战声烟尘里。将令骄虏灭。岂独名王侍。既失大军援。遂婴穹庐耻。少小蒙汉恩。何堪坐思此。深衷欲有报。投躯未能死。引领望子卿。非君谁相理。
[唐]王维,《洛阳女儿行  （　册4　卷125　页1258a）》,〔时年十六。一作十八〕洛阳女儿对门居。展开全文才可容颜十五余。良人玉勒乘骢马。侍女金盘［鱼会］鲤鱼。画阁朱楼尽相望。红桃绿柳垂檐向。罗帷送上七香车。宝扇迎归九华帐。狂夫福贵在青春。意气骄奢剧季伦。自怜碧玉亲教舞。不惜珊瑚持与人。春窗曙灭九微火。九微片片飞花琐。戏罢曾无理曲时。妆成祗是薰香坐。城中相识尽繁华。日夜经过赵李家。谁怜越女颜如玉。贫贱江头白浣纱。
[唐]王维,《华岳》,西岳出浮云。积雪（一作翠）在太清。展开全文连天凝（一作疑）黛色。百里遥青冥。白日为之（一作大）寒。森沈华阴城。昔闻乾坤闭（一作开）。造（一作变）化生巨灵。右足踏方止（一作山）。左手推削成。天地忽开拆。大河注东溟。遂为西峙岳（一作岳崎）。雄雄镇秦京。大君包覆载。至德被群生。上帝伫昭告。金天思奉迎。人（一作神）祗望幸久。何独禅云亭。
[唐]王维,《扶南曲歌词五首》,翠羽流苏帐，春眠曙不开。羞从面色起，娇逐语声来。早向昭阳殿，君王中使催。展开全文堂上青弦动，堂前绮席陈。齐歌卢女曲，双舞洛阳人。倾国徒相看，宁知心所亲。香气传空满，妆华影箔通。歌闻天仗外，舞出御楼中。日暮归何处，花间长乐宫。宫女还金屋，将眠复畏明。入春轻衣好，半夜薄妆成。拂曙朝前殿，玉墀多珮声。朝日照绮窗，佳人坐临镜。散黛恨犹轻，插钗嫌未正。同心勿遽游，幸待春妆竟。
[唐]王维,《扶南曲歌词五首》,〔通典云：武德初，因隋旧制，奏九部乐，四曰扶南。唐书礼乐展开全文志云：天宝乐曲，皆以边地名。自河西至者，有扶南乐舞。〕翠羽流苏帐。春眠曙不开。羞从面色起。娇逐语声来。早向昭阳殿。君王中使催。堂上青弦动。堂前绮席陈。齐歌卢女曲。双舞洛阳人。倾国徒相看。宁知心所亲。香气传空满。妆华影箔通。歌闻天仗外。舞出御楼（一作筵）中。日暮归何处。花间长乐宫。宫女还金屋。将眠复畏明。入春轻衣好。半夜薄妆成。拂曙朝前殿。玉墀（一作除）多佩声。朝日照绮窗。佳人坐临镜。散黛恨犹轻。插钗嫌未正。同心勿遽游。幸待春妆竟。
[唐]王维,《待储光羲不至》,重门朝已启，起坐听车声。要欲闻清佩，方将出户迎。晚钟鸣上苑，疏雨过春城。了自不相顾，临堂空复情。
[唐]王维,《苦热行》,赤日满天地，火云成山岳。草木尽焦卷，川泽皆竭涸。轻纨觉衣重，密树苦阴薄。莞簟不可近，絺绤再三濯。展开全文思出宇宙外，旷然在寥廓。长风万里来，江海荡烦浊。却顾身为患，始知心未觉。忽入甘露门，宛然清凉乐。
[唐]王维,《同比部杨员外十五夜游有怀静者季》,（册4卷125页1261a）承明少休沐。展开全文建礼省文书。夜漏行人息。归鞍落日余。悬知三五夕。万户千门辟。夜出曙翻归。倾城满南陌。陌头驰骋尽繁华。王孙公子五侯家。由来月明如白日。共道春灯胜百花。聊看侍中千宝骑。强识小妇七香车。香车宝马共喧阗。个里多情侠少年。竞向长杨柳市北。肯过精舍竹林前。独有仙郎心寂寞。却将宴坐为行乐。傥觉（一作觅）忘怀共往来。幸沾同舍甘藜藿。
[唐]王维,《奉和圣制天长节赐宰臣歌应制》,（册4卷125页1262a）太阳升兮照万方。展开全文开阊阖兮临玉堂。俨冕旒兮垂衣裳。金天净兮丽三光。彤庭曙兮延八荒。德合天兮礼神遍。灵芝生兮庆云见。唐尧後兮稷契臣。匝宇宙兮华胥人。尽九服兮皆四邻。乾降瑞兮坤降（一作献）珍。
[唐]王维,《故人张諲工诗善易卜兼能丹青草隶，顷以诗见》,不逐城东游侠儿，隐囊纱帽坐弹棋。蜀中夫子时开卦，洛下书生解咏诗。药阑花径衡门里，时复据梧聊隐几。展开全文屏风误点惑孙郎，团扇草书轻内史。故园高枕度三春，
[唐]王维,《同比部杨员外十五夜游有怀静者季》,承明少休沐，建礼省文书。夜漏行人息，归鞍落日馀。悬知三五夕，万户千门辟。夜出曙翻归，倾城满南陌。展开全文陌头驰骋尽繁华，王孙公子五侯家。由来月明如白日，共道春灯胜百花。聊看侍中千宝骑，强识小妇七香车。香车宝马共喧阗，个里多情侠少年。竞向长杨柳市北，肯过精舍竹林前。独有仙郎心寂寞，却将宴坐为行乐。傥觉忘怀共往来，幸沾同舍甘藜藿。
[唐]王维,《奉和圣制天长节赐宰臣歌应制》,太阳升兮照万方，开阊阖兮临玉堂，俨冕旒兮垂衣裳。金天净兮丽三光，彤庭曙兮延八荒。德合天兮礼神遍，展开全文灵芝生兮庆云见。唐尧后兮稷契臣，匝宇宙兮华胥人。
[唐]王维,《送魏郡李太守赴任》,与君伯氏（一作兄）别。又欲与君离。展开全文君行无几日。当复隔山陂。苍茫秦川尽。日落桃林塞。独树临关门。黄河向天外。前经洛阳陌。宛洛故人稀。故人离别尽。淇上转骖［马非］。企予悲送远。惆怅睢阳路。古木官渡平。秋城邺宫（一作都）故。想君行县日。其出从如云。遥思魏公子。复忆李将军。
[唐]王维,《送从弟蕃游淮南》,读书复骑射。带剑游淮阴。展开全文淮阴少年辈。千里远相寻。高义难自隐。明时宁陆沈。岛夷九州外。泉馆三山深。席帆聊问罪。卉服尽成擒。归来见天子。拜爵赐黄金。忽思鲈鱼［鱼会］。复有沧洲心。天寒蒹葭渚。日露云梦林。江城下枫叶。淮上闻秋砧。送归青门外。车马去［侵，“马”代“亻”］［侵，“马”代“亻”］。惆怅新丰树。空余天际禽。
[唐]王维,《丁宇田家有赠》,〔英华作田家赠丁禹。注云。集作丁宇。误也。〕君心尚栖隐。展开全文久欲傍归路。在朝每为言。解印果成趣。晨鸡鸣邻里。群动从所务。农夫行饷田。闺妾（一作妇）起缝素。开轩御衣服。散帙理章句。时吟招隐诗。或制闲居赋。新晴望郊郭。日映（一作［日失］）桑榆暮。阴昼（一作荫尽）小苑城。微明渭川树。揆予宅闾井。幽赏何由屡。道存终不忘。迹异难相遇。此时惜离别。再来芳菲度。
[唐]王维,《田家》,旧谷行将尽，良苗未可希。老年方爱粥，卒岁且无衣。雀乳青苔井，鸡鸣白板扉。柴车驾羸牸，草屩牧豪豨。展开全文夕雨红榴拆，新秋绿芋肥。饷田桑下憩，旁舍草中归。住处名愚谷，何烦问是非。
[唐]王维,《同崔傅答贤弟》,洛阳才子姑苏客。桂苑（一作杜宛）殊非故（一作旧）乡陌。展开全文九江枫树几回青。一片扬州五湖白。扬州时有下江兵。兰陵镇前吹笛声。夜火人归富春郭。秋风鹤唳石头城。周郎陆弟为俦侣。对舞前溪歌白［纟宁］。曲几书留小史家。草堂棋赌山阴墅。衣冠若话外台臣。先数夫君席上珍。更闻台阁求三语。遥想风流第一人。
[唐]王维,《青雀歌》,〔与卢象、崔兴宗、裴迪、弟缙同赋。〕青雀翅羽短。展开全文未能远食玉山禾。犹胜黄雀争上下。唧唧空仓复若何。
[唐]王维,《答张五弟》,终南有茅屋。前对终南山。展开全文终年无客常闭关。终日无心长自闲。不妨饮酒复垂钓。君但能来相往还。
[唐]王维,《送魏郡李太守赴任》,与君伯氏别，又欲与君离。君行无几日，当复隔山陂。苍茫秦川尽，日落桃林塞。独树临关门，黄河向天外。展开全文前经洛阳陌，宛洛故人稀。故人离别尽，淇上转骖騑。企予悲送远，惆怅睢阳路。古木官渡平，秋城邺宫故。想君行县日，其出从如云。遥思魏公子，复忆李将军。
[唐]王维,《送从弟蕃游淮南》,读书复骑谢，带剑游淮阴。淮阴少年辈，千里远相寻。高义难自隐，明时宁陆沉。岛夷九州外，泉馆三山深。展开全文席帆聊问罪，卉服尽成擒。归来见天子，拜爵赐黄金。忽思鲈鱼鲙，复有沧洲心。天寒蒹葭渚，日落云梦林。江城下枫叶，淮上闻秋砧。送归青门外，车马去駸駸。惆怅新丰树，空馀天际禽。
[唐]王维,《留别山中温古上人兄并示舍弟缙》,解薜登天朝。去师偶时（一作将）哲。展开全文岂惟山中人。兼负松上月。宿昔同游止。致身云霞末。开轩临颍阳。卧视飞鸟没。好依盘石饭。屡对瀑泉渴。理齐小狎（一作狎小）隐。道胜宁外物。舍弟官崇高。宗兄此（一作比）削发。荆扉但洒扫。乘闲当过歇（一作拂）。
[唐]王维,《奉和圣制登降圣观与宰臣等同望应制》,凤扆朝碧落，龙图耀金镜。维岳降二臣，戴天临万姓。山川八校满，井邑三农竟。比屋皆可封，谁家不相庆。展开全文林疏远村出，野旷寒山静。帝城云里深，渭水天边映。佳气含风景，颂声溢歌咏。端拱能任贤，弥彰圣君圣。
[唐]王维,《奉和圣制送不蒙都护兼鸿胪卿归安西应制》,上卿增命服，都护扬归旆。杂虏尽朝周，诸胡皆自郐。鸣笳瀚海曲，按节阳关外。落日下河源，寒山静秋塞。展开全文万方氛祲息，六合乾坤大。无战是天心，天心同覆载。
[唐]王维,《留别山中温古上人兄并示舍弟缙》,解薜登天朝，去师偶时哲。岂惟山中人，兼负松上月。宿昔同游止，致身云霞末。开轩临颍阳，卧视飞鸟没。展开全文好依盘石饭，屡对瀑泉渴。理齐小狎隐，道胜宁外物。舍弟官崇高，宗兄此削发。荆扉但洒扫，乘闲当过歇。
[唐]王维,《和贾舍人早朝大明宫之作》,绛帻鸡人报晓筹，尚衣方进翠云裘。九天阊阖开宫殿，万国衣冠拜冕旒。展开全文日色才临仙掌动，香烟欲傍衮龙浮。朝罢须裁五色诏，佩声归到凤池头。
[唐]王维,《奉和圣制登降圣观与宰臣等同望应制》,凤扆朝碧落。龙图耀金镜。展开全文维岳降二臣。戴天临万姓。山川八校满。井邑三农竟。比屋皆可封。谁家不相庆。林疏远村出。野旷寒山静。帝城云里深。渭水天边映。佳气含风景。颂声溢歌咏。端拱能任贤。弥彰圣君圣。
[唐]王维,《奉和圣制送不蒙都护兼鸿胪卿归安西应制》,上卿增命服。都护扬归旆。展开全文杂虏尽朝周。诸胡皆自郐。鸣笳瀚海曲。按节阳关外。落日下河源。寒山静秋塞。万方氛祲息。六合乾坤大（一作泰）。无战是天心。天心同覆载。
[唐]王维,《早春行》,紫梅发初遍。黄鸟歌犹涩。展开全文谁家折杨女。弄春如不及。爱水看妆坐。羞人映花立。香畏风吹散。衣愁露沾湿。玉闺青门里。日落香车入。游衍益相思。含啼向彩帷。忆君长入梦。归晚更生疑。不及红檐燕。双栖绿草时。
[唐]王维,《赠吴官》,长安客舍热如煮，无个茗糜难御暑。空摇白团其谛苦，欲向缥囊还归旅。江乡鲭鲊不寄来，秦人汤饼那堪许。展开全文不如侬家任挑达，草屩捞虾富春渚。
[唐]王维,《双黄鹄歌送别》,〔时为节度判官。在凉州作。〕天路来兮双黄鹄。展开全文云上飞兮水上宿。抚翼和鸣整羽族。不得已。忽分飞。家在玉京朝紫微。主人临水送将归。悲笳嘹唳垂舞衣。宾欲散兮复相依。几往返兮极浦。尚裴回兮落晖。岸（一作塞）上火兮相迎。将夜入兮边城。鞍马归兮佳人散。怅离忧兮独含情。
[唐]王维,《过太乙观贾生房》,昔余栖遁日。之子烟霞邻。展开全文共携松叶酒。俱簪竹皮巾。攀林遍岩洞。采药无冬春。谬以道门子。征为骖御臣。常恐丹液就。先我紫阳宾。夭促万途尽。哀伤百虑新。迹峻不容俗。才多反累真。泣对双泉水。还山无主人。
[唐]王维,《不遇咏》,北阙献书寝不报，南山种田时不登。百人会中身不预，五侯门前心不能。展开全文身投河朔饮君酒，家在茂陵平安否？且共登山复临水，莫问春风动杨柳。今人作人多自私，我心不说君应知。济人然后拂衣去，肯作徒尔一男儿！
[唐]王维,《戏赠张五弟諲三首（时在常乐东园，走笔成）》,吾弟东山时，心尚一何远。日高犹自卧，钟动始能饭。领上发未梳，妆头书不卷。清川兴悠悠，空林对偃蹇。展开全文青苔石上净，细草松下软。窗外鸟声闲，阶前虎心善。徒然万象多，澹尔太虚缅。一知与物平，自顾为人浅。对君忽自得，浮念不烦遣。张弟五车书，读书仍隐居。染翰过草圣，赋诗轻子虚。闭门二室下，隐居十年馀。宛是野人野，时从渔父渔。秋风自萧索，五柳高且疏。望此去人世，渡水向吾庐。岁晏同携手，只应君与予。设罝守毚兔，垂钓伺游鳞。此是安口腹，非关慕隐沦。吾生好清净，蔬食去情尘。今子方豪荡，思为鼎食人。我家南山下，动息自遗身。入鸟不相乱，见兽皆相亲。云霞成伴侣，虚白侍衣巾。何事须夫子，邀予谷口真。
[唐]王维,《宋进马哀词》,背春涉夏兮，众木蔼以繁阴。连金华与玉堂兮，宫阁郁其沈沈。百官并入兮，何语笑之哑哑，展开全文君独静嘿以伤心。草王言兮不得辞，我悲减思兮少时。仆夫命驾兮，出阊阖，历通逵。陌上人兮如故，识不识兮往来。眼中不见兮吾儿，骖紫骝兮从青骊。低光垂彩兮，怳不知其所之。辟朱户兮望华轩，意斯子兮候门。忽思瘗兮城南，心瞀乱兮重昏。仰诉天之不仁兮，家唯一身，身止一子，何胤嗣之不繁，就单鲜而又死。将清白兮遗谁，问诗礼兮已矣。哀从中兮不可胜，岂暇料馀年兮复几。日黯黯兮颓晔，鸟翩翩兮疾飞。邈穷天兮不返，疑有日兮来归。静言思兮永绝，复惊叫兮沾衣。客有吊之者曰：观未始兮有物，同委蜕兮胡悲？且延陵兮未至，况西河兮不知。学无生兮庶可，幸能听于吾师。第一百二十六卷
[唐]王维,《送邢桂州》,铙吹喧京口，风波下洞庭。赭圻将赤岸，击汰复扬舲。展开全文日落江湖白，潮来天地青。明珠归合浦，应逐使臣星。
[唐]王维,《自大散以往深林密竹磴道盘曲四五十里至黄牛》,危径几万转。数里将三休。展开全文回环见徒侣。隐映隔林丘。飒飒松上雨。潺潺石中流。静言深溪里。长啸高山头。望见南山阳。白露霭悠悠。青皋丽已净。绿树郁如浮。曾是厌蒙密。旷然销人忧。
[唐]王维,《辋川闲居》,一从归白社，不复到青门。时倚檐前树，远看原上村。青菰临水拔，白鸟向山翻。寂寞於陵子，桔槔方灌园。
[唐]王维,《晓行巴峡》,际晓投巴峡，馀春忆帝京。晴江一女浣，朝日众鸡鸣。水国舟中市，山桥树杪行。登高万井出，眺迥二流明。展开全文人作殊方语，莺为故国声。赖多山水趣，稍解别离情。
[唐]王维,《秋夜独坐怀内弟崔兴宗》,夜静群动息。蟪蛄声悠悠。展开全文庭槐北风响。日夕方高秋。思子整羽翰。及时当云浮。吾生将白首。岁晏思沧州。高足在旦暮。肯为南亩俦。
[唐]王维,《宿郑州》,朝与周人辞，暮投郑人宿。他乡绝俦侣，孤客亲僮仆。展开全文宛洛望不见，秋霖晦平陆。田父草际归，村童雨中牧。主人东皋上，时稼绕茅屋。虫思机杼鸣，雀喧禾黍熟。明当渡京水，昨晚犹金谷。此去欲何言，边穷徇微禄。
[唐]王维,《叹白发》,我年一何长，鬓发日已白。俯仰天地间，能为几时客。展开全文惆怅故山云，裴回空日夕。何事与时人，东城复南陌。
[唐]王维,《叹白发》,宿昔朱颜成暮齿，须臾白发变垂髫。一生几许伤心事，不向空门何处销。
[唐]王维,《秋夜独坐怀内弟崔兴宗》,夜静群动息，蟪蛄声悠悠。庭槐北风响，日夕方高秋。思子整羽翰，及时当云浮。吾生将白首，岁晏思沧州。展开全文高足在旦暮，肯为南亩俦。
[唐]王维,《春园即事》,宿雨乘轻屐，春寒著弊袍。开畦分白水，间柳发红桃。草际成棋局，林端举桔槔。还持鹿皮几，日暮隐蓬蒿。
[唐]王维,《大同殿柱产玉芝，龙池上有庆云神光照殿，百》,欲笑周文歌宴镐，遥轻汉武乐横汾。岂知玉殿生三秀，讵有铜池出五云。陌上尧樽倾北斗，楼前舜乐动南薰。展开全文共欢天意同人意，万岁千秋奉圣君。
[唐]王维,《苑舍人能书梵字兼达梵音，皆曲尽其妙，戏为》,名儒待诏满公车。才子为郎典石渠。莲花法藏心悬悟，贝叶经文手自书。楚词共许胜扬马，梵字何人辨鲁鱼。展开全文故旧相望在三事，愿君莫厌承明庐。
[唐]王维,《黄雀痴》,〔杂言走笔〕黄雀痴。展开全文黄雀痴。谓言青［彀，“鸟”代“弓”］是我儿。一一口衔食。养得成毛衣。到大啁啾解游扬。各自东西南北飞。薄暮空巢上。羁雌独自归。凤凰九雏亦如此。慎莫愁思憔悴损容辉。
[唐]王维,《酬诸公见过（时官未出，在辋川庄）》,嗟予未丧，哀此孤生。屏居蓝田，薄地躬耕。岁晏输税，以奉粢盛。晨往东皋，草露未晞。暮看烟火，负担来归。展开全文我闻有客，足扫荆扉。箪食伊何，疈瓜抓枣。仰厕群贤，皤然一老。愧无莞簟，班荆席藁。泛泛登陂，折彼荷花。静观素鲔，俯映白沙。山鸟群飞，日隐轻霞。登车上马，倏忽云散。雀噪荒村，鸡鸣空馆。还复幽独，重欷累叹。
[唐]王维,《苑舍人能书梵字兼达梵音，皆曲尽其妙，戏为》,名儒待诏满公车。才子为郎典石渠。莲花法藏心悬悟，贝叶经文手自书。楚词共许胜扬马，梵字何人辨鲁鱼。展开全文故旧相望在三事，愿君莫厌承明庐。
[唐]王维,《丁寓田家有赠》,君心尚栖隐，久欲傍归路。在朝每为言，解印果成趣。晨鸡鸣邻里，群动从所务。农夫行饷田，闺妾起缝素。展开全文开轩御衣服，散帙理章句。时吟招隐诗，或制闲居赋。新晴望郊郭，日映桑榆暮。阴昼小苑城，微明渭川树。揆予宅闾井，幽赏何由屡。道存终不忘，迹异难相遇。此时惜离别，再来芳菲度。
[唐]王维,《奉和圣制与太子诸王三月三日龙池春禊应制》,故事修春禊，新宫展豫游。明君移凤辇，太子出龙楼。赋掩陈王作，杯如洛水流。金人来捧剑，画鹢去回舟。展开全文苑树浮宫阙，天池照冕旒。宸章在云表，垂象满皇州。
[唐]王维,《上张令公》,珥笔趋丹陛，垂珰上玉除。步檐青琐闼，方幰昼轮车。市阅千金字，朝闻五色书。致君光帝典，荐士满公车。展开全文伏奏回金驾，横经重石渠。从兹罢角牴，且复幸储胥。天统知尧后，王章笑鲁初。匈奴遥俯伏，汉相俨簪裾。贾生非不遇，汲黯自堪疏。学易思求我，言诗或起予。当从大夫后，何惜隶人馀。
[唐]王维,《济州过赵叟家宴》,虽与人境接，闭门成隐居。道言庄叟事，儒行鲁人馀。深巷斜晖静，闲门高柳疏。荷锄修药圃，散帙曝农书。展开全文上客摇芳翰，中厨馈野蔬。夫君第高饮，景晏出林闾。
[唐]王维,《春过贺遂员外药园》,前年槿篱故，新作药栏成。香草为君子，名花是长卿。水穿盘石透，藤系古松生。画畏开厨走，来蒙倒屣迎。展开全文蔗浆菰米饭，蒟酱露葵羹。颇识灌园意，於陵不自轻。
[唐]王维,《投道一师兰若宿》,一公栖太白，高顶出风烟。梵流诸壑遍，花雨一峰偏。迹为无心隐，名因立教传。鸟来远语法，客去更安禅。展开全文昼涉松路尽，暮投兰若边。洞房隐深竹，清夜闻遥泉。向是云霞里，今成枕席前。岂唯暂留宿，服事将穷年。
[唐]王维,《韦侍郎山居》,幸忝君子顾。遂陪尘外踪。展开全文闲花满岩谷。瀑水映杉松。啼鸟忽临涧。归云时抱峰。良游盛簪绂。继迹多夔龙。讵枉青门道。胡（一作故。一作用）闻长乐钟。清晨去朝谒。车（一作鞍）马何从容。
[唐]王维,《寒食城东即事》,清溪一道穿桃李。演漾绿蒲涵白芷。展开全文溪上人家凡几家。落花半落东流水。蹴鞠屡过飞鸟上。秋千竞出垂杨里。少年分日作遨游。不用清明兼上巳。
[唐]王维,《红牡丹》,绿艳闲且静，红衣浅复深。花心愁欲断，春色岂知心。
[唐]王维,《横吹曲辞·陇头吟》,长安少年游侠客，夜上戍楼看太白。陇头明月迥临关，陇上行人夜吹笛。关西老将不胜愁，驻马听之双泪流。展开全文身经大小百余战，麾下偏裨万户侯。苏武才为典属国，节旄空尽海西头。
[唐]王维,《送綦毋秘书弃官还江东》,明时久不达，弃置与君同。天命无怨色，人生有素风。念君拂衣去，四海将安穷。秋天万里净，日暮澄江空。展开全文清夜何悠悠，扣舷明月中。和光鱼鸟际，澹尔蒹葭丛。无庸客昭世，衰鬓日如蓬。顽疏暗人事，僻陋远天聪。微物纵可采，其谁为至公。余亦从此去，归耕为老农。
[唐]王维,《送孙秀才（《纪事》作王缙诗）》,帝城风日好，况复建平家。玉枕双文簟，金盘五色瓜。山中无鲁酒，松下饭胡麻。莫厌田家苦，归期远复赊。
[唐]王维,《奉和圣制庆玄元皇帝玉像之作应制》,明君梦帝先，宝命上齐天。秦后徒闻乐，周王耻卜年。玉京移大像，金箓会群仙。承露调天供，临空敞御筵。展开全文斗回迎寿酒，山近起炉烟。愿奉无为化，斋心学自然。
[唐]王维,《奉和圣制上巳于望春亭观禊饮应制》,长乐青门外，宜春小苑东。楼开万井上，辇过百花中。画鹢移仙妓，金貂列上公。清歌邀落日，妙舞向春风。展开全文渭水明秦甸，黄山入汉宫。君王来祓禊，灞浐亦朝宗。
[唐]王维,《清如玉壶冰（京兆府试，时年十九）》,玉壶何用好，偏许素冰居。未共销丹日，还同照绮疏。抱明中不隐，含净外疑虚。气似庭霜积，光言砌月馀。展开全文晓凌飞鹊镜，宵映聚萤书。若向夫君比，清心尚不如。
[唐]王维,《赋得秋日悬清光》,寥廓凉天静，晶明白日秋。圆光含万象，碎影入闲流。迥与青冥合，遥同江甸浮。昼阴殊众木，斜影下危楼。展开全文宋玉登高怨，张衡望远愁。馀辉如可托，云路岂悠悠。
[唐]王维,《羽林骑闺人》,秋月临高城。城中管弦思。展开全文离人堂上愁。稚子阶前戏。出门复映户。望望青丝骑。行人过欲尽。狂夫终不至。左右寂无言。相看共垂泪。
[唐]王维,《相和歌辞·班婕妤三首》,玉窗萤影度，金殿人声绝。秋夜守罗帏，孤灯耿不灭。宫殿生秋草，君王恩幸疏。那堪闻凤吹，门外度金舆。展开全文怪来妆阁闭，朝下不相迎。总向春园里，花间语笑声。
[唐]王维,《与卢员外象过崔处士兴宗林亭》,绿树重阴盖四邻，青苔日厚自无尘。科头箕踞长松下，白眼看他世上人。
[唐]王维,《从岐王过杨氏别业应教》,杨子谈经所，淮王载酒过。兴阑啼鸟换，坐久落花多。展开全文径转回银烛，林开散玉珂。严城时未启，前路拥笙歌。
[唐]王维,《送丘为落第归江东》,怜君不得意，况复柳条春。为客黄金尽，还家白发新。展开全文五湖三亩宅，万里一归人。知尔不能荐，羞称献纳臣。
[唐]王维,《故太子太师徐公挽歌四首》,功德冠群英，弥纶有大名。轩皇用风后，傅说是星精。就第优遗老，来朝诏不名。留侯常辟谷，何苦不长生。展开全文谋猷为相国，翊戴奉宸舆。剑履升前殿，貂蝉托后车。齐侯疏土宇，汉室赖图书。僻处留田宅，仍才十顷馀。旧里趋庭日，新年置酒辰。闻诗鸾渚客，献赋凤楼人。北首辞明主，东堂哭大臣。犹思御朱辂，不惜污车茵。久践中台座，终登上将坛。谁言断车骑，空忆盛衣冠。风日咸阳惨，笳箫渭水寒。无人当便阙，应罢太师官。
[唐]王维,《奉和圣制暮春送朝集使归郡应制》,万国仰宗周，衣冠拜冕旒。玉乘迎大客，金节送诸侯。祖席倾三省，褰帷向九州。杨花飞上路，槐色荫通沟。展开全文来预钧天乐，归分汉主忧。宸章类河汉，垂象满中州。
[唐]王维,《奉和圣制重阳节宰臣及群官上寿应制》,四海方无事，三秋大有年。百生无此日，万寿愿齐天。芍药和金鼎，茱萸插玳筵。玉堂开右个，天乐动宫悬。展开全文御柳疏秋景，城鸦拂曙烟。无穷菊花节，长奉柏梁篇。
[唐]王维,《奉和圣制十五夜然灯继以酺宴应制》,上路笙歌满，春城漏刻长。游人多昼日，明月让灯光。鱼钥通翔凤，龙舆出建章。九衢陈广乐，百福透名香。展开全文仙伎来金殿，都人绕玉堂。定应偷妙舞，从此学新妆。奉引迎三事，司仪列万方。愿将天地寿，同以献君王。
[唐]王维,《送韦大夫东京留守》,人外遗世虑。空端结遐心。展开全文曾是巢许浅。始知尧舜深。苍生讵有物。黄屋如乔林。上德抚神运。冲和穆宸襟。云雷康屯难。江海遂（一作逐）飞沈。天工寄人英。龙衮瞻君临。名器苟不假。保厘固其任。素质贯方领。清景照华簪。慷慨念王室。从容献官箴。云旗蔽三川。画角发龙吟。晨扬天汉声。夕卷大河阴。穷人（一作久）业已宁。逆虏遗之擒。然後解金组。拂衣东山岑。给事黄门省。秋光正沈沈。壮心与身退。老病随年侵。君子从相访。重玄其可寻。
[唐]王维,《和宋中丞夏日游福贤观天长寺寺即陈左相宅所》,已相殷王国，空馀尚父谿。钓矶开月殿，筑道出云梯。积水浮香象，深山鸣白鸡。虚空陈伎乐，衣服制虹霓。展开全文墨点三千界，丹飞六一泥。桃源勿遽返，再访恐君迷。
[唐]王维,《赠东岳焦炼师》,先生千岁馀，五岳遍曾居。遥识齐侯鼎，新过王母庐。不能师孔墨，何事问长沮。玉管时来凤，铜盘即钓鱼。展开全文竦身空里语，明目夜中书。自有还丹术，时论太素初。频蒙露版诏，时降软轮车。山静泉逾响，松高枝转疏。支颐问樵客，世上复何如。
[唐]王维,《送祢郎中》,东郊春草色，驱马去悠悠。况复乡山外，猿啼湘水流。岛夷传露版，江馆候鸣驺。卉服为诸吏，珠官拜本州。展开全文孤莺吟远墅，野杏发山邮。早晚方归奏，南中才忌秋。
[唐]王维,《送熊九赴任安阳》,魏国应刘后，寂寥文雅空。漳河如旧日，之子继清风。阡陌铜台下，闾阎金虎中。送车盈灞上，轻骑出关东。展开全文相去千馀里，西园明月同。
[唐]王维,《山中示弟》,山林吾丧我，冠带尔成人。莫学嵇康懒，且安原宪贫。山阴多北户，泉水在东邻。缘合妄相有，性空无所亲。展开全文安知广成子，不是老夫身。
[唐]王维,《河南严尹弟见宿弊庐访别人赋十韵》,上客能论道，吾生学养蒙。贫交世情外，才子古人中。冠上方簪豸，车边已画熊。拂衣迎五马，垂手凭双童。展开全文花醥和松屑，茶香透竹丛。薄霜澄夜月，残雪带春风。古壁苍苔黑，寒山远烧红。眼看东候别，心事北川同。为学轻先辈，何能访老翁。欲知今日后，不乐为车公。
[唐]王维,《游化感寺》,翡翠香烟合，琉璃宝地平。龙宫连栋宇，虎穴傍檐楹。谷静唯松响，山深无鸟声。琼峰当户拆，金涧透林明。展开全文郢路云端迥，秦川雨外晴。雁王衔果献，鹿女踏花行。抖擞辞贫里，归依宿化城。绕篱生野蕨，空馆发山樱。香饭青菰米，嘉蔬绿笋茎。誓陪清梵末，端坐学无生。
[唐]王维,《故人张諲工诗善易卜兼能丹青草隶顷以诗见赠》,不逐城东游侠儿。隐囊纱帽坐弹棋。展开全文蜀中夫子时开卦。洛下书（一作诸）生解咏诗。药阑花径衡门里。时复据梧聊隐几。屏风误点惑孙郎。团扇草书轻内史。故园高枕度三春。永日垂帷绝四邻。自想（一作惜）蔡邕今已老。更将书籍与何人。
[唐]王维,《冬日游览》,步出城东门，试骋千里目。青山横苍林，赤日团平陆。渭北走邯郸，关东出函谷。秦地万方会，来朝九州牧。展开全文鸡鸣咸阳中，冠盖相追逐。丞相过列侯，群公饯光禄。相如方老病，独归茂陵宿。
[唐]王维,《瓜园诗》,余适欲锄瓜，倚锄听叩门。鸣驺导骢马，常从夹朱轩。穷巷正传呼，故人傥相存。携手追凉风，放心望乾坤。展开全文蔼蔼帝王州，宫观一何繁。林端出绮道，殿顶摇华幡。素怀在青山，若值白云屯。回风城西雨，返景原上村。前酌盈尊酒，往往闻清言。黄鹂啭深木，朱槿照中园。犹羡松下客，石上闻清猿。
[唐]王维,《同崔员外秋宵寓直》,建礼高秋夜，承明候晓过。九门寒漏彻，万井曙钟多。月迥藏珠斗，云消出绛河。更惭衰朽质，南陌共鸣珂。
[唐]王维,《奉和杨驸马六郎秋夜即事》,高楼月似霜，秋夜郁金堂。对坐弹卢女，同看舞凤凰。少儿多送酒，小玉更焚香。结束平阳骑，明朝入建章。
[唐]王维,《过崔驸马山池》,画楼吹笛妓，金碗酒家胡。锦石称贞女，青松学大夫。脱貂贳桂醑，射雁与山厨。闻道高阳会，愚公谷正愚。
[唐]王维,《韦给事山居》,幽寻得此地，讵有一人曾。大壑随阶转，群山入户登。庖厨出深竹，印绶隔垂藤。即事辞轩冕，谁云病未能。
[唐]王维,《春日上方即事》,好读高僧传，时看辟谷方。鸠形将刻仗，龟壳用支床。柳色青山映，梨花夕鸟藏。北窗桃李下，闲坐但焚香。
[唐]王维,《赠从弟司库员外絿》,少年识事浅。强学干名利。展开全文徒闻跃马年。苦无出人智。即事岂徒言。累官非不试。既寡遂性欢。恐招负时累。清冬见远山。积雪凝苍翠。浩然出东林。发我遗世意。惠连素清赏。夙语尘外事。欲缓携手期。流年一何驶。
[唐]王维,《故西河郡杜太守挽歌三首》,天上去西征，云中护北平。生擒白马将，连破黑雕城。忽见刍灵苦，徒闻竹使荣。空留左氏传，谁继卜商名。展开全文返葬金符守，同归石窌妻。卷衣悲画翟，持翣待鸣鸡。容卫都人惨，山川驷马嘶。犹闻陇上客，相对哭征西。涂刍去国门，秘器出东园。太守留金印，夫人罢锦轩。旌旗转衰木，箫鼓上寒原。坟树应西靡，长思魏阙恩。
[唐]王维,《和陈监四郎秋雨中思从弟据》,袅袅秋风动，凄凄烟雨繁。声连鳷鹊观，色暗凤凰原。细柳疏高阁，轻槐落洞门。九衢行欲断，万井寂无喧。展开全文忽有愁霖唱，更陈多露言。平原思令弟，康乐谢贤昆。逸兴方三接，衰颜强七奔。相如今老病，归守茂陵园。
[唐]王维,《观别者》,青青杨柳陌。陌上别离人。展开全文爱子游燕赵。高堂有老亲。不行无可养。行去百忧新。切切委兄弟。依依向四邻。都门帐饮毕。从此谢亲宾。挥涕逐前侣。含凄动征轮。车徒望不见。时见起行尘。吾（一作余）亦辞家久（一作者)。看之泪满巾。
[唐]王维,《过李楫宅》,闲门秋草色。终日无车马。展开全文客来深巷中。犬吠寒林下。散发时未簪。道书行尚把。与我同心人。乐道安贫者。一罢宜城酌。还归洛阳社。
[唐]王维,《奉和圣制从蓬莱向兴庆阁道中留春雨中春望之》,渭水自萦秦塞曲，黄山旧绕汉宫斜。銮舆迥出千门柳，阁道回看上苑花。云里帝城双凤阙，雨中春树万人家。展开全文为乘阳气行时令，不是宸游玩物华。
[唐]王维,《赠裴迪》,不相见。不相见来久。展开全文日日泉水头。常忆同携手。携手本同心。复叹忽分襟。相忆今如此。相思深不深。
[唐]王维,《新秦郡松树歌》,青青山上松。数里不见今更逢。展开全文不见君。心相忆。此心向君君应识。为君颜色高且闲。亭亭迥出浮云间。
[唐]王维,《鱼山神女祠歌》,〔一作渔山神女智琼祠二首〕〔张茂先神女赋序曰。魏济北从事弦超。嘉平中。夜梦神展开全文女来。自称天上玉女。姓成公。字智琼。东郡人。早失父母。天地哀其孤苦。令得下嫁。后三四日一来。即乘辎［车并］。衣罗绮。智琼能隐其形。不能藏其声。且芬香达于室宇。颇为人知。一旦。神女别去。留赠裙衫［衤两］裆。述征记曰。魏嘉平中。有神女成公智琼。降弦超。同室疑其有奸。智琼乃绝。后五年。超使将之洛西。至济北渔山下陷上。①遥望曲道头。有车马似智琼。果是。至洛。克复旧好。唐王勃杂曲曰。智琼神女。来访文君。按十道志云。渔山一名吾山。汉武帝过渔山。作［夸瓜］子歌云。吾山平兮巨野溢。是也。〕①笺注本“陷”作“陌”，是。
[唐]王维,《相和歌辞·祠渔山神女歌·迎神》,坎坎击鼓，渔山之下。吹洞箫，望极浦。女巫进，纷屡舞。陈瑶席，湛清酤。风凄凄，又夜雨。展开全文不知神之来兮不来，使我心兮苦复苦。
[唐]王维,《谒璿上人》,少年不足言，识道年已长。事往安可悔，馀生幸能养。誓从断臂血，不复婴世网。浮名寄缨珮，空性无羁鞅。展开全文夙承大导师，焚香此瞻仰。颓然居一室，覆载纷万象。高柳早莺啼，长廊春雨响。床下阮家屐，窗前筇竹杖。方将见身云，陋彼示天壤。一心在法要，愿以无生奖。
[唐]王维,《济上四贤咏·崔录事》,解印归田里，贤哉此丈夫。少年曾任侠，晚节更为儒。遁迹东山下，因家沧海隅。已闻能狎鸟，余欲共乘桴。
[唐]王维,《从岐王夜宴卫家山池应教》,座客香貂满，宫娃绮幔张。涧花轻粉色，山月少灯光。积翠纱窗暗，飞泉绣户凉。还将歌舞出，归路莫愁长。
[唐]王维,《寄荆州张丞相》,所思竟何在，怅望深荆门。举世无相识，终身思旧恩。方将与农圃，艺植老丘园。目尽南飞雁，何由寄一言。
[唐]王维,《和尹谏议史馆山池》,云馆接天居，霓裳侍玉除。春池百子外，芳树万年馀。洞有仙人箓，山藏太史书。君恩深汉帝，且莫上空虚。
[唐]王维,《奉和圣制从蓬莱向兴庆阁道中留春雨中春望之》,渭水自萦秦塞曲，黄山旧绕汉宫斜。銮舆迥出千门柳，阁道回看上苑花。展开全文云里帝城双凤阙，雨中春树万人家。为乘阳气行时令，不是宸游玩物华。
[唐]王维,《登辨觉寺》,竹径从初地，莲峰出化城。窗中三楚尽，林上九江平。软草承趺坐，长松响梵声。空居法云外，观世得无生。
[唐]王维,《归辋川作》,谷口疏钟动，渔樵稍欲稀。悠然远山暮，独向白云归。菱蔓弱难定，杨花轻易飞。东皋春草色，惆怅掩柴扉。
[唐]王维,《淇上田园即事》,屏居淇水上，东野旷无山。日隐桑柘外，河明闾井间。牧童望村去，猎犬随人还。静者亦何事，荆扉乘昼关。
[唐]王维,《献始兴公》,〔时拜右拾遗〕宁栖野树林。展开全文宁饮涧水（一作中）流。不用坐【粱】（梁）肉。崎岖见王侯。鄙哉匹夫节。布褐将白头。任智诚则短。守任固其优。侧闻大君子。安问党与雠。所不卖公器。动为苍生谋。贱子跪自陈。可为帐下不。感激有公议。曲私非所求。
[唐]王维,《千塔主人》,逆旅逢佳节，征帆未可前。窗临汴河水，门渡楚人船。鸡犬散墟落，桑榆荫远田。所居人不见，枕席生云烟。
[唐]王维,《杂曲歌辞·少年行四首》,新丰美酒斗十千，咸阳游侠多少年。相逢意气为君饮，系马高楼垂柳边。展开全文汉家君臣欢宴终，高议云台论战功。天子临轩赐侯印，将军佩出明光宫。出身仕汉羽林郎，初随骠骑战渔阳。孰知不向边庭苦，纵死犹闻侠骨香。一身能擘两雕弧，虏骑千群只似无。偏坐金鞍调白羽，纷纷射杀五单于。
[唐]王维,《过乘如禅师萧居士嵩丘兰若》,无著天亲弟与兄，嵩丘兰若一峰晴。食随鸣磬巢乌下，行踏空林落叶声。迸水定侵香案湿，雨花应共石床平。展开全文深洞长松何所有，俨然天竺古先生。
[唐]王维,《田园乐七首（一作辋川六言，第六首一作皇甫》,厌见千门万户，经过北里南邻。官府鸣珂有底，崆峒散发何人。展开全文再见封侯万户，立谈赐璧一双。讵胜耦耕南亩，何如高卧东窗。采菱渡头风急，策杖林西日斜。杏树坛边渔父，桃花源里人家。萋萋春草秋绿，落落长松夏寒。牛羊自归村巷，童稚不识衣冠。山下孤烟远村，天边独树高原。一瓢颜回陋巷，五柳先生对门。桃红复含宿雨，柳绿更带朝烟。花落家童未扫，莺啼山客犹眠。酌酒会临泉水，抱琴好倚长松。南园露葵朝折，东谷黄粱夜舂。
[唐]王维,《酬虞部苏员外过蓝田别业不见留之作》,贫居依谷口，乔木带荒村。石路枉回驾，山家谁候门。渔舟胶冻浦，猎火烧寒原。唯有白云外，疏钟闻夜猿。
