[唐]孟浩然,《春晓》,春眠不觉晓，处处闻啼鸟。夜来风雨声，花落知多少。
[唐]孟浩然,《过故人庄》,故人具鸡黍，邀我至田家。绿树村边合，青山郭外斜。展开全文开轩面场圃，把酒话桑麻。待到重阳日，还来就菊花。
[唐]孟浩然,《宿建德江》,移舟泊烟渚，日暮客愁新。野旷天低树，江清月近人。
[唐]孟浩然,《夜归鹿门歌》,山寺钟鸣昼已昏，渔梁渡头争渡喧。人随沙路向江村，余亦乘舟归鹿门。展开全文鹿门月照开烟树，忽到庞公栖隐处。岩扉松径长寂寥，惟有幽人夜来去。
[唐]孟浩然,《夜归鹿门歌》,山寺钟鸣昼已昏，渔梁渡头争渡喧。人随沙岸向江村，余亦乘舟归鹿门。展开全文鹿门月照开烟树，忽到庞公栖隐处。岩扉松径长寂寥，惟有幽人自来去。
[唐]孟浩然,《夏日南亭怀辛大》,山光忽西落，池月渐东上。散发乘夕凉，开轩卧闲敞。展开全文荷风送香气，竹露滴清响。欲取鸣琴弹，恨无知音赏。感此怀故人，中宵劳梦想。
[唐]孟浩然,《与诸子登岘山》,人事有代谢，往来成古今。江山留胜迹，我辈复登临。展开全文水落鱼梁浅，天寒梦泽深。羊公碑字在，读罢泪沾襟。
[唐]孟浩然,《宿桐庐江寄广陵旧游》,山暝听猿愁，沧江急夜流。风鸣两岸叶，月照一孤舟。展开全文建德非吾土，维扬忆旧游。还将两行泪，遥寄海西头。
[唐]孟浩然,《留别王侍御维/留别王维》,寂寂竟何待，朝朝空自归。欲寻芳草去，惜与故人违。展开全文当路谁相假，知音世所稀。只应守寂寞，还掩故园扉。
[唐]孟浩然,《秋登兰山寄张五》,一作九月九日岘山寄张子容北山白云里，隐者自怡悦。展开全文相望试登高，心随雁飞灭愁因薄暮起，兴是清秋发。时见归村人，沙行渡头歇。天边树若荠，江畔舟如月。何当载酒来，共醉重阳节。
[唐]孟浩然,《秋登兰山寄张五》,北山白云里，隐者自怡悦。相望试登高，心随雁飞灭。展开全文愁因薄暮起，兴是清秋发。时见归村人，沙行渡头歇。天边树若荠，江畔洲如月。何当载酒来，共醉重阳节。
[唐]孟浩然,《岁暮归南山》,北阙休上书，南山归敝庐。不才明主弃，多病故人疏。展开全文白发催年老，青阳逼岁除。永怀愁不寐，松月夜窗虚。
[唐]孟浩然,《早寒江上有怀》,木落雁南度，北风江上寒。我家襄水曲，遥隔楚云端。乡泪客中尽，孤帆天际看。迷津欲有问，平海夕漫漫。
[唐]孟浩然,《早寒江上有怀》,木落雁南渡，北风江上寒。我家襄水曲，遥隔楚云端。展开全文乡泪客中尽，孤帆天际看。迷津欲有问，平海夕漫漫。
[唐]孟浩然,《宿业师山房待丁大不至》,一作宿来公山房期丁大不至夕阳度西岭，群壑倏已暝。展开全文松月生夜凉，风泉满清听。樵人归欲尽，烟鸟栖初定。之子期宿来，孤琴候萝迳。
[唐]孟浩然,《宿业师山房待丁大不至》,夕阳度西岭，群壑倏已暝。松月生夜凉，风泉满清听。展开全文樵人归欲尽，烟鸟栖初定。之子期宿来，孤琴候萝径。
[唐]孟浩然,《渡浙江问舟中人》,潮落江平未有风，扁舟共济与君同。时时引领望天末，何处青山是越中？
[唐]孟浩然,《望洞庭湖赠张丞相》,八月湖水平，涵虚混太清。气蒸云梦泽，波撼岳阳城。展开全文欲济无舟楫，端居耻圣明。坐观垂钓者，徒有羡鱼情。
[唐]孟浩然,《送杜十四之江南》,荆吴相接水为乡，君去春江正淼茫。(淼茫同：渺)日暮征帆何处泊，天涯一望断人肠。
[唐]孟浩然,《秦中感秋寄远上人》,一丘尝欲卧，三径苦无资。北土非吾愿，东林怀我师。展开全文黄金燃桂尽，壮志逐年衰。日夕凉风至，闻蝉但益悲。
[唐]孟浩然,《题大禹寺义公禅房》,义公习禅寂，结宇依空林。户外一峰秀，阶前众壑深。展开全文夕阳连雨足，空翠落庭阴。看取莲花净，方知不染心。
[唐]孟浩然,《凉州词》,浑成紫檀金屑文，作得琵琶声入云。胡地迢迢三万里，那堪马上送明君。展开全文异方之乐令人悲，羌笛胡笳不用吹。坐看今夜关山月，思杀边城游侠儿。
[唐]孟浩然,《舟中晓望》,挂席东南望，青山水国遥。舳舻争利涉，来往接风潮。展开全文问我今何去，天台访石桥。坐看霞色晓，疑是赤城标。
[唐]孟浩然,《送朱大入秦》,游人五陵去，宝剑值千金。分手脱相赠，平生一片心。
[唐]孟浩然,《送朱大入秦》,游人武陵去，宝剑直千金。分手脱相赠，平生一片心。
[唐]孟浩然,《洛中访袁拾遗不遇》,洛阳访才子，江岭作流人。闻说梅花早，何如北地春。
[唐]孟浩然,《田家元日》,昨夜斗回北，今朝岁起东。我年已强仕，无禄尚忧农。展开全文桑野就耕父，荷锄随牧童。田家占气候，共说此年丰。
[唐]孟浩然,《秦中寄远上人》,一丘常欲卧，三径苦无资。北土非吾愿，东林怀我师。展开全文黄金燃桂尽，壮志逐年衰。日夕凉风至，闻蝉但益悲。
[唐]孟浩然,《清明日宴梅道士房》,林卧愁春尽，开轩览物华。忽逢青鸟使，邀入赤松家。展开全文金灶初开火，仙桃正发花。童颜若可驻，何惜醉流霞。
[唐]孟浩然,《题终南翠微寺空上人房①》,翠微终南里，雨后宜返照。闭关久沈冥，杖策一登眺。展开全文遂造幽人室，始知静者妙。儒道虽异门，云林颇同调。两心相喜得，毕景共谈笑。暝还高窗眠，时见远山烧。缅怀赤城标，更忆临海峤。风泉有清音，何必苏门啸。
[唐]孟浩然,《初春汉中漾舟》,羊公岘山下，神女汉皋曲。雪罢冰复开，春潭千丈绿。展开全文轻舟恣来往，探玩无厌足。波影摇妓钗，沙光逐人目。倾杯鱼鸟醉，联句莺花续。良会难再逢，日入须秉烛。
[唐]孟浩然,《初春汉中漾舟》,漾舟逗何处，神女汉皋曲。①雪罢冰复开，春潭千丈绿。展开全文轻舟恣来往，探玩无厌足。②波影摇妓钗，沙光逐人目。③倾杯鱼鸟醉，联句莺花续。④良会难再逢，日入须秉烛。⑤
[唐]孟浩然,《耶溪泛舟》,落景余清辉，轻桡弄溪渚。泓澄爱水物，临泛何容与。展开全文白首垂钓翁，新妆浣纱女。相看未相识，脉脉不得语。
[唐]孟浩然,《耶溪泛舟》,落景馀清辉，轻桡弄溪渚。澄明爱水物，临泛何容与。白首垂钓翁，新妆浣纱女。相看似相识，脉脉不得语。
[唐]孟浩然,《自洛之越》,皇皇三十载，书剑两无成。山水寻吴越，风尘厌洛京。展开全文扁舟泛湖海，长揖谢公卿。且乐杯中物，谁论世上名。
[唐]孟浩然,《长安早春　一作张子容诗》,关戍惟东井，城池起北辰。咸歌太平日，共乐建寅春。雪尽青山树，冰开黑水滨。草迎金埒马，花伴玉楼人。展开全文鸿渐看无数，莺歌听欲频。何当遂荣擢，归及柳条新。
[唐]孟浩然,《秋宵月下有怀》,秋空明月悬，光彩露沾湿。惊鹊栖未定，飞萤卷帘入。①展开全文庭槐寒影疏，邻杵夜声急。②佳期旷何许！望望空伫立。
[唐]孟浩然,《早梅》,园中有早梅，年例犯寒开。少妇争攀折，将归插镜台。①展开全文犹言看不足，更欲剪刀裁。
[唐]孟浩然,《庭橘》,明发览群物，万木何阴森。凝霜渐渐水，庭橘似悬金。展开全文女伴争攀摘，摘窥碍叶深。并生怜共蒂，相示感同心。骨刺红罗被，香黏翠羽簪。擎来玉盘里，全胜在幽林。
[唐]孟浩然,《庭橘》,明发览群物，万木何阴森。凝霜渐渐水，庭橘似悬金。展开全文女伴争攀摘，摘窥碍叶深。并生怜共蒂，相示感同心。骨刺红罗被，香黏翠羽簪。擎来玉盘里，全胜在幽林。
[唐]孟浩然,《入峡寄弟》,吾昔与汝辈，读书常闭门。未尝冒湍险，岂顾垂堂言。展开全文自此历江湖，辛勤难具论。往来行旅弊，开凿禹功存。壁立千峰峻，淙流万壑奔。我来凡几宿，无夕不闻猿。浦上摇归恋，舟中失梦魂。泪沾明月峡，心断鶺鸰原。离阔星难聚，秋深露易繁。因君下南楚，书此寄乡园。
[唐]孟浩然,《入峡寄弟》,吾昔与尔辈，读书常闭门。未尝冒湍险，岂顾垂堂言。自此历江湖，辛勤难具论。往来行旅弊，开凿禹功存。展开全文壁立千峰峻，潈流万壑奔。我来凡几宿，无夕不闻猿。浦上摇归恋，舟中失梦魂。泪沾明月峡，心断鶺鴒原。离阔星难聚，秋深露已繁。因君下南楚，书此示乡园。
[唐]孟浩然,《岁暮海上作》,仲尼既已殁，余亦浮于海。昏见斗柄回，方知岁星改。展开全文虚舟任所适，垂钓非有待。为问乘槎人，沧洲复谁在？
[唐]孟浩然,《岁暮海上作》,仲尼既云殁，余亦浮于海。昏见斗柄回，方知岁星改。虚舟任所适，垂钓非有待。为问乘槎人，沧洲复谁在。
[唐]孟浩然,《晚春卧疾寄张八子容①》,南陌春将晚，北窗犹卧病。林园久不游，草木一何盛。狭迳花障迷，闲庭竹扫净。翠羽戏兰苕，赪鳞动荷柄。展开全文念我平生好，江乡远从政。云山阻梦思，衾枕劳歌咏。歌咏复何为，同心恨别离。世途皆自媚，流俗寡相知。贾谊才空逸，安仁鬓欲丝。遥情每东注，奔晷复西驰。常恐填沟壑，无由振羽仪。穷通若有命，欲向论中推。
[唐]孟浩然,《岁暮海上作》,仲尼既已没，余亦浮于海。①昏见斗柄回，方知岁星改。②展开全文虚舟任所适，垂钓非有待。③为问乘槎人，沧洲复何在。④
[唐]孟浩然,《登望楚山最高顶》,山水观形胜，襄阳美会稽。最高唯望楚，曾未一攀跻。展开全文石壁疑削成，众山比全低。晴明试登陟，目极无端倪。云梦掌中小，武陵花处迷。暝还归骑下，萝月映深溪。
[唐]孟浩然,《陪张丞相祠紫盖山途经玉泉寺》,望秩宣王命，斋心待漏行。青衿列胄子，从事有参卿。展开全文五马寻归路，双林指化城。闻钟度门近，照胆玉泉清。皂盖依松憩，缁徒拥锡迎。天宫上兜率，沙界豁迷明。欲就终焉志，恭闻智者名。人随逝水没，波逐覆舟倾。想像若在眼，周流空复情。谢公还欲卧，谁与济苍生。
[唐]孟浩然,《书怀贻京邑同好①》,维先自邹鲁，家世重儒风。诗礼袭遗训，趋庭沾末躬。展开全文昼夜常自强，词翰颇亦工。三十既成立，嗟吁命不通。慈亲向羸老，喜惧在深衷。甘脆朝不足，箪瓢夕屡空。执鞭慕夫子，捧檄怀毛公。感激遂弹冠，安能守固穷。当途诉知己，投刺匪求蒙。秦楚邈离异，翻飞何日同。
[唐]孟浩然,《题李十四庄，兼赠綦毋校书》,闻君息阴地，东郭柳林间。左右瀍涧水，门庭缑氏山。抱琴来取醉，垂钓坐乘闲。归客莫相待，寻源殊未还。
[唐]孟浩然,《和于判官登万山亭因赠洪府都督韩公》,韩公是襄土，日赏城西岑。结构意不浅，岩潭趣转深。展开全文皇华一动咏，荆国几讴吟。旧径兰勿剪，新堤柳欲阴。砌傍余怪石，沙上有闲禽。自牧豫章郡，空瞻枫树林。因声寄流水，善听在知音。耆旧眇不接，崔徐无处寻。物情多贵远，贤後岂无今。迟尔长江暮，澄清一洗心。
[唐]孟浩然,《寻香山湛上人①》,朝游访名山，山远在空翠。②氛氲亘百里，日入行始至。展开全文谷口闻钟声，林端识香气。③杖策寻故人，解鞍暂停骑。石门殊豁险，篁迳转森邃。④法侣欣相逢，清谈晓不寐。平生慕真隐，累日探灵异。⑤野老朝入田，山僧暮归寺。⑥松泉多逸响，苔壁饶古意。⑦愿言投此山，身世两相弃。
[唐]孟浩然,《南归阻雪》,一作南阳北阻雪我行滞宛许，日夕望京豫。展开全文旷野莽茫茫，乡山在何处。孤烟村际起，归雁天边去。积雪覆平皋，饥鹰捉寒兔。少年弄文墨，属意在章句。十上耻还家，徘徊守归路。
[唐]孟浩然,《清明即事》,帝里重清明，人心自愁思。车声上路合，柳色东城翠。展开全文花落草齐生，莺飞蝶双戏。空堂坐相忆，酌茗聊代醉。
[唐]孟浩然,《宿天台桐柏观①》,海行信风帆，夕宿逗云岛。缅寻沧洲趣，近爱赤城好。②展开全文扪萝亦践苔，辍棹恣探讨。息阴憩桐柏，采秀弄芝草。鹤唳清露垂，鸡鸣信潮早。愿言解缨络，从此去烦恼。③高步陵四明，玄踪得二老。④纷吾远游意，乐彼长生道。日夕望三山，云涛空浩浩。⑤
[唐]孟浩然,《南归阻雪》,我行滞宛许，日夕望京豫。旷野莽茫茫，乡山在何处。展开全文孤烟村际起，归雁天边去。积雪覆平皋，饥鹰捉寒兔。少年弄文墨，属意在章句。十上耻还家，裴回守归路。
[唐]孟浩然,《荆门上张丞相》,共理分荆国，招贤愧不材。召南风更阐，丞相阁还开。觏止欣眉睫，沉沦拔草莱。坐登徐孺榻，频接李膺杯。展开全文始慰蝉鸣柳，俄看雪间梅。四时年籥尽，千里客程催。日下瞻归翼，沙边厌曝鳃。伫闻宣室召，星象列三台。
[唐]孟浩然,《田园作①》,弊庐隔尘喧，惟先养恬素。卜邻近三径，植果盈千树。展开全文粤余任推迁，三十犹未遇。书剑时将晚，丘园日已暮。晨兴自多怀，昼坐常寡悟。冲天羡鸿鹄，争食羞鸡鹜。望断金马门，劳歌采樵路。乡曲无知己，朝端乏亲故。谁能为扬雄，一荐甘泉赋。
[唐]孟浩然,《从张丞相游纪南城猎戏赠裴迪张参军①》,从禽非吾乐，不好云梦田。岁暮登城望，偏令乡思悬。展开全文公卿有几几，车骑何翩翩。世禄金张贵，官曹幕府贤。顺时行杀气，飞刃争割鲜。十里届宾馆，征声匝妓筵。高标回落日，平楚散芳烟。何意狂歌客，从公亦在旃。
[唐]孟浩然,"《宿扬子津,寄润州长山刘隐士》",所思在建业，欲往大江深。日夕望京口，烟波愁我心。展开全文心驰茅山洞，目极枫树林。不见少微隐，星霜劳夜吟。
[唐]孟浩然,《云门寺西六七里闻符公兰若最幽与薛八同往》,谓予独迷方，逢子亦在野。结交指松柏，问法寻兰若。展开全文小溪劣容舟，怪石屡惊马。所居最幽绝，所住皆静者。云簇兴座隅，天空落阶下。上人亦何闻，尘念都已舍。四禅合真如，一切是虚假。愿承甘露润，喜得惠风洒。依止托山门，谁能效丘也。
[唐]孟浩然,《高阳池送朱二》,当昔襄阳雄盛时，山公常醉习家池。池边钓女日相随，妆成照影竞来窥。展开全文澄波淡淡芙蓉发，绿岸毵毵杨柳垂。一朝物变人亦非，四面荒凉人住稀。意气豪华何处在？空余草露湿罗衣。此地朝来饯行者，翻向此中牧征马。征马分飞日渐斜，见此空为人所嗟。殷勤为访桃源路，予亦归来松子家。
[唐]孟浩然,《陪张丞相自松滋江东泊渚宫》,放溜下松滋，登舟命楫师。讵忘经济日，不惮沍寒时。展开全文洗帻岂独古，濯缨良在兹。政成人自理，机息鸟无疑。云物凝孤屿，江山辨四维。晚来风稍急，冬至日行迟。腊响惊云梦，渔歌激楚辞。渚宫何处是，川暝欲安之。
[唐]孟浩然,《同张明府碧溪赠答》,别业闻新制，同声和者多。还看碧溪答，不羡绿珠歌。展开全文自有阳台女，朝朝拾翠过。舞庭铺锦绣，妆牖闭藤萝。秩满休闲日，春余景色和。仙凫能作伴，罗袜共凌波。别岛寻花乐，回潭折芰荷。更怜斜日照，红粉艳青娥。
[唐]孟浩然,《送韩使君除洪州都曹》,述职抚荆衡，分符袭宠荣。往来看拥传，前后赖专城。展开全文勿翦棠犹在，波澄水更清。重推江汉理，旋改豫章行。召父多遗爱，羊公有令名。衣冠列祖道，耆旧拥前旌。岘首晨风送，江陵夜火迎。无才惭孺子，千里愧同声。
[唐]孟浩然,《来闍黎新亭作》,八解禅林秀，三明给苑才。地偏香界远，心净水亭开。展开全文傍险山查立，寻幽石迳回。瑞花长自下，灵药岂须栽。碧网交红树，清泉尽绿苔。戏鱼闻法聚，闲鸟诵经来。弃象玄应悟，忘言理必该。静中何所得，吟咏也徒哉。
[唐]孟浩然,《越中逢天台太一子①》,仙穴逢羽人，停舻向前拜。②问余涉风水，何处远行迈？③展开全文登陆寻天台，顺流下吴会。兹山夙所尚，安得闻灵怪。④上逼青天高，俯临沧海大。⑤鸡鸣见日出，每与仙人会。⑥来去赤城中，逍遥白云外。莓苔异人间，瀑布当空界。⑦福庭长不死，华顶旧称最。⑧永愿从之游，何当济所届。⑨
[唐]孟浩然,《题终南翠微寺空上人房》,一作题终南翠微寺翠微终南里，雨後宜返照。展开全文闭关久沈冥，杖策一登眺。遂造幽人室，始知静者妙。儒道虽异门，云林颇同调。两心喜相得，毕景共谈笑。暝还高窗眠，时见远山烧。缅怀赤城标，更忆临海峤。风泉有清音，何必苏门啸。
[唐]孟浩然,《游精思观回，王白云在後》,出谷未停午，到家日已曛。回瞻下山路，但见牛羊群。展开全文樵子暗相失，草虫寒不闻。衡门犹未掩，伫立望夫君。
[唐]孟浩然,《寒夜》,闺夕绮窗闭，佳人罢缝衣。理琴开宝匣，就枕卧重帏。展开全文夜久灯花落，薰笼香气微。锦衾重自暖，遮莫晓霜飞。
[唐]孟浩然,《行出东山望汉川》,一题作行至汉川作异县非吾土，连山尽绿篁。展开全文平田出郭少，盘阪入云长。万壑归于海，千峰划彼苍。猿声乱楚峡，人语带巴乡。石上攒椒树，藤间养蜜房。雪余春未暖，岚解昼初阳。征马疲登顿，归帆爱渺茫。坐欣沿溜下，信宿见维桑。
[唐]孟浩然,《云门寺西六七里闻符公兰若最幽与薛八同往①》,谓余独迷方，逢子亦在野。结交指松柏，问法寻兰若。展开全文小溪劣容舟，怪石屡惊马。②所居最幽绝，所住皆静者。密筱夹路傍，清泉流舍下。③上人亦何闻，尘念俱已舍。四禅合真如，一切是虚假。④愿承甘露润，喜得惠风洒。依止此山门，谁能效丘也。⑤
[唐]孟浩然,《仲夏归汉南园寄京邑旧游①》,尝读高士传，最嘉陶徵君。②日耽田园趣，自谓羲皇人。③展开全文余复何为者，栖栖徒问津。中年废丘壑，上国旅风尘。④忠欲事明主，孝思侍老亲。归来当炎夏，耕稼不及春。⑤扇枕北窗下，采芝南涧滨。因声谢同列，吾慕颍阳真。⑥
[唐]孟浩然,《题长安主人壁》,久废南山田，叨陪东阁贤。①欲随平子去，犹未献甘泉。②展开全文枕席琴书满，褰帏远岫连。③我来如昨日，庭树忽鸣蝉。促织惊寒女，秋风感长年。④授衣当九月，无褐竟谁怜。
[唐]孟浩然,《湖中旅泊寄阎九司户防》,桂水通百越，扁舟期晓发。荆云蔽三巴，夕望不见家。展开全文襄王梦行雨，才子谪长沙。长沙饶瘴疠，胡为苦留滞。久别思款颜，承欢怀接袂。接袂杳无由，徒增旅泊愁。清猿不可听，沿月下湘流。
[唐]孟浩然,《山中逢道士云公》,春馀草木繁，耕种满田园。酌酒聊自劝，农夫安与言。忽闻荆山子，时出桃花源。采樵过北谷，卖药来西村。展开全文村烟日云夕，榛路有归客。杖策前相逢，依然是畴昔。邂逅欢觏止，殷勤叙离隔。谓予搏扶桑，轻举振六翮。奈何偶昌运，独见遗草泽。既笑接舆狂，仍怜孔丘厄。物情趋势利，吾道贵闲寂。偃息西山下，门庭罕人迹。何时还清溪，从尔炼丹液。
[唐]孟浩然,《夜渡湘水》,一作崔国辅诗客舟贪利涉，暗里渡湘川。展开全文露气闻芳杜，歌声识采莲。榜人投岸火，渔子宿潭烟。行侣时相问，浔阳何处边。
[唐]孟浩然,《送王昌龄之岭南》,洞庭去远近，枫叶早惊秋。岘首羊公爱，长沙贾谊愁。土毛无缟纻，乡味有槎头。已抱沈痼疾，更贻魑魅忧。展开全文数年同笔砚，兹夕间衾裯。意气今何在，相思望斗牛。
[唐]孟浩然,《登龙兴寺阁》,阁道乘空出，披轩远目开。逶迤见江势，客至屡缘回。兹郡何填委，遥山复几哉。苍苍皆草木，处处尽楼台。展开全文骤雨一阳散，行舟四海来。鸟归馀兴远，周览更裴回。
[唐]孟浩然,《西山寻辛谔》,漾舟寻水便，因访故人居。落日清川里，谁言独羡鱼。石潭窥洞彻，沙岸历纡徐。竹屿见垂钓，茅斋闻读书。展开全文款言忘景夕，清兴属凉初。回也一瓢饮，贤哉常晏如。
[唐]孟浩然,《登安阳城楼》,县城南面汉江流，江涨开成南雍州。才子乘春来骋望，群公暇日坐销忧。展开全文楼台晚映青山郭，罗绮晴骄绿水洲。向夕波摇明月动，更疑神女弄珠游。
[唐]孟浩然,《送王昌龄之岭南》,洞庭去远近，枫叶早惊秋。岘首羊公爱，长沙贾谊愁。展开全文土毛无缟纻，乡味有查头。已抱沈痼疾，更贻魑魅忧。数年同笔砚，兹夕异衾裯。意气今何在，相思望斗牛。
[唐]孟浩然,《登龙兴寺阁》,阁道乘空出，披轩远目开。逶迤见江势，客至屡缘回。展开全文兹郡何填委，遥山复几哉！苍苍皆草木，处处尽楼台。骤雨一阳散，行舟四海来。鸟归余兴远，周览更徘徊。
[唐]孟浩然,《上巳日涧南园期王山人陈七诸公不至》,摇艇候明发，花源弄晚春。在山怀绮季，临汉忆荀陈。展开全文上巳期三月，浮杯兴十旬。坐歌空有待，行乐恨无邻。日晚兰亭北，烟开曲水滨。浴蚕逢姹女，采艾值幽人。石壁堪题序，沙场好解绅。群公望不至，虚掷此芳晨。
[唐]孟浩然,《西山寻辛谔》,漾舟乘水便，因访故人庄。落日清川里，谁言独羡鱼？展开全文石潭窥洞彻，沙岸历纡徐。竹屿见垂钓，茅斋闻读书。款言忘景夕，清兴属凉初。回也一瓢饮，贤哉常晏如。
[唐]孟浩然,《登江中孤屿赠白云先生王迥①》,悠悠清江水，水落沙屿出。回潭石下深，绿筱岸傍密。展开全文鲛人潜不见，渔父歌自逸。忆与君别时，泛舟如昨日。夕阳开返照，中坐兴非一。南望鹿门山，归来恨如失。
[唐]孟浩然,《山中逢道士云公》,春余草木繁，耕种满田园。酌酒聊自劝，农夫安与言。展开全文忽闻荆山子，时出桃花源。①采樵过北谷，卖药来西村。村烟日云夕，榛路有归客。杖策前相逢，沂然是畴昔。邂逅欢觏止，殷勤叙离隔。谓予搏扶桑，轻举振六翮。②奈何偶昌运，独见遗草泽。既笑接舆狂，仍怜孔丘厄。物情趋势利，吾道贵闲寂。偃息西山下，门庭罕人迹。何时还清溪，从尔炼丹液。
[唐]孟浩然,《夜登孔伯昭南楼时沈太清朱升在座》,谁家无风月，此地有琴尊。山水会稽郡，诗书孔氏门。再来值秋杪，高阁夜无喧。华烛罢然蜡，清弦方奏鹍。展开全文沈生隐侯胤，朱子买臣孙。好我意不浅，登兹共话言。
[唐]孟浩然,《襄阳公宅饮①》,窈窕夕阳佳，丰茸春色好。欲觅淹留处，无过狭斜道。②展开全文绮席卷龙须，香杯浮玛瑙。③北林积修树，南池生别岛。④手拨金翠花，心迷玉红草。⑤谈天光六义，发论明三倒。⑥座非陈子惊，门还魏公扫。⑦荣辱应无间，欢娱当共保。⑧
[唐]孟浩然,《白云先生迥见访①》,闲归日无事，云卧昼不起。②有客款柴扉，自云巢居子。展开全文居闲好芝术，采药来城市。③家在鹿门山，常游涧泽水。手持白羽扇，脚步青芒履。闻道鹤书徵，临流还洗耳。④
[唐]孟浩然,《屿赠白云先生王迥》,悠悠清水江，水落沙屿出。回潭石下深，绿筿岸傍密。展开全文鲛人潜不见，渔父歌自逸。忆与君别时，泛舟如昨日。夕阳开返照，中坐兴非一。南望鹿门山，归来恨如失。
[唐]孟浩然,《宴包二融宅》,一作宴鲍二宅闲居枕清洛，左右接大野。展开全文门庭无杂宾，车辙多长者。是时方盛夏，风物自潇洒。五日休沐归，相携竹林下。开襟成欢趣，对酒不能罢。烟暝栖鸟迷，余将归白社。
[唐]孟浩然,《登总持寺浮图》,半空跻宝塔，晴望尽京华。竹绕渭川遍，山连上苑斜。展开全文四门开帝宅，阡陌俯人家。累劫从初地，为童忆聚沙。一窥功德见，弥益道心加。坐觉诸天近，空香送落花。
[唐]孟浩然,《同独孤使君东斋作》,郎官旧华省，天子命分忧。襄土岁频旱，随车雨再流。展开全文云阴自南楚，河润及东周。廨宇宜新霁，田家贺有秋。竹间残照入，池上夕阳浮。寄谢东阳守，何如八咏楼？
[唐]孟浩然,《疾愈过龙泉寺精舍呈易业二公①》,停午闻山钟，起行散愁疾。寻林采芝去，转谷松翠密。展开全文傍见精舍开，长廊饭僧毕。石渠流雪水，金子耀霜橘。竹房思旧游，过憩终永日。入洞窥石髓，傍崖采蜂蜜。日暮辞远公，虎溪相送出。
[唐]孟浩然,《湘中旅泊寄阎九司户防①》,桂水通百越，扁舟期晓发。②荆云蔽三巴，夕望不见家。③展开全文襄王梦行雨，才子谪长沙。长沙饶瘴疬，胡为苦留滞。④久别思款颜，承欢怀接袂。⑤接袂杳无由，徒增旅泊愁。清猿不可听，沿月下湘流。
[唐]孟浩然,《自浔阳泛舟经明海①》,大江分九派，淼漫成水乡。②舟子乘利涉，往来至浔阳。③展开全文因之泛五湖，流浪经三湘。④观涛壮枚发，吊屈痛沉湘。⑤魏阙心恒在，金门诏不忘。⑥遥怜上林雁，冰泮已回翔。⑦
[唐]孟浩然,《除夜有怀》,五更钟漏欲相催，四气推迁往复回。帐里残灯才去焰，炉中香气尽成灰。渐看春逼芙蓉枕，顿觉寒销竹叶杯。展开全文守岁家家应未卧，相思那得梦魂来。
[唐]孟浩然,《送莫甥兼诸昆弟从韩司马入西军》,念尔习诗礼，未曾尝户庭。平生早偏露，万里更飘零。展开全文坐弃三冬业，行观八阵形。饰装辞故里，谋策赴边庭。壮志吞鸿鹄，遥心伴鶺鸰。所从文且武，不战自应宁。
[唐]孟浩然,《岘山送萧员外之荆州》,岘山江岸曲，郢水郭门前。自古登临处，非今独黯然。展开全文亭楼明落照，井邑秀通川。涧竹生幽兴，林风入管弦。再飞鹏激水，一举鹤冲天。伫立三荆使，看君驷马旋。
[唐]孟浩然,《陪卢明府泛舟回岘山作》,百里行春返，清流逸兴多。鹢舟随雁泊，江火共星罗。已救田家旱，仍医俗化讹。文章推后辈，风雅激颓波。展开全文高岸迷陵谷，新声满棹歌。犹怜不才子，白首未登科。
[唐]孟浩然,《下赣石》,赣石三百里，沿洄千嶂间。沸声常活活，洊势亦潺潺。跳沫鱼龙沸，垂藤猿狖攀。榜人苦奔峭，而我忘险艰。展开全文放溜情弥惬，登舻目自闲。暝帆何处宿，遥指落星湾。
[唐]孟浩然,《初秋》,不觉初秋夜渐长，清风习习重凄凉。炎炎暑退茅斋静，阶下丛莎有露光。
[唐]孟浩然,《早发渔浦潭①》,东旭早光芒，渚禽已惊聒。②卧闻渔浦口，桡声暗相拔。展开全文日出气象分，始知江路阔。③美人常晏起，照影弄流沫。饮水畏惊猿，祭鱼时见獭。④舟行自无闷，况值晴景豁。
[唐]孟浩然,《江上别流人》,以我越乡客，逢君谪居者。①分飞黄鹤楼，流落苍梧野。②展开全文驿使乘云去，征帆沿溜下。不知从此分，还袂何时把。
[唐]孟浩然,《万山潭作》,垂钓坐盘石，水清心亦闲。鱼行潭树下，猿挂岛藤间。展开全文游女昔解佩，传闻于此山。求之不可得，沿月棹歌还。
[唐]孟浩然,《都下送辛大之鄂》,南国辛居士，言归旧竹林。未逢调鼎用，徒有济川心。展开全文余亦忘机者，田园在汉阴。因君故乡去，遥寄式微吟。
[唐]孟浩然,《自浔阳泛舟经明海》,大江分九流，淼淼成水乡。舟子乘利涉，往来至浔阳。因之泛五湖，流浪经三湘。观涛壮枚发，吊屈痛沉湘。展开全文魏阙心恒在，金门诏不忘。遥怜上林雁，冰泮也回翔。
[唐]孟浩然,《题大禹寺义公禅房》,义公习禅处，结宇依空林。户外一峰秀，阶前众壑深。展开全文夕阳连雨足，空翠落庭阴。看取莲花净，应知不染心。
[唐]孟浩然,《题大禹寺义公禅房》,义公习禅处，结构依空林。户外一峰秀，阶前群壑深。夕阳连雨足，空翠落庭阴。看取莲花净，应知不染心。
[唐]孟浩然,《溯江至武昌》,家本洞庭上，岁时归思催。客心徒欲速，江路苦邅回。展开全文残冻因风解，新正度腊开。行看武昌柳，仿佛映楼台。
[唐]孟浩然,《溯江至武昌》,家本洞湖上，岁时归思催。客心徒欲速，江路苦邅回。残冻因风解，新正度腊开。行看武昌柳，仿佛映楼台。
[唐]孟浩然,《赴京途中遇雪》,迢递秦京道，苍茫岁暮天。穷阴连晦朔，积雪满山川。落雁迷沙渚，饥乌集野田。客愁空伫立，不见有人烟。
[唐]孟浩然,《渡扬子江》,桂楫中流望，京江两畔明。林开扬子驿，山出润州城。展开全文海尽边阴静，江寒朔吹生。更闻枫叶下，淅沥度秋声。
[唐]孟浩然,《腊月八日于剡县石城寺礼拜》,石壁开金像，香山倚铁围。下生弥勒见，回向一心归。竹柏禅庭古，楼台世界稀。夕岚增气色，馀照发光辉。展开全文讲席邀谈柄，泉堂施浴衣。愿承功德水，从此濯尘机。
[唐]孟浩然,《夜泊宣城界》,一题作旅行欲泊宣州界西塞沿江岛，南陵问驿楼。展开全文湖平津济阔，风止客帆收。去去怀前浦，茫茫泛夕流。石逢罗刹碍，山泊敬亭幽。火炽梅根冶，烟迷杨叶洲。离家复水宿，相伴赖沙鸥。
[唐]孟浩然,《耶溪泛舟①》,落景余清晖，轻桡弄溪渚。②泓澄爱水物，临泛何容与。③展开全文白首垂钓翁，新妆浣纱女。看看未相识，脉脉不得语。④
[唐]孟浩然,《寻裴处士》,涉水更登陆，所向皆清贞。寒草不藏径，灵峰知有人。展开全文悠哉炼金客，独与烟霞亲。曾是欲轻举，谁言空隐沦。远心寄白日，华发回青春。对此钦胜事，胡为劳我身。
[唐]孟浩然,《闲园怀苏子》,林园虽少事，幽独自多违。向夕开帘坐，庭阴落景微。展开全文鸟过烟树宿，萤傍水轩飞。感念同怀子，京华去不归。
[唐]孟浩然,《秋日陪李侍御渡松滋江》,一作和李侍御渡松滋江南纪西江阔，皇华御史雄。展开全文截流宁假楫，挂席自生风。僚寀采争攀鹢，鱼龙亦避骢。坐闻白雪唱，翻入棹歌中。
[唐]孟浩然,《梅道士水亭》,傲吏非凡吏，名流即道流。隐居不可见，高论莫能酬。展开全文水接仙源近，山藏鬼谷幽。再来迷处所，花下问渔舟。
[唐]孟浩然,《秋日陪李侍御渡松滋江》,南纪西江阔，皇华御史雄。截流宁假楫，挂席自生风。僚寀争攀鹢，鱼龙亦避骢。坐听白雪唱，翻入棹歌中。
[唐]孟浩然,《秦中苦雨思归，赠袁左丞、贺侍郎》,苦学三十载，闭门江汉阴。用贤遭圣日，羁旅属秋霖。岂直昏垫苦，亦为权势沈。二毛催白发，百镒罄黄金。展开全文泪忆岘山堕，愁怀湘水深。谢公积愤懑，庄舄空谣吟。跃马非吾事，狎鸥宜我心。寄言当路者，去矣北山岑。
[唐]孟浩然,《闺情》,一别隔炎凉，君衣忘短长。裁缝无处等，以意忖情量。展开全文畏瘦疑伤窄，防寒更厚装。半啼封裹了，知欲寄谁将。
[唐]孟浩然,《春情》,青楼晓日珠帘映，红粉春妆宝镜催。已厌交欢怜枕席，相将游戏绕池台。展开全文坐时衣带萦纤草，行即裙裾扫落梅。更道明朝不当作，相期共斗管弦来。
[唐]孟浩然,《久滞越中贻谢南池会稽贺少府》,陈平无产业，尼父倦东西。负郭昔云翳，问津今已迷。展开全文未能忘魏阙，空此滞秦稽。两见夏云起，再闻春鸟啼。怀仙梅福市，访旧若耶溪。圣主贤为宝，卿何隐遁栖！
[唐]孟浩然,《岘山送张去非游巴东》,一题作岘山送朱大岘山南郭外，送别每登临。展开全文沙岸江村近，松门山寺深。一言余有赠，三峡尔将寻。祖席宜城酒，征途云梦林。蹉跎游子意，眷恋故人心。去矣勿淹滞，巴东猿夜吟。
[唐]孟浩然,《初年乐城馆中卧疾怀归作》,异县天隅僻，孤帆海畔过。往来乡信断，留滞客情多。展开全文腊月闻雷震，东风感岁和。蛰虫惊户穴，巢鹊眄庭柯。徒对芳尊酒，其如伏枕何。归屿理舟楫，江海正无波。
[唐]孟浩然,《家园卧疾毕太祝曜见寻①》,伏枕旧游旷，笙歌劳梦思。②平生重交结，迨此令人疑。展开全文冰室无暖气，炎云空赫曦。③隙驹不暂驻，日听凉禅悲。壮图哀未立，斑白恨吾衰。④夫子自南楚，缅怀嵩汝期。⑤
[唐]孟浩然,《鹦鹉洲送王九游江左》,昔登江上黄鹤楼，遥爱江中鹦鹉洲。洲势逶迤绕碧流，鸳鸯鸂鶒满滩头。展开全文滩头日落沙碛长，金沙熠熠动光飙。舟人牵锦缆，浣女结罗裳。月明全见芦花白，风起遥闻杜若香。君行采采莫相忘，
[唐]孟浩然,《同卢明府饯张郎中除义王府司马，海园作》,上国山河列，贤王邸第开。故人分职去，潘令宠行来。展开全文冠盖趋梁苑，江湘失楚材。豫愁轩骑动，宾客散池台。
[唐]孟浩然,《送张参明经举兼向泾州觐省》,十五彩衣年，承欢慈母前。孝廉因岁贡，怀橘向秦川。展开全文四座推文举，中郎许仲宣。泛舟江上别，谁不仰神仙。
[唐]孟浩然,《送谢录事之越》,清旦江天迥，凉风西北吹。白云向吴会，征帆亦相随。展开全文想到耶溪日，应探禹穴奇。仙书倘相示，予在此山陲。
[唐]孟浩然,《送席大》,惜尔怀其宝，迷邦倦客游。江山历全楚，河洛越成周。展开全文道路疲千里，乡园老一丘。知君命不偶，同病亦同忧。
[唐]孟浩然,《晓入南山》,瘴气晓氛氲，南山复水云。鲲飞今始见，鸟坠旧来闻。地接长沙近，江从汨渚分。贾生曾吊屈，予亦痛斯文。
[唐]孟浩然,《陪张丞相登荆城楼因寄苏台张使君及浪泊戍主》,蓟门天北畔，铜柱日南端。出守声弥远，投荒法未宽。展开全文侧身聊倚望，携手莫同欢。白璧无瑕玷，青松有岁寒。府中丞相阁，江上使君滩。兴尽回舟去，方知行路难。
[唐]孟浩然,《大堤行寄万七①》,大堤行乐处，车马相驰突。岁岁春草生，踏青二三月。展开全文王孙挟珠弹，游女矜罗袜。携手今莫同，江花为谁发。
[唐]孟浩然,《送从弟邕下第後寻会稽》,疾风吹征帆，倏尔向空没。千里在俄顷，三江坐超忽。展开全文向来共欢娱，日夕成楚越。落羽更分飞，谁能不惊骨。
[唐]孟浩然,《宿扬子津寄润州长山刘隐士①》,所思在建业，欲往大江深。日夕望京口，烟波愁我心。展开全文心驰茅山洞，目极枫树林。不见少微星，星霜劳夜吟。
[唐]孟浩然,《与王昌龄宴王道士房》,一作与王昌龄宴王（黄）十一归来卧青山，常梦游清都。展开全文漆园有傲吏，惠我在招呼。书幌神仙箓，画屏山海图。酌霞复对此，宛似入蓬壶。
[唐]孟浩然,《和张明府登鹿门作》,忽示登高作，能宽旅寓情。弦歌既多暇，山水思微清。展开全文草得风光动，虹因雨气成。谬承巴里和，非敢应同声。
[唐]孟浩然,《和张二自穰县还途中遇雪》,风吹沙海雪，渐作柳园春。宛转随香骑，轻盈伴玉人。展开全文歌疑郢中客，态比洛川神。今日南归楚，双飞似入秦。
[唐]孟浩然,《和贾主薄弁九日登岘山》,楚万重阳日，群公赏宴来。共乘休沐暇，同醉菊花杯。展开全文逸思高秋发，欢情落景催。国人咸寡和，遥愧洛阳才。
[唐]孟浩然,《赠道士参寥》,蜀琴久不弄，玉匣细尘生。丝脆弦将断，金徽色尚荣。展开全文知音徒自惜，聋俗本相轻。不遇钟期听，谁知鸾凤声。
[唐]孟浩然,《闻裴侍御胐自襄州司户除豫州司户因以投寄》,故人荆河掾，尚有柏台威。移职自樊沔，芳声闻帝畿。展开全文昔余卧林巷，载酒过柴扉。松菊无君赏，乡园懒欲归。
[唐]孟浩然,《江上寄山阴崔少府国辅》,春堤杨柳发，忆与故人期。草木本无意，荣枯自有时。展开全文山阴定远近，江上日相思。不及兰亭会，空吟祓禊诗。
[唐]孟浩然,《行至汝坟寄卢征君》,行乏憩予驾，依然见汝坟。洛川方罢雪，嵩嶂有残云。展开全文曳曳半空里，溶溶五分色。聊题一时兴，因寄卢征君。
[唐]孟浩然,《人日登南阳驿门亭子怀汉川诸友》,朝来登陟处，不似艳阳时。异县殊风物，羁怀多所思。展开全文剪花惊岁早，看柳讶春迟。未有南飞雁，裁书欲寄谁。
[唐]孟浩然,《送张子容进士赴举》,夕曛山照灭，送客出柴门。惆怅野中别，殷勤岐路言。展开全文茂林予偃息，乔木尔飞翻。无使谷风诮，须令友道存。
[唐]孟浩然,《洛中送奚三还扬州》,水国无边际，舟行共使风。羡君从此去，朝夕见乡中。展开全文余亦离家久，南归恨不同。音书若有问，江上会相逢。
[唐]孟浩然,《送告八从军》,男儿一片气，何必五车书。好勇方过我，多才便起予。展开全文运筹将入幕，养拙就闲居。正待功名遂，从君继两疏。
[唐]孟浩然,《送贾升主簿之荆府》,奉使推能者，勤王不暂闲。观风随按察，乘骑度荆关。展开全文送别登何处，开筵旧岘山。征轩明日远，空望郢门间。
[唐]孟浩然,《寒夜张明府宅宴》,瑞雪初盈尺，寒宵始半更。列筵邀酒伴，刻烛限诗成。展开全文香炭金炉暖，娇弦玉指清。醉来方欲卧，不觉晓鸡鸣。
[唐]孟浩然,《与白明府游江》,故人来自远，邑宰复初临。执手恨为别，同舟无异心。展开全文沿洄洲渚趣，演漾弦歌音。谁识躬耕者，年年梁甫吟。
[唐]孟浩然,《游凤林寺西岭》,共喜年华好，来游水石间。烟容开远树，春色满幽山。展开全文壶酒朋情洽，琴歌野兴闲。莫愁归路暝，招月伴人还。
[唐]孟浩然,《寻白鹤岩张子容隐居》,白鹤青岩半，幽人有隐居。阶庭空水石，林壑罢樵渔。岁月青松老，风霜苦竹疏。睹兹怀旧业，回策返吾庐。
[唐]孟浩然,《赋得盈盈楼上女》,夫婿久离别，青楼空望归。妆成卷帘坐，愁思懒缝衣。展开全文燕子家家入，杨花处处飞。空床难独守，谁为报金徽。
[唐]孟浩然,《与崔二十一游镜湖寄包贺二公》,试览镜湖物，中流到底清。不知鲈鱼味，但识鸥鸟情。帆得樵风送，春逢谷雨晴。将探夏禹穴，稍背越王城。展开全文府掾有包子，文章推贺生。沧浪醉后唱，因此寄同声。
[唐]孟浩然,《适越留别谯县张主薄申屠少府①》,朝乘汴河流，夕次谯县界。幸值西风吹，得与故人会。展开全文君学梅福隐，余从伯鸾迈。别后能相思，浮云在吴会。
[唐]孟浩然,《与王昌龄宴王十一①》,归来卧青山，常梦游清都。漆园有傲吏，惠好在招呼。书幌神仙箓，画屏山海图。酌霞复对此，宛似入蓬壶。
[唐]孟浩然,《同张明府清镜叹①》,妾有盘龙镜，清光常昼发。自从生尘埃，有若雾中月。展开全文愁来试取照，坐叹生白发。寄语边塞人，如何久离别。
[唐]孟浩然,《送陈七赴西军》,吾观非常者，碌碌在目前。君负鸿鹄志，蹉跎书剑年。展开全文一闻边烽动，万里忽争先。余亦赴京国，何当献凯还。
[唐]孟浩然,《和卢明府送郑十三还京兼寄之什》,昔时风景登临地，今日衣冠送别筵。醉坐自倾彭泽酒，思归长望白云天。展开全文洞庭一叶惊秋早，濩落空嗟滞江岛。寄语朝廷当世人，何时重见长安道。
[唐]孟浩然,《南还舟中寄袁太祝》,沿溯非便习，风波厌苦辛。忽闻迁谷鸟，来报五陵春。展开全文岭北回征帆，巴东问故人。桃源何处是，游子正迷津。
[唐]孟浩然,《寄天台道士》,海上求仙客，三山望几时。焚香宿华顶，裛露采灵芝。展开全文屡践莓苔滑，将寻汗漫期。倘因松子去，长与世人辞。
[唐]孟浩然,《送元公之鄂渚寻观主张骖鸾》,桃花春水涨，之子忽乘流。岘首辞蛟浦，江中问鹤楼。赠君青竹杖，送尔白蘋洲。应是神仙子，相期汗漫游。
[唐]孟浩然,《东京留别诸公》,吾道昧所适，驱车还向东。主人开旧馆，留客醉新丰。展开全文树绕温泉绿，尘遮晚日红。拂衣从此去，高步蹑华嵩。
[唐]孟浩然,《同卢明府早秋宴张郎中海亭》,侧听弦歌宰，文书游夏徒。故园欣赏竹，为邑幸来苏。展开全文华省曾联事，仙舟复与俱。欲知临泛久，荷露渐成珠。
[唐]孟浩然,《卢明府早秋宴张郎中海园即事得秋字》,邑有弦歌宰，翔鸾狎野鸥。眷言华省旧，暂滞海池游。展开全文郁岛藏深竹，前谿对舞楼。更闻书即事，云物是新秋。
[唐]孟浩然,《宴荣二山池》,甲第开金穴，荣期乐自多。枥嘶支遁马，池养右军鹅。展开全文竹引携琴入，花邀载酒过。山公来取醉，时唱接篱歌。
[唐]孟浩然,《姚开府山池》,主人新邸第，相国旧池台。馆是招贤辟，楼因教舞开。展开全文轩车人已散，箫管凤初来。今日龙门下，谁知文举才。
[唐]孟浩然,《夏日浮舟过陈大水亭》,水亭凉气多，闲棹晚来过。涧影见藤竹，潭香闻芰荷。展开全文野童扶醉舞，山鸟笑酣歌。幽赏未云遍，烟光奈夕何！
[唐]孟浩然,《游景空寺兰若》,龙象经行处，山腰度石关。屡迷青嶂合，时爱绿萝闲。展开全文宴息花林下，高谈竹屿间。寥寥隔麈事，疑是入鸡山。
[唐]孟浩然,《夏日辨玉法师茅斋》,夏日茅斋里，无风坐亦凉。竹林深笋穊，藤架引梢长。燕觅巢窠处，蜂来造蜜房。物华皆可玩，花蕊四时芳。
[唐]孟浩然,《游精思题观主山房》,误入桃源里，初怜竹径深。方知仙子宅，未有世人寻。展开全文舞鹤过闲砌，飞猿啸密林。渐通玄妙理，深得坐忘心。
[唐]孟浩然,《晚春题远上人南亭》,给园支遁隐，虚寂养身和。春晚群木秀，间关黄鸟歌。展开全文林栖居士竹，池养右军鹅。炎月北窗下，清风期再过。
[唐]孟浩然,《闻裴侍御朏自襄州司户除豫州司户，因以投寄》,故人荆府掾，尚有柏台威。移职自樊衍，芳声闻帝畿。昔余卧林巷，载酒过柴扉。松菊无时赏，乡园欲懒归。
[唐]孟浩然,《题融公兰若》,精舍买金开，流泉绕砌回。芰荷薰讲席，松柏映香台。展开全文法雨晴飞去，天花昼下来。谈玄殊未已，归骑夕阳催。
[唐]孟浩然,《过景空寺故融公兰若》,池上青莲宇，林间白马泉。故人成异物，过客独潸然。展开全文既礼新松塔，还寻旧石筵。平生竹如意，犹挂草堂前。
[唐]孟浩然,《题张野人园庐》,与君园庐并，微尚颇亦同。耕钓方自逸，壶觞趣不空。门无俗士驾，人有上皇风。何处先贤传，惟称庞德公。
[唐]孟浩然,《南山下与老圃期种瓜》,樵牧南山近，林闾北郭赊。先人留素业，老圃作邻家。展开全文不种千株橘，惟资五色瓜。邵平能就我，开径剪蓬麻。
[唐]孟浩然,《途中遇晴》,已失巴陵雨，犹逢蜀坂泥。天开斜景遍，山出晚云低。馀湿犹沾草，残流尚入溪。今宵有明月，乡思远凄凄。
[唐]孟浩然,《永嘉上浦馆逢张八子容》,逆旅相逢处，江村日暮时。众山遥对酒，孤屿共题诗。展开全文廨宇邻蛟室，人烟接岛夷。乡园万余里，失路一相悲。
[唐]孟浩然,《春意》,一作春怨佳人能画眉，妆罢出帘帏。展开全文照水空自爱，折花将遗谁。春情多艳逸，春意倍相思。愁心极杨柳，一种乱如丝。
[唐]孟浩然,《奉先张明府休沐还乡海亭宴集探得阶字》,自君理畿甸，予亦经江淮。万里书信断，数年云雨乖。归来休浣日，始得赏心谐。朱绂恩虽重，沧洲趣每怀。展开全文树低新舞阁，山对旧书斋。何以发秋兴，阴虫鸣夜阶。
[唐]孟浩然,《冬至后过吴张二子檀溪别业》,卜筑因自然，檀溪不更穿。园庐二友接，水竹数家连。直与南山对，非关选地偏。草堂时偃曝，兰枻日周旋。展开全文外事情都远，中流性所便。闲垂太公钓，兴发子猷船。余亦幽栖者，经过窃慕焉。梅花残腊月，柳色半春天。鸟泊随阳雁，鱼藏缩项鳊。停杯问山简，何似习池边。
[唐]孟浩然,《寻菊花潭主人不遇》,行至菊花潭，村西日已斜。主人登高去，鸡犬空在家。
[唐]孟浩然,《戏题》,一作戏赠主人客醉眠未起，主人呼解酲。展开全文已言鸡黍熟，复道瓮头清。
[唐]孟浩然,《示孟郊①》,蔓草蔽极野，兰芝结孤根。众音何其繁，伯牙独不喧。展开全文当时高深意，举世无能分。钟期一见知，山水千秋闻。尔其保静节，薄俗徒云云。
[唐]孟浩然,《经七里滩①》,余奉垂堂诫，千金非所轻。②为多山水乐，频作泛舟行。展开全文五岳追尚子，三湘吊屈平。③湖经洞庭阔，江入新安清。复闻严陵濑，乃在兹湍路。④叠障数百里，沿洄非一趣。彩翠相氛氲，别流乱奔注。钓矶平可坐，苔磴滑难步。⑤猿饮石下潭，鸟还日边树。观奇恨来晚，倚棹惜将暮。挥手弄潺［水旁＋爰］。从兹洗尘虑。
[唐]孟浩然,《送辛大不及①》,送君不相见，日暮独愁余。②江上空徘徊，天边迷处所。③展开全文郡邑经樊邓，山河入嵩汝。④蒲轮去渐遥，石径徒延伫。⑤
[唐]孟浩然,《送吴悦游韶阳①》,五色怜凤雏，南飞适鹧鸪。楚人不相识，何处求椅梧。去去日千里，茫茫天一隅。安能与斥鷃，决起但枪榆。
[唐]孟浩然,《题李十四庄兼赠綦毋校书》,闻君息荫地，东郭柳林间。左右瀍涧水，门庭缑氏山。展开全文抱琴来取醉，垂钓坐乘闲。归客莫相待，缘源殊未还。
[唐]孟浩然,《九日龙沙寄刘大》,龙沙豫章北，九日挂帆过。风俗因时见，湖山发兴多。展开全文客中谁送酒？棹里自成歌。歌竟乘流去，滔滔任夕波。
[唐]孟浩然,《唐城馆中早发寄杨使君》,犯霜驱晓驾，数里见唐城。旅馆归心逼，荒村客思盈。展开全文访人留后信，策蹇赴前程。欲识离魂断，长空听雁声。
[唐]孟浩然,《送张祥之房陵》,我家南渡头，惯习野人舟。日夕弄清浅，林湍逆上流。山河据形胜，天地生豪酋。君意在利往，知音期自投。
[唐]孟浩然,《送王五昆季省觐》,公子恋庭闱，劳歌涉海沂。水乘舟楫去，亲望老莱归。展开全文斜日催乌鸟，清江照彩衣。平生急难意，遥仰鶺鸰飞。
[唐]孟浩然,《送王大校书》,导漾自嶓冢，东流为汉川。维桑君有意，解缆我开筵。展开全文云雨从兹别，林端意渺然。尺书能不吝，时望鲤鱼传。
[唐]孟浩然,《夏日与崔二十一同集卫明府宅》,言避一时暑，池亭五月开。喜逢金马客，同饮玉人杯。展开全文舞鹤乘轩至，游鱼拥钓来。座中殊未起，箫管莫相催。
[唐]孟浩然,《宴张别驾新齐》,世业传圭组，江城佐股肱。高斋征学问，虚薄滥先登。展开全文讲论陪诸子，文章得旧朋。士元多赏激，衰病恨无能。
