[宋]晏殊,《蝶恋花·六曲阑干偎碧树》,六曲阑干偎碧树，杨柳风轻，展尽黄金缕。谁把钿筝移玉柱，穿帘海燕双飞去。展开全文满眼游丝兼落絮，红杏开时，一霎清明雨。浓睡觉来莺乱语，惊残好梦无寻处。
[宋]晏殊,《浣溪沙·一曲新词酒一杯》,一曲新词酒一杯，去年天气旧亭台，展开全文夕阳西下几时回。无可奈何花落去，似曾相识燕归来。小园香径独徘徊。
[宋]晏殊,《浣溪沙》,一向年光有限身，等闲离别易销魂。展开全文酒筵歌席莫辞频。满目山河空念远，落花风雨更伤春。不如怜取眼前人。
[宋]晏殊,《浣溪沙·小阁重帘有燕过》,小阁重帘有燕过晚花红片落庭莎展开全文曲阑干影入凉波一霎好风生翠幕几回疏雨滴圆荷酒醒人散得愁多
[宋]晏殊,《浣溪沙》,宿酒才醒厌玉卮水沉香冷懒熏衣展开全文早梅先绽日边枝寒雪寂寥初散后春风悠扬欲来时小屏闲放画帘垂
[宋]晏殊,《浣溪沙》,玉碗冰寒滴露华粉融香雪透轻纱展开全文晚来妆面胜荷花鬓亸欲迎眉际月酒红初上脸边霞一场春梦日西斜
[宋]晏殊,《浣溪沙》,阆苑瑶台风露秋。整鬟凝思捧觥筹。欲归临别强迟留。月好谩成孤枕梦，酒阑空得两眉愁。此时情绪悔风流。
[宋]晏殊,《浣溪沙》,三月和风满上林。牡丹妖艳直千金。恼人天气又春阴。为我转回红脸面，向谁分付紫檀心。有情须殢酒杯深。
[宋]晏殊,《浣溪沙》,青杏园林著酒香。佳人初试薄罗裳。柳丝无力燕飞忙。乍雨乍晴花自落，闲愁闲闷日偏长。为谁消瘦减容光。
[宋]晏殊,《浣溪沙》,一曲新词酒一杯。去年天气旧亭台。夕阳西下几时回。无可奈何花落去，似曾相识燕归来。小园香径独徘徊。
[宋]晏殊,《浣溪沙》,红蓼花香夹岸稠。绿波春水向东流。小船轻舫好追游。渔父酒醒重拨棹，鸳鸯飞去却回头。一杯销尽两眉愁。
[宋]晏殊,《浣溪沙》,淡淡梳妆薄薄衣。天仙模样好容仪。旧欢前事入颦眉。闲役梦魂孤烛暗，恨无消息画帘垂。且留双泪说相思。
[宋]晏殊,《浣溪沙》,小阁重帘有燕过。晚花红片落庭莎。曲阑干影入凉波。一霎好风生翠幕，几回疏雨滴圆荷。酒醒人散得愁多。
[宋]晏殊,《浣溪沙》,宿酒才醒厌玉卮。水沈香冷懒熏衣。早梅先绽日边枝。寒雪寂寥初散後，春风悠扬欲来时。小屏闲放画帘垂。
[宋]晏殊,《浣溪沙》,绿叶红花媚晓烟。黄蜂金蕊欲披莲。水风深处懒回船。可惜异香珠箔外，不辞清唱玉尊前。使星归觐九重天。
[宋]晏殊,《浣溪沙》,湖上西风急暮蝉。夜来清露湿红莲。少留归骑促歌筵。为别莫辞金盏酒，入朝须近玉炉烟。不知重会是何年。
[宋]晏殊,《浣溪沙》,杨柳阴中驻彩旌。芰荷香里劝金觥。小词流入管弦声。只有醉吟宽别恨，不须朝暮促归程。雨条烟叶系人情。
[宋]晏殊,《浣溪沙》,一向年光有限身。等闲离别易消魂。酒筵歌席莫辞频。满目山河空念远，落花风雨更伤春。不如怜取眼前人。
[宋]晏殊,《浣溪沙》,玉碗冰寒滴露华。粉融香雪透轻纱。晚来妆面胜荷花。鬓亸欲迎眉际月，酒红初上脸边霞。一场春梦日西斜。
[宋]晏殊,《蝶恋花·槛菊愁烟兰泣露》,槛菊愁烟兰泣露，[1]罗幕轻寒，[2]展开全文燕子双飞去。明月不谙离恨苦，斜光到晓穿朱户。[3]昨夜西风凋碧树，独上高楼，望尽天涯路。欲寄彩笺兼尺素，[4]山长水阔知何处。
[宋]晏殊,《蝶恋花·南雁依稀回侧阵》,南雁依稀回侧阵。雪霁墙阴，偏觉兰牙嫩。中夜梦余消酒困。炉香卷穗灯生晕。急景流年都一瞬。往事前欢，未免萦方寸。腊后花期知渐近。寒梅已作东风信。
[宋]晏殊,《蝶恋花·一霎秋风惊画扇》,一霎秋风惊画扇。艳粉娇红，尚拆荷花面。草际露垂虫响遍。珠帘不下留归燕。扫掠亭台开小院。四坐清欢，莫放金杯浅。龟鹤命长松寿远。阳春一曲情千万。
[宋]晏殊,《蝶恋花·紫菊初生朱槿坠》,紫菊初生朱槿坠。月好风清，渐有中秋意。更漏乍长天似水。银屏展尽遥山翠。绣幕卷波香引穗。急管繁弦，共庆人间瑞。满酌玉杯萦舞袂。南春祝寿千千岁。
[宋]晏殊,《蝶恋花·帘幕风轻双语燕》,帘幕风轻双语燕。午醉醒来，柳絮飞撩乱。心事一春犹未见。馀花落尽青苔院。百尺朱楼闲倚遍。薄雨浓云，抵死遮人面。消息未知归早晚。斜阳只送平波远。
[宋]晏殊,《蝶恋花·玉碗冰寒消暑气》,玉碗冰寒消暑气。碧簟纱厨，向午朦胧睡。莺舌惺松如会意。无端画扇惊飞起。雨後初凉生水际。人面荷花，的的遥相似。眼看红芳犹抱蕊。丛中已结新莲子。
[宋]晏殊,《蝶恋花·梨叶疏红蝉韵歇》,梨叶初红蝉韵歇。银汉风高，玉管声凄切。枕簟乍凉铜漏彻。谁教社燕轻离别。草际虫吟秋露结。宿酒醒来，不记归时节。多少衷肠犹未说。珠帘夜夜朦胧月。
[宋]晏殊,《蝶恋花·南雁依稀回侧阵》,南雁依稀回侧阵。雪霁墙阴，偏觉兰芽嫩。中夜梦馀消酒困。炉香卷穗灯生晕。急景流年都一瞬。往事前欢，未免萦方寸。腊後花期知渐近。寒梅已作东风信。
[宋]晏殊,《蝶恋花·紫府群仙名籍秘》,紫府群仙名籍秘。五色班龙，暂降人间世。海变沧田都不记。蟠桃一熟三千岁。露滴彩旌云绕秋，谁信壶中，别有笙歌地。门外落花随水逝。相看莫惜尊前醉。
[宋]晏殊,《蝶恋花·槛菊愁烟兰泣露》,槛菊愁烟兰泣露，罗幕轻寒，燕子双飞去。明月不谙离恨苦，斜光到晓穿朱户。昨夜西风凋碧树，独上高楼，望尽天涯路。欲寄彩笺兼尺素，山长水阔知何处？
[宋]晏殊,《渔家傲·幽鹭慢来窥品格》,幽鹭慢来窥品格双鱼岂解传消息展开全文绿柄嫩香频采摘心似织条条不断谁牵役粉泪暗和清露滴罗衣染尽秋江色对面不言情脉脉烟水隔无人说似长相忆
[宋]晏殊,《渔家傲·粉面啼红腰束素》,粉面啼红腰束素当年拾翠曾相遇展开全文密意深情谁与诉空怨慕西池夜夜风兼露池上夕阳笼碧树池中短棹惊微雨水泛落英何处去人不语东流到了无停住
[宋]晏殊,《渔家傲·荷叶荷花相间斗》,荷叶荷花相间斗。红娇绿嫩新妆就。昨日小池疏雨后。铺锦绣。行人过去频回首。倚遍朱阑凝望久。鸳鸯浴处波文皱。谁唤谢娘斟美酒。萦舞袖。当筵劝我千长寿。
[宋]晏殊,《渔家傲·荷叶初开犹半卷》,荷叶初开犹半卷。荷花欲拆犹微绽。此叶此花真可羡。秋水畔。青凉伞映红妆面。美酒一杯留客宴。拈花摘叶情无限。争奈世人多聚散。频祝愿。如花似叶长相见。
[宋]晏殊,《渔家傲·杨柳风前香百步》,杨柳风前香百步。盘心碎点真珠露。疑是水仙开洞府。妆景趣。红幢绿盖朝天路。小鸭飞来稠闹处。三三两两能言语。饮散短亭人欲去。留不住。黄昏更下萧萧雨。
[宋]晏殊,《渔家傲·粉笔丹青描未得》,粉笔丹青描未得。金针彩线功难敌。谁傍暗香轻采摘。风渐渐。船头解散双鸂鶒。夜雨染成天水碧。朝阳借出胭脂色。欲落又开人共惜。秋气逼。盘中已见新莲菂。
[宋]晏殊,《渔家傲·叶下鵁鶄眠未稳》,叶下眠未稳。风翻露飐香成阵。仙女出游知远近。羞借问。饶将绿扇遮红粉。一掬蕊黄沾雨润。天人乞与金英嫩。试折乱条醒酒困。应有恨。芳心拗尽丝无尽。
[宋]晏殊,《渔家傲·罨画溪边停彩舫》,罨画溪边停彩舫。仙娥绣被呈新样。飒飒风声来一饷。愁四望。残红片片随波浪。琼脸丽人青步障。风牵一袖低相向。应有锦鳞闲倚傍。秋水上。时时绿柄轻摇扬。
[宋]晏殊,《渔家傲·宿蕊斗攒金粉闹》,宿蕊斗攒金粉闹。青房暗结蜂儿小。敛面似啼开似笑。天与貌。人间不是铅华少。叶软香清无限好。风头日脚乾催老。待得玉京仙子到。凭向道。红颜只合长年少。
[宋]晏殊,《渔家傲·脸傅朝霞衣剪翠》,脸傅朝霞衣剪翠。重重占断秋江水。一曲采莲风细细。人未醉。鸳鸯不合惊飞起。欲摘嫩条嫌绿刺。闲敲画扇偷金蕊。半夜月明珠露坠。多少意。红腮点点相思泪。
[宋]晏殊,《渔家傲·楚国细腰元自瘦》,楚国细腰元自瘦。文君腻脸谁描就。日夜声声催箭漏。昏复昼。红颜岂得长如旧。醉折嫩房和蕊嗅。天丝不断清香透。却傍小阑凝坐久。风满袖。西池月上人归後。
[宋]晏殊,《渔家傲·画鼓声中昏又晓》,画鼓声中昏又晓。时光只解催人老。求得浅欢风日好。齐揭调。神仙一曲渔家傲。绿水悠悠天杳杳。浮生岂得长年少。莫惜醉来开口笑。须信道。人间万事何时了。
[宋]晏殊,《渔家傲·越女采莲江北岸》,越女采莲江北岸。轻桡短棹随风便。人貌与花相斗艳。流水慢。时时照影看妆面。莲叶层层张绿伞。莲房个个垂金盏。一把藕丝牵不断。红日晚。回头欲去心撩乱。
[宋]晏殊,《渔家傲·嫩绿堪裁红欲绽》,嫩绿堪裁红欲绽。蜻蜓点水鱼游畔。一霎雨声香四散。风飐乱。高低掩映千千万。总是调零终有恨。能无眼下生留恋。何似折来妆粉面。勤看玩。胜如落尽秋江岸。
[宋]晏殊,《清平乐·红笺小字》,红笺小字，说尽平生意。鸿雁在云鱼在水，惆怅此情难寄。展开全文斜阳独倚西楼，遥山恰对帘钩。人面不知何处，绿波依旧东流。
[宋]晏殊,《清平乐·金风细细》,金风细细，叶叶梧桐坠。绿酒初尝人易醉，一枕小窗浓睡。展开全文紫薇朱槿花残，斜阳却照阑干。双燕欲归时节，银屏昨夜微寒。
[宋]晏殊,《清平乐·春去秋来》,春去秋来往事知何处展开全文燕子归飞兰泣露光景千留不住酒阑人散草草闲阶独倚梧桐记得去年今日依前黄叶西风
[宋]晏殊,《清平乐·春花秋草》,春花秋草只是催人老展开全文总把千山眉黛扫未抵别愁多少劝君绿酒金杯莫嫌丝管声催兔走乌飞不住人生几度三台
[宋]晏殊,《清平乐·春花秋草》,春花秋草。只是催人老。总把千山眉黛扫。未抵别愁多少。劝君绿酒金杯。莫嫌丝管声催。兔走乌飞不住，人生几度三台。
[宋]晏殊,《清平乐·秋光向晚》,秋光向晚，小阁初开宴。林叶殷红犹未遍。雨后青苔满院。萧娘劝我金卮。殷勤更唱新词。暮去朝来即老，人生不饮何为。
[宋]晏殊,《清平乐·春来秋去》,春来秋去。往事知何处。燕子归飞兰泣露。光景千留不住。酒阑人散忡忡。闲阶独倚梧桐。记得去年今日，依前黄叶西风。
[宋]晏殊,《清平乐·金风细细》,金风细细。叶叶梧桐坠。绿酒初尝人易醉。一枕小窗浓睡。紫微朱槿花残。斜阳却照阑干。双燕欲归时节，银屏昨夜微寒。
[宋]晏殊,《清平乐·红笺小字》,红笺小字。说尽平生意。鸿雁在云鱼在水。惆怅此情难寄。斜阳独倚西楼。遥山恰对帘钩。人面不知何处，绿波依旧东流。
[宋]晏殊,《临江仙·资善堂中三十载》,资善堂中三十载，旧人多是凋零。与君相见最伤情。一尊如旧，聊且话平生。此别要知须强饮，雪残风细长亭。待君归觐九重城。帝宸思旧，朝夕奉皇明。
[宋]晏殊,《菩萨蛮·秋花最是黄葵好》,秋花最是黄葵好。天然嫩态迎秋早。染得道家衣。淡妆梳洗时。晓来清露滴。一一金杯侧。插向绿云鬓。便随王母仙。
[宋]晏殊,《菩萨蛮·高梧叶下秋光晚》,高梧叶下秋光晚。珍丛化出黄金盏。还似去年时。傍阑三两枝。人情须耐久。花面长依旧。莫学蜜蜂儿。等闲悠扬飞。
[宋]晏殊,《菩萨蛮·芳莲九蕊开新艳》,芳莲九蕊开新艳。轻红淡白匀双脸。一朵近华堂。学人宫样妆。看时斟美酒。共祝千年寿。销得曲中夸。世间无此花。
[宋]晏殊,《菩萨蛮·人人尽道黄葵淡》,人人尽道黄葵淡。侬家解说黄葵艳。可喜万般宜。不劳朱粉施。摘承金盏酒。劝我千长寿。擎作女真冠。试伊娇面看。
[宋]晏殊,《踏莎行·细草愁烟》,细草愁烟，幽花怯露。凭阑总是销魂处。日高深院静无人，时时海燕双飞去。带缓罗衣，香残蕙炷。天长不禁迢迢路。垂杨只解惹春风，何曾系得行人住。
[宋]晏殊,《踏莎行·小径红稀》,小径红稀，芳郊绿遍，高台树色阴阴见。春风不解禁杨花，蒙蒙乱扑行人面。展开全文翠叶藏莺，朱帘隔燕，炉香静逐游丝转。一场愁梦酒醒时，斜阳却照深深院。
[宋]晏殊,《踏莎行·祖席离歌》,祖席离歌，长亭别宴。香尘已隔犹回面。居人匹马映林嘶，行人去棹依波转。画阁魂消，高楼目断。斜阳只送平波远。无穷无尽是离愁，天涯地角寻思遍。
[宋]晏殊,《踏莎行·碧海无波》,碧海无波，瑶台有路。思量便合双飞去。当时轻别意中人，山长水远知何处。绮席凝尘，香闺掩雾。红笺小字凭谁附。高楼目尽欲黄昏，梧桐叶上萧萧雨。
[宋]晏殊,《踏莎行·绿树归莺》,绿树归莺，雕梁别燕。春光一去如流电。当歌对酒莫沈吟，人生有限情无限。弱袂萦春，修蛾写怨。秦筝宝柱频移雁。尊中绿醑意中人，花朝月夜长相见。
[宋]晏殊,《玉楼春》,燕鸿过后春归去。细算浮生千万绪。来如春梦几多时，去似朝云无觅处。闻琴解佩神仙侣。挽断罗衣留不住。劝君莫作独醒人，烂醉花间应有数。
[宋]晏殊,《玉楼春》,玉楼朱阁横金锁寒食清明春欲破展开全文窗间斜月两眉愁帘外落花双泪堕朝云聚散真无那百岁相看能几个别来将为不牵情万转千回思想过
[宋]晏殊,《玉楼春》,东风昨夜回梁苑日脚依稀添一线展开全文旋开杨柳绿娥眉暗拆海棠红粉面无情一去云中雁有意归来梁上燕有情无意且休论莫向酒杯容易散
[宋]晏殊,《玉楼春》,绿杨芳草长亭路。年少抛人容易去。楼头残梦五更钟，花底离情三月雨。无情不似多情苦。一寸还成千万缕。天涯地角有穷时，只有相思无尽处。
[宋]晏殊,《采桑子·时光只解催人老》,时光只解催人老，不信多情，长恨离亭，泪滴春衫酒易醒。梧桐昨夜西风急，淡月胧明，好梦频惊，何处高楼雁一声？
[宋]晏殊,《采桑子·春风不负东君信》,春风不负东君信，遍拆群芳。燕子双双。依旧衔泥入杏梁。须知一盏花前酒，占得韶光。莫话匆忙。梦里浮生足断肠。
[宋]晏殊,《采桑子·红英一树春来早》,红英一树春来早，独占芳时。我有心期。把酒攀条惜绛蕤。无端一夜狂风雨，暗落繁枝。蝶怨莺悲。满眼春愁说向谁。
[宋]晏殊,《采桑子·阳和二月芳菲遍》,阳和二月芳菲遍，暖景溶溶。戏蝶游蜂。深入千花粉艳中。何人解系天边日，占取春风。免使繁红。一片西飞一片东。
[宋]晏殊,《采桑子·古罗衣上金针样》,古罗衣上金针样，绣出芳妍。玉砌朱阑。紫艳红英照日鲜。佳人画阁新妆了，对立丛边。试摘婵娟。贴向眉心学翠钿。
[宋]晏殊,《采桑子·林间摘遍双双叶》,林间摘遍双双叶，寄与相思。朱槿开时。尚有山榴一两枝。荷花欲绽金莲子，半落红衣。晚雨微微。待得空梁宿燕归。
[宋]晏殊,《破阵子·燕子来时新社》,燕子来时新社，梨花落后清明。池上碧苔三四点，叶底黄鹂一两声，日长飞絮轻。展开全文巧笑东邻女伴，采桑径里逢迎。疑怪昨宵春梦好，元是今朝斗草嬴，笑从双脸生。
[宋]晏殊,《破阵子·忆得去年今日》,忆得去年今日黄花已满东篱展开全文曾与玉人临小槛共折香英泛酒卮长条插鬓垂人貌不应迁换珍丛又睹芳菲重把一尊寻旧径所惜光阴去似飞风飘露冷时
[宋]晏殊,《破阵子·燕子欲归时节》,燕子欲归时节，高楼昨夜西风。求得人间成小会，试把金尊傍菊丛。歌长粉面红。斜日更穿帘幕，微凉渐入梧桐。多少襟情言不尽，写向蛮笺曲调中。此情千万重。
[宋]晏殊,《破阵子·湖上西风斜日》,湖上西风斜日，荷花落尽红英。金菊满丛珠颗细，海燕辞巢翅羽轻。年年岁岁情。美酒一杯新熟，高歌数阕堪听。不向尊前同一醉，可奈光阴似水声。迢迢去未停。
[宋]晏殊,《破阵子·海上蟠桃易熟》,海上蟠桃易熟，人间好月长圆。惟有掰钗分钿侣，离别常多会面难。此情须问天。蜡烛到明垂泪，熏炉尽日生烟。一点凄凉愁绝意，谩道秦筝有剩弦。何曾为细传。
[宋]晏殊,《诉衷情·芙蓉金菊斗馨香》,芙蓉金菊斗馨香天气欲重阳展开全文远村秋色如画红树间疏黄流水淡，碧天长路茫茫凭高目断鸿雁来时无限思量
[宋]晏殊,《诉衷情·青梅煮酒斗时新》,青梅煮酒斗时新。天气欲残春。东城南陌花下，逢著意中人。回绣袂，展香茵。叙情亲。此情拚作，千尺游丝，惹住朝云。
[宋]晏殊,《诉衷情·东风杨柳欲青青》,东风杨柳欲青青。烟淡雨初晴。恼他香阁浓睡，撩乱有啼莺。眉叶细，舞腰轻。宿妆成。一春芳意，三月如风，牵系人情。
[宋]晏殊,《诉衷情·芙蓉金菊斗馨香》,芙蓉金菊斗馨香。天气欲重阳。远村秋色如画，红树间疏黄。流水淡，碧天长。路茫茫。凭高目断，鸿雁来时，无限思量。
[宋]晏殊,《诉衷情·数枝金菊对芙蓉》,数枝金菊对芙蓉。摇落意重重。不知多少幽怨，和露泣西风。人散後，月明中。夜寒浓。谢娘愁卧，潘令闲眠，心事无穷。
[宋]晏殊,《诉衷情·露莲双脸远山眉》,露莲双脸远山眉。偏与淡妆宜。小庭帘幕春晚，闲共柳丝垂。人别后，月圆时。信迟迟。心心念念，说尽无凭，只是相思。
[宋]晏殊,《诉衷情·秋风吹绽北池莲》,秋风吹绽北池莲。曙云楼阁鲜。画堂今日嘉会，齐拜玉炉烟。斟美酒，祝芳筵。奉觥船。宜春耐夏，多福庄严，富贵长年。
[宋]晏殊,《诉衷情·世间荣贵月中人》,世间荣贵月中人。嘉庆在今辰。兰堂帘幕高卷，清唱遏行云。持玉盏，敛红巾。祝千春。榴花寿酒，金鸭炉香，岁岁长新。
[宋]晏殊,《诉衷情·海棠珠缀一重重》,海棠珠缀一重重。清晓近帘栊。胭脂谁与匀淡，偏向脸边浓。看叶嫩，惜花红。意无穷。如花似叶，岁岁年年，共占春风。
[宋]晏殊,《诉衷情·幕天席地斗豪奢》,幕天席地斗豪奢。歌妓捧红牙。从他醉醒醒醉，斜插满头花。车载酒，解貂贳。尽繁华。儿孙贤俊，家道荣昌，祝寿无涯。
[宋]晏殊,《诉衷情·喧天丝竹韵融融》,喧天丝竹韵融融。歌唱画堂中。玲女世间希有，烛影夜摇红。一同笑，饮千钟。兴何穷。功成名遂，富足年康，祝寿如松。
[宋]晏殊,《点绛唇·露下风高》,露下风高，井梧宫簟生秋意。画堂筵启。一曲呈珠缀。天外行云，欲去凝香袂。炉烟起。断肠声里。敛尽双蛾翠。
[宋]晏殊,《木兰花》,池塘水绿风微暖，记得玉真初见面。重头歌韵响琤琮，入破舞腰红乱旋。展开全文玉钩阑下香阶畔，醉后不知斜日晚。当时共我赏花人，点检如今无一半。
[宋]晏殊,《玉楼春》,绿杨芳草长亭路，年少抛人容易去。楼头残梦五更钟，花底离愁三月雨。展开全文无情不似多情苦，一寸还成千万缕。天涯地角有穷时，只有相思无尽处。
[宋]晏殊,《少年游·重阳过後》,重阳过後，西风渐紧，庭树叶纷纷。朱阑向晓，芙蓉妖艳，特地斗芳新。霜前月下，斜红淡蕊，明媚欲回春。莫将琼萼等闲分。留赠意中人。
[宋]晏殊,《少年游·霜华满树》,霜花满树，兰凋蕙惨，秋艳入芙蓉。胭脂嫩脸，金黄轻蕊，犹自怨西风。前欢往事，当歌对酒，无限到心中。更凭朱槛忆芳容。肠断一枝红。
[宋]晏殊,《少年游·芙蓉花发去年枝》,芙蓉花发去年枝。双燕欲归飞。兰堂风软，金炉香暖，新曲动帘帷。家人拜上千春寿，深意满琼卮。绿鬓朱颜，道家装束，长似少年时。
[宋]晏殊,《少年游·谢家庭槛晓无尘》,谢家庭槛晓无尘。芳宴祝良辰。风流妙舞，樱桃清唱，依约驻行云。榴花一盏浓香满，为寿百千春。岁岁年年，共欢同乐，嘉庆与时新。
[宋]晏殊,《木兰花/玉楼春》,东风昨夜回梁苑。日脚依稀添一线。旋开杨柳绿蛾眉，暗拆海棠红粉面。无情一去云中雁。有意归来梁上燕。有情无意且休论，莫向酒杯容易散。
[宋]晏殊,《木兰花/玉楼春》,帘旌浪卷金泥凤。宿醉醒来长瞢鬆。海棠开後晓寒轻，流絮飞时春睡重。美酒一杯谁与共。往事旧欢时节动。不如怜取眼前人，免更劳魂兼役梦。
[宋]晏殊,《木兰花/玉楼春》,燕鸿过後莺归去。细算浮生千万绪。长於春梦几多时，散似秋云无觅处。闻琴解佩神仙侣。挽断罗衣留不住。劝君莫作独醒人，烂醉花间应有数。
[宋]晏殊,《木兰花/玉楼春》,池塘水绿风微暖。记得玉真初见面。重头歌韵响铮琮，入破舞腰红乱旋。玉钩阑下香阶畔。醉後不知斜日晚。当时共我赏花人，点检如今无一半。
[宋]晏殊,《木兰花/玉楼春》,玉楼朱阁横金锁。寒食清明春欲破。窗间斜月两眉愁，帘外落花双泪堕。朝云聚散真无那。百岁相看能几个。别来将为不牵情，万转千回思想过。
[宋]晏殊,《木兰花/玉楼春》,朱帘半下香销印。二月东风催柳信。琵琶旁畔且寻思，鹦鹉前头休借问。惊鸿去后生离恨。红日长时添酒困，未知心在阿谁边，满眼泪珠言不尽。
[宋]晏殊,《木兰花/玉楼春》,杏梁归燕双回首。黄蜀葵花开应候。画堂元是降生辰，玉盏更斟长命酒。炉中百和添香兽。帘外青蛾回舞袖。此时红粉感恩人，拜向月宫千岁寿。
[宋]晏殊,《木兰花/玉楼春》,紫薇朱槿繁开後。枕簟微凉生玉漏。玳筵初启日穿帘，檀板欲开香满袖。红衫侍女频倾酒。龟鹤仙人来献寿。欢声喜气逐时新，青鬓玉颜长似旧。
[宋]晏殊,《木兰花/玉楼春》,春葱指甲轻拢捻。五彩垂绦双袖卷。雪香浓透紫檀槽，胡语急随红玉腕。当头一曲情何限。入破铮琮金凤战。百分芳酒祝长春，再拜敛容抬粉面。
[宋]晏殊,《木兰花/玉楼春》,红绦约束琼肌稳。拍碎香檀催急衮。陇头鸣咽水声繁，叶下间关莺语近。美人才子传芳信。明月清风伤别恨。未知何处有知音，常为此情留此恨。
[宋]晏殊,《喜迁莺·风转蕙》,风转蕙，千露催莲。莺语尚绵蛮。尧蓂随月欲团圆。真驭降荷兰。褰油幕。调清乐。四海一家同乐。千官心在玉炉香。圣寿祝天长。
[宋]晏殊,《喜迁莺·歌敛黛》,歌敛黛，舞萦风。迟日象筵中。分行珠翠簇繁红。云髻袅珑璁。金炉暖。龙香远。共祝尧龄万万。曲终休解画罗衣。留伴彩云飞。
[宋]晏殊,《喜迁莺·花不尽》,花不尽，柳无穷。应与我情同。觥船一棹百分空。何处不相逢。朱弦悄。知音少。天若有情应老。劝君看取利名场。今古梦茫茫。
[宋]晏殊,《喜迁莺·烛飘花》,烛飘花，香掩烬。中夜酒初醒。画楼残点两三声。窗外月胧明。晓帘垂，惊鹊去。好梦不知何处。南园春色已归来。庭树有寒梅。
[宋]晏殊,《喜迁莺·曙河低》,曙河低，斜月淡，帘外早凉天。玉楼清唱倚朱弦。余韵入疏烟。脸霞轻，眉翠重。欲舞钗钿摇动。人人如意祝炉香。为寿百千长。
[宋]晏殊,《更漏子·蕣华浓》,蕣华浓，山翠浅。一寸秋波如剪。红日永，绮筵开。暗随仙驭来。遏云声，回雪袖。占断晓莺春柳。才送目，又颦眉。此情谁得知。
[宋]晏殊,《更漏子·塞鸿高》,寒鸿高，仙露满。秋入银河清浅。逢好客，且开眉。盛年能几时。宝筝调，罗袖软。拍碎画堂檀板。须尽醉，莫推辞。人生多别离。
[宋]晏殊,《更漏子·雪藏梅》,雪藏梅，烟著柳。依约上春时候。初送雁，欲问莺。绿池波浪生。探花开，留客醉。忆得去年情味。金盏酒，玉炉香。任他红日长。
[宋]晏殊,《更漏子·菊花残》,菊花残，梨叶堕。可惜良辰虚过。新酒熟，绮筵开。不辞红玉杯。蜀弦高，羌管脆。慢飐舞娥香袂。君莫笑，醉乡人。熙熙长似春。
[宋]晏殊,《谒金门·秋露坠》,秋露坠。滴尽楚兰红泪。往事旧欢何限意。思量如梦寐。人貌老于前岁。风月宛然无异。座有嘉宾尊有桂。莫辞终夕醉。
[宋]晏殊,《燕归梁·双燕归飞绕画堂》,双燕归飞绕画堂。似留恋虹梁。清风明月好时光。更何况、绮筵张。云衫侍女，频倾寿酒，加意动笙簧。人人心在玉炉香。庆佳会、祝延长。
[宋]晏殊,《燕归梁·金鸭香炉起瑞烟》,金鸭香炉起瑞烟。呈妙舞开筵。阳春一曲动朱弦。斟美酒、泛觥船。中秋五日，风清露爽，犹是早凉天。蟠桃花发一千年。祝长寿、比神仙。
[宋]晏殊,《酒泉子·三月暖风》,三月暖风，开却好花无限了，当年丛下落纷纷。最愁人。长安多少利名身。若有一杯香桂酒，莫辞花下醉芳茵。且留春。
[宋]晏殊,《酒泉子·春色初来》,春色初来，遍拆红芳千万树，流莺粉蝶斗翻飞。恋香枝。劝君莫惜缕金衣。把酒看花须强饮，明朝后日渐离披。惜芳时。
[宋]晏殊,《瑞鹧鸪·越娥红泪泣朝云》,越娥红泪泣朝云。越梅从此学妖颦。腊月初头、庾岭繁开后，特染妍华赠世人。前溪昨夜深深雪，朱颜不掩天真。何时驿使西归，寄与相思客，一枝新。报道江南别样春。
[宋]晏殊,《瑞鹧鸪·江南残腊欲归时》,江南残腊欲归时。有梅红亚雪中枝。一夜前村、间破瑶英拆，端的千花冷未知。丹青改样匀朱粉，雕梁欲画犹疑。何妨与向冬深，密种秦人路，夹仙溪。不待夭桃客自迷。
[宋]晏殊,《山亭柳·赠歌者》,家住西秦，赌博艺随身。花柳上，斗尖新。展开全文偶学念奴声调，有时高遏行云。蜀锦缠头无数，不负辛勤。数年来往咸京道，残杯冷炙漫销魂。衷肠事，托何人？若有知音见采，不辞遍唱阳春。一曲当筵落泪，重掩罗巾。
[宋]晏殊,《寓意》,油壁香车不再逢，峡云无迹任西东。梨花院落溶溶月，柳絮池塘淡淡风。展开全文几日寂寥伤酒后，一番萧索禁烟中。鱼书欲寄何由达，水远山长处处同。
[宋]晏殊,《失调名》,芳草连天碧。
[宋]晏殊,《拂霓裳·庆生辰》,庆生辰。庆生辰是百千春。开雅宴，画堂高会有诸亲。钿函封大国，玉色受丝纶。感皇恩。望九重、天上拜尧云。今朝祝寿，祝寿数，比松椿。斟美酒，至心如对月中人。一声檀板动，一炷蕙香焚。祷仙真。愿年年今日、喜长新。
[宋]晏殊,《拂霓裳·喜秋成》,喜秋成。见千门万户乐升平。金风细，玉池波浪縠文生。宿露沾罗幕，微凉入画屏。张绮宴，傍熏炉蕙炷、和新声。神仙雅会，会此日，象蓬瀛。管弦清，旋翻红袖学飞琼。光阴无暂住，欢醉有闲情。祝辰星。愿百千为寿、献瑶觥。
[宋]晏殊,《拂霓裳·乐秋天》,乐秋天。晚荷花缀露珠圆。风日好，数行新雁贴寒烟。银簧调脆管，琼柱拨清弦。捧觥船。一声声、齐唱太平年。人生百岁，离别易，会逢难。无事日，剩呼宾友启芳筵。星霜催绿鬓，风露损朱颜。惜清欢。又何妨、沈醉玉尊前。
[宋]晏殊,《撼庭秋·别来音信千里》,别来音信千里怅此情难寄展开全文碧纱秋月梧桐夜雨几回无寐楼高目断天遥云黯只堪憔悴念兰堂红烛心长焰短向人垂泪
[宋]晏殊,《撼庭秋·别来音信千里》,别来音信千里。怅此情难寄。碧纱秋月，梧桐夜雨，几回无寐。楼高目断，天遥云黯，只堪憔悴。念兰堂红烛，心长焰短，向人垂泪。
[宋]晏殊,《雨中花/夜行船》,剪翠妆红欲就。折得清香满袖。一对鸳鸯眠未足，叶下长相守。莫傍细条寻嫩藕。怕绿刺、罥衣伤手。可惜许、月明风露好，恰在人归后。
[宋]晏殊,《殢人娇》,二月春风正是杨花满路展开全文那堪更、别离情绪罗巾掩泪任粉痕沾污争奈向、千留万留不住玉酒频倾宿眉愁聚空肠断、宝筝弦柱人间后会又不知何处梦魂里、也须时时飞去
[宋]晏殊,《殢人娇》,玉树微凉，渐觉银河影转。林叶静、疏红欲遍。朱帘细雨，尚迟留归燕。嘉庆日、多少世人良愿。楚竹惊鸾，秦筝起雁。萦舞袖、急翻罗荐。云回一曲，更轻栊檀板。香炷远、同祝寿期无限。
[宋]晏殊,《殢人娇》,一叶秋高，向夕红兰露坠。风月好、乍凉天气。长生此日，见人中嘉瑞。斟寿酒、重唱妙声珠缀。凤莞移宫，钿衫回袂。帘影动、鹊炉香细。南真宝箓，赐玉京千岁。良会永、莫惜流霞同醉。
[宋]晏殊,《秋蕊香·梅蕊雪残香瘦》,梅蕊雪残香瘦。罗幕轻寒微透。多情只似春杨柳。占断可怜时候。萧娘劝我杯中酒。翻红袖。金乌玉兔长飞走。争得朱颜依旧。
[宋]晏殊,《秋蕊香·向晓雪花呈瑞》,向晓雪花呈瑞。飞遍玉城瑶砌。何人剪碎天边桂。散作瑶田琼蕊。萧娘敛尽双蛾翠。回香袂。今朝有酒今朝醉。遮莫更长无睡。
[宋]晏殊,《凤衔杯》,青苹昨夜秋风起。无限个、露莲相倚。独凭朱阑、愁望晴天际。空目断、遥山翠。彩笺长，锦书细。谁信道、两情难寄。可惜良辰好景、欢娱地。只恁空憔悴。
[宋]晏殊,《凤衔杯》,留花不住怨花飞。向南园、情绪依依。可惜倒红斜白、一枝枝。经宿雨、又离披。凭朱槛，把金卮。对芳丛、惆怅多时。何况旧欢新恨、阻心期。空满眼、是相思。
[宋]晏殊,《凤衔杯》,柳条花纇恼青春。更那堪、飞絮纷纷。一曲细丝清脆、倚朱唇。斟绿酒、掩红巾。追往事，惜芳辰。暂时间、留住行云。端的自家心下、眼中人。到处里、觉尖新。
[宋]晏殊,《望仙门·紫薇枝上露华浓》,紫微枝上露华浓。起秋风。筦弦声细出帘栊。象筵中。展开全文仙酒斟云液，山歌转绕梁虹。此时佳会庆相逢。欢醉且从容。
[宋]晏殊,《望仙门·玉壶清漏起微凉》,玉壶清漏起微凉。好秋光。金杯重叠满琼浆。会仙乡。新曲词丝管，新声更飐霓裳。博山炉暖泛浓香。泛浓香。为寿百千长。
[宋]晏殊,《望仙门·玉池波浪碧如鳞》,玉池波浪碧如鳞。露莲新。清歌一曲翠眉嚬。舞华茵。满酌兰英酒，须知献寿千春。太平无事荷君恩。荷君恩。齐唱望仙门。
[宋]晏殊,《中秋月》,三十六旬内，此时心赏并。中分九秋夜，占断百宵明。展开全文冷照兰闺澈，光含绮席清。谁知沧海曲，珠蚌最盈盈。
[宋]晏殊,《中秋月》,十轮霜影转庭梧，此夕羁人独向隅。未必素娥无怅恨，玉蟾清冷桂花孤。
[宋]晏殊,《中秋月》,天时与人意，龃龉旧无疑。坐久翻遗恨，光来已后期。展开全文行云凝黛色，见跋费金枝。况复轮来夜，笙歌继夕曦。
[宋]晏殊,《玉堂春·帝城春暖》,帝城春暖。御柳暗遮空苑。海燕双双，拂扬帘栊。女伴相携、共绕林间路，折得樱桃插髻红。昨夜临明微雨，新英遍旧丛。宝马香车、欲傍西池看，触处杨花满袖风。
[宋]晏殊,《玉堂春·後园春早》,后园春早。残雪尚濛烟草。数树寒梅，欲绽香英。小妹无端、折尽钗头朵，满把金尊细细倾。忆得往年同伴，沈吟无限情。恼乱东风、莫便吹零落，惜取芳菲眼下明。
[宋]晏殊,《玉堂春·斗城池馆》,斗城池馆。二月风和烟暖。绣户珠帘，日影初长。玉辔金鞍、缭绕沙堤路，几处行人映绿杨。小槛朱阑回倚，千花浓露香。脆管清弦、欲奏新翻曲，依约林间坐夕阳。
[宋]晏殊,《山亭柳·家住西秦》,家住西秦。赌博艺随身。花柳上、斗尖新。偶学念奴声调，有时高遏行云。蜀锦缠头无数，不负辛勤。数年来往咸京道，残杯冷炙谩消魂。衷肠事、托何人。若有知音见采，不辞遍唱阳春。一曲当筵落泪，重掩罗巾。
[宋]晏殊,《七夕》,百子池深涨绿苔，九光灯迥绿浮埃。天孙实驾何年驻，阿母飚轮此夜来。展开全文空外粉筵和露湿，静中珠幌彻明开。秋河不断长相望，岂独人间事可哀。
[宋]晏殊,《七夕》,云幕无多斗柄移，鹊慵乌慢得桥迟。若教精卫填河汉，一水还应有尽时。
[宋]晏殊,《红窗听·淡薄梳妆轻结束》,淡薄梳妆轻结束。天意与、脸红眉绿。断环书素传情久，许双飞同宿。一饷无端分比目。谁知道、风前月底，相看未足。此心终拟，觅鸾弦重续。
[宋]晏殊,《红窗听·记得香闺临别语》,记得香闺临别语。彼此有、万重心诉。淡云轻霭知多少，隔桃源无处。梦觉相思天欲曙。依前是、银屏画烛，宵长岁暮。此时何计，托鸳鸯飞去。
[宋]晏殊,《迎春乐》,长安紫陌春归早。亸垂杨、染芳草。被啼莺语燕催清晓。正好梦、频惊觉。当此际、青楼临大道。幽会处、两情多少。莫惜明珠百琲，占取长年少。
[宋]晏殊,《长生乐·玉露金风月正圆》,玉露金风月正圆。台榭早凉天。画堂嘉会，组绣列芳筵。洞府星辰龟鹤，来添福寿。欢声喜色，同入金炉浓烟。清歌妙舞，急管繁弦。榴花满酌觥船。人尽祝、富贵又长年。莫教红日西晚，留著醉神仙。
[宋]晏殊,《长生乐·阆苑神仙平地见》,阆苑神仙平地见，碧海架蓬瀛。洞门相向，倚金铺微明。处处天花撩乱，飘散歌声。装真筵寿，赐与流霞满瑶觥。红鸾翠节，紫凤银笙。玉女双来近彩云。随步朝夕拜三清。为传王母金录，祝千岁长生。
[宋]晏殊,《连理枝》,玉字秋风至。帘幕生凉气。朱槿犹开，红莲尚拆，芙蓉含蕊。送旧巢归燕拂高檐，见梧桐叶坠。嘉宴凌晨启。金鸭飘香细。凤竹鸾丝，清歌妙舞，尽呈游艺。愿百千遐寿比神仙，有年年岁岁。
[宋]晏殊,《连理枝》,绿树莺声老。金井生秋早。不寒不暖，裁衣按曲，天时正好。况兰堂逢著寿筵开，见炉香缥缈。组绣呈纤巧。歌舞夸妍妙。玉酒频倾，朱弦翠管，移宫易调。献金杯重叠祝长生，永消遥奉道。
[宋]晏殊,《草》,春尽江南茂草深，绕池萦树碧岑岑。长安官舍孤根地，一寸幽芳万里心。
[宋]晏殊,《相思儿令》,昨夜探春消息湖上绿波平展开全文无奈绕堤芳草还向旧痕生有酒且醉瑶觥更何妨、檀板新声谁教杨柳千丝就中牵系人情
[宋]晏殊,《相思儿令》,昨日探春消息，湖上绿波平。无奈绕堤芳草，还向旧痕生。有酒且醉瑶觥。更何妨、檀板新声。谁教杨柳千丝，就中牵系人情。
[宋]晏殊,《相思儿令》,春色渐芳菲也，迟日满烟波。正好艳阳时节，争奈落花何。醉来拟恣狂歌。断肠中、赢得愁多。不如归傍纱窗，有人重画双蛾。
[宋]晏殊,《睿恩新》,芙蓉一朵霜秋色。迎晓露、依依先拆。似佳人、独立倾城，傍朱槛、暗传消息。静对西风脉脉。金蕊绽、粉红如滴。向兰堂、莫厌重深，免清夜、微寒渐逼。
[宋]晏殊,《睿恩新》,红丝一曲傍阶砌。珠露下、独呈纤丽。剪鲛绡、碎作香英，分彩线、簇成娇蕊。向晚群花欲悴。放朵朵、似延秋意。待佳人、插向钗头，更袅袅、低临凤髻。
[宋]晏殊,《望汉月/忆汉月》,千缕万条堪结。占断好风良月。谢娘春晚先多愁，更撩乱、絮飞如雪。短亭相送处，长忆得、醉中攀折。年年岁岁好时节。怎奈尚、有人离别。
[宋]晏殊,《滴滴金·梅花漏泄春消息》,梅花漏泄春消息柳丝长展开全文草芽碧不觉星霜鬓边白念时光堪惜兰堂把酒留嘉客对离筵驻行色千里音尘便疏隔合有人相忆
[宋]晏殊,《滴滴金·梅花漏泄春消息》,梅花漏泄春消息。柳丝长，草芽碧。不觉星霜鬓边白。念时光堪惜。兰堂把酒留嘉客。对离筵，驻行色。千里音尘便疏隔。合有人相忆。
[宋]晏殊,《雨中花·剪翠妆红欲就》,剪翠妆红欲就折得清香满袖展开全文一对鸳鸯眠未足叶下长相守莫傍细条寻嫩藕怕绿刺、□（上“四”下“娟”之右半）衣伤手可惜许、月明风露好恰在人归后
[宋]晏殊,《牡丹》,水晶宫殿接龙津，碧树阳春晓色新。朱户曲房能驻日，酥盘金胜自生春。
[宋]晏殊,《鹊踏枝/蝶恋花》,紫府群仙名籍秘。五色斑龙，暂降人间世。海变桑田都不记。蟠桃一熟三千岁。露滴彩旌云绕袂。谁信壶中，别有笙歌地。门外落花随水逝。相看莫惜尊前醉。
[宋]晏殊,《清商怨·关河愁思望处满》,关河愁思望处满渐素秋向晚展开全文雁过南云行人回泪眼双鸾衾［衤周］悔展夜又永枕孤人远梦未成归梅花闻塞管
[宋]晏殊,《元夕》,星粲实灯连九市，水流香轂渡千门。姮娥似有随人意，柳示花前月半昏。
[宋]晏殊,《句》,绿树新蝉第一声。
[宋]晏殊,《句》,秦声未觉朱弦润，楚梦先知菹叶凉。
[宋]晏殊,《句》,巧缀雕琼绽色丝，三千宫面宿胭脂。
[宋]晏殊,《句》,潜岭岧峣副祝融。
[宋]晏殊,《句》,间思北海银宫畔，谁驾丹山凤凰。
[宋]晏殊,《句》,频瞻太一青藜见，欲赋甘泉自凤来。
[宋]晏殊,《句》,茧馆蚕初起，瑶箱燕未归。
[宋]晏殊,《句》,莫凭高楼伸远目。
[宋]晏殊,《句》,冷豓风中凝，浓香雪后多。
[宋]晏殊,《句》,买得梧宫数亩秋，便追黄绮作朋俦。
[宋]晏殊,《句》,静寻啄木藏身处，间看游丝到地时。
[宋]晏殊,《句》,楼台侧畔杨花过，帘幕中间燕子飞。
[宋]晏殊,《句》,篱边菊秀先生醉，桑雏娇稚子仁。
[宋]晏殊,《句》,江城嘉号木芙蓉，金蕊琼萼绽蓼风。
[宋]晏殊,《句》,绛英琼粒傲霜前，冷落池台亦自妍。
[宋]晏殊,《句》,腊雪半含梅粉白，春风先著柳梢黄。
[宋]晏殊,《句》,漫取忠臣比芳草，不知谗口起椒兰。兰花{下缺}
[宋]晏殊,《句》,万年枝上凝烟动，百子池边瑞日长。
[宋]晏殊,《句》,主父仲舒容不得，未知宾阁是何人。
[宋]晏殊,《句》,竹醉人还醉，蚕眠我亦眠。
[宋]晏殊,《句》,争持白玉萼，共插翠云鬟。
[宋]晏殊,《句》,震邸陪经席，辰阶总化钧。
[宋]晏殊,《句》,玉女雕琼萼，仙禽借菊衣。
[宋]晏殊,《句》,已定复摇春水色，似红如白野棠花。
[宋]晏殊,《句》,衣上六花非所好，亩间盈尺是吾心。
[宋]晏殊,《句》,一纸短书无寄处，数行征雁入南云。
[宋]晏殊,《句》,一年为客未归去，笑杀城东桃李花。
[宋]晏殊,《句》,遥想江南此时节，小梅黄熟子规啼。
[宋]晏殊,《句》,琼字金扉迥倚天，南齐七志罕遗逸，西汉九流咸粲然。
