[宋]柳永,《雨霖铃·寒蝉凄切》,寒蝉凄切，对长亭晚，骤雨初歇。都门帐饮无绪，留恋处，兰舟催发。执手相看泪眼，竟无语凝噎。念去去，千里烟波，暮霭沉沉楚天阔。多情自古伤离别，更那堪冷落清秋节！今宵酒醒何处？杨柳岸，晓风残月。此去经年，应是良辰好景虚设。便纵有千种风情，更与何人说？(好景一作：美景)
[宋]柳永,《蝶恋花·伫倚危楼风细细》,伫倚危楼风细细，望极春愁，展开全文黯黯生天际。草色烟光残照里，无言谁会凭阑意。拟把疏狂图一醉，对酒当歌，强乐还无味。衣带渐宽终不悔，为伊消得人憔悴。
[宋]柳永,《望海潮·东南形胜》,东南形胜，三吴都会，钱塘自古繁华。烟柳画桥，风帘翠幕，参差十万人家。展开全文云树绕堤沙，怒涛卷霜雪，天堑无涯。市列珠玑，户盈罗绮竞豪奢。重湖叠瓛清嘉，有三秋桂子，十里荷花。羌管弄晴，菱歌泛夜，嬉嬉钓叟莲娃。千骑拥高牙，乘醉听箫鼓，吟赏烟霞。异日图将好景，归去凤池夸。
[宋]柳永,《八声甘州·对潇潇暮雨洒江天》,对潇潇暮雨洒江天，一番洗清秋。渐霜风凄紧，关河冷落，残照当楼。是处红衰翠减，苒苒物华休。唯有长江水，无语东流。不忍登高临远，望故乡渺邈，归思难收。叹年来踪迹，何事苦淹留？想佳人，妆楼颙望，误几回、天际识归舟。争知我，倚栏杆处，正恁凝愁！
[宋]柳永,《鹧鸪天·吹破残烟入夜风》,吹破残烟入夜风。一轩明月上帘栊。因惊路远人还远，纵得心同寝未同。情脉脉，意忡忡。碧云归去认无踪。只应会向前生里，爱把鸳鸯两处笼。
[宋]柳永,《鹧鸪天·吹破残烟入夜风》,吹破残烟入夜风。一轩明月上帘栊。因惊路远人还远，纵得心同寝未同。情脉脉，意忡忡。碧云归去认无踪。只应曾向前生里，爱把鸳鸯两处笼。
[宋]柳永,《临江仙·梦觉小庭院》,梦觉小庭院，冷风淅淅，疏雨潇潇。绮窗外，秋声败叶狂飘。心摇。奈寒漏永，孤展开全文帏悄，泪烛空烧。无端处，是绣衾鸳枕，闲过清宵。萧条。牵情系恨，争向年少偏饶。觉新来、憔悴旧日风标。魂消。念欢娱事，烟波阻、后约方遥。还经岁，问怎生禁得，如许无聊。
[宋]柳永,《临江仙·鸣珂碎撼都门晓》,鸣珂碎撼都门晓，旌幢拥下天人。马摇金辔破香尘。壶浆盈路，欢动一城春。展开全文扬州曾是追游地，酒台花径仍存。凤箫依旧月中闻。荆王魂梦，应认岭头云。
[宋]柳永,《鹊桥仙·届征途》,届征途，携书剑，迢迢匹马东去。惨离怀，嗟少年易分难聚。佳人方恁缱绻，便忍展开全文分鸳侣。当媚景，算密意幽欢，尽成轻负。此际寸肠万绪。惨愁颜、断魂无语。和泪眼、片时几番回顾。伤心脉脉谁诉。但黯然凝伫。暮烟寒雨。望秦楼何处。
[宋]柳永,《西江月·师师生得艳冶》,师师生得艳冶，香香於我情多。安安那更久比和。四个打成一个。展开全文幸自苍皇未款，新词写处多磨。几回扯了又重挪。奸字中心著我。（以上二首见罗烨《醉翁谈录》丙集卷二）
[宋]柳永,《西江月·凤额绣帘高卷》,凤额绣帘高卷，兽环朱户频摇。两竿红日上花棚。春睡厌厌难觉。展开全文好梦狂随飞絮，闲愁浓，胜香醪。不成雨暮与云朝。又是韶光过了。
[宋]柳永,《满江红·暮雨初收》,暮雨初收，长川静、征帆夜落。临岛屿、蓼烟疏淡，苇风萧索。几许渔人飞短艇，尽载灯火归村落。遣行客、当此念回程，伤漂泊。桐江好，烟漠漠。波似染，山如削。绕严陵滩畔，鹭飞鱼跃。游宦区区成底事，平生况有云泉约。归去来、一曲仲宣吟，从军乐。
[宋]柳永,《清平乐·繁华锦烂》,繁华锦烂。已恨归期晚。翠减红稀莺似懒。特地柔肠欲断。不堪尊酒频倾。恼人转展开全文转愁生。□□□□□□（脱字），多情争似无情。
[宋]柳永,《清平乐·繁华锦烂》,繁华锦烂。已恨归期晚。翠减红稀莺似懒。特地柔肠欲断。不堪尊酒频倾。恼人转转愁生。□□□□□□，多情争似无情。
[宋]柳永,《减字木兰花·花心柳眼》,花心柳眼。郎似游丝常惹绊。慵困谁怜。绣线金针不喜穿。展开全文深房密宴。争向好天多聚散。绿锁窗前。几日春愁废管弦。
[宋]柳永,《定风波·伫立长堤》,伫立长堤，淡荡晚风起。骤雨歇、极目萧疏，塞柳万株，掩映箭波千里。展开全文走舟车向此，人人奔名竞利。念荡子、终日驱驱，觉乡关转迢递。何意。绣阁轻抛，锦字难逢，等闲度岁。奈泛泛旅迹，厌厌病绪，迩来谙尽，宦游滋味。此情怀、纵写香笺，凭谁与寄。算孟光、争得知我，继日添憔悴。
[宋]柳永,《定风波·自春来》,自春来惨绿愁红，芳心是事可可。日上花梢，莺穿柳带，犹压香衾卧。展开全文暖酥消，腻云亸，终日厌厌倦梳裹。无那！恨薄情一去，音书无个。早知恁么。悔当初、不把雕鞍锁。向鸡窗、只与蛮笺象管，拘束教吟课。镇相随，莫抛躲，针线闲拈伴伊坐。和我，免使年少、光阴虚过。
[宋]柳永,《浪淘沙·梦觉》,梦觉、透窗风一线，寒灯吹息。那堪酒醒，又闻空阶，夜雨频滴。展开全文嗟因循、久作天涯客。负佳人、几许盟言，便忍把、从前欢会，陡顿翻成忧戚。愁极。再三追思，洞庭深处，几度饮散歌阑，香暖鸳鸯被，岂暂时疏散，费伊心力。殢云尤雨，有万般千种，相怜相惜。恰到如今，天长漏永，无端自家疏隔。知何时、却拥秦云态，愿低帏昵枕，轻轻细说与，江乡夜夜，数寒更思忆。
[宋]柳永,《玉楼春》,昭华夜醮连清曙。金殿霓旌笼瑞雾。九枝擎烛灿繁星，百和焚香抽翠缕。香罗荐地延真驭。万乘凝旒听秘语。卜年无用考灵龟，从此乾坤齐历数。
[宋]柳永,《玉楼春》,凤楼郁郁呈嘉瑞。降圣覃恩延四裔。醮台清夜洞天严，公宴凌晨箫鼓沸。保生酒劝椒香腻。延寿带垂金缕细。几行鵷鹭望尧云，齐共南山呼万岁。
[宋]柳永,《玉楼春》,皇都今夕知何夕。特地风光盈绮陌。金丝玉管咽春空，蜡炬兰灯烧晓色。凤楼十二神仙宅。珠履三千鵷鹭客。金吾不禁六街游，狂杀云踪并雨迹。
[宋]柳永,《玉楼春·昭华夜醮连清曙》,昭华夜醮连清曙。金殿霓旌笼瑞雾。九枝擎烛灿繁星，百和焚春抽翠缕。展开全文香罗荐地延真驭。万乘凝旒听秘语。卜年无用考灵龟，从此乾坤齐历数。
[宋]柳永,《玉楼春》,阆风歧路连银阙。曾许金桃容易窃。乌龙未睡定惊猜，鹦鹉能言防漏泄。匆匆纵得邻香雪。窗隔残烟帘映月。别来也拟不思量，争奈馀香犹未歇。
[宋]柳永,《玉楼春》,凤楼郁郁呈嘉瑞，降圣覃恩延四裔。展开全文醮台清夜洞天严，公宴凌晨箫鼓沸。保生酒劝椒香腻，延寿带垂金缕细。几行鹓鹭望尧云，齐共南山呼万岁。
[宋]柳永,《玉楼春》,皇都今夕知何夕，特地风光盈绮陌。展开全文金丝玉管咽春空，蜡炬兰灯烧晓色。凤楼十二神仙宅，珠履三千鹓鹭客。金吾不禁六街游，狂杀云踪并雨迹。
[宋]柳永,《玉楼春》,阆风歧路连银阙，曾许金桃容易窃。展开全文乌龙未睡定惊猜，鹦鹉能言防漏泄。匆匆纵得邻香雪，窗隔残烟帘映月。别来也拟不思量，争奈余香犹未歇。
[宋]柳永,《玉楼春》,昭华夜醮连清曙，金殿霓旌笼瑞雾。展开全文九枝擎烛灿繁星，百和焚春抽翠缕。香罗荐地延真驭，万乘凝旒听秘语。卜年无用考灵龟，从此乾坤齐历数。
[宋]柳永,《玉楼春》,星闱上笏金章贵。重委外台疏近侍。百常天阁旧通班，九岁国储新上计。太仓日富中邦最。宣室夜思前席对。归心怡悦酒肠宽，不泛千锺应不醉。
[宋]柳永,《玉楼春》,星闱上笏金章贵，重委外台疏近侍。展开全文百常天阁旧通班，九岁国储新上计。太仓日富中邦最，宣室夜思前席对。归心怡悦酒肠宽，不泛千锺应不醉。
[宋]柳永,《卜算子·江风渐老》,江风渐老，汀蕙半凋，满目败红衰翠。楚客登临，正是暮秋天气。引疏砧、断续残阳里。对晚景、伤怀念远，新愁旧恨相继。脉脉人千里。念两处风情，万重烟水。雨歇天高，望断翠峰十二。尽无言、谁会凭高意。纵写得、离肠万种，奈归云谁寄。
[宋]柳永,《少年游·长安古道马迟迟》,长安古道马迟迟，高柳乱蝉嘶。夕阳鸟外，秋风原上，目断四天垂。展开全文归云一去无踪迹，何处是前期？狎兴生疏，酒徒萧索，不似少年时。
[宋]柳永,《少年游·参差烟树灞陵桥》,参差烟树灞陵桥，风物尽前朝。衰杨古柳，几经攀折，憔悴楚宫腰。展开全文夕阳闲淡秋光老，离思满蘅皋。一曲阳关，断肠声尽，独自凭兰桡。
[宋]柳永,《少年游·铃斋无讼宴游频》,铃斋无讼宴游频。罗绮簇簪绅。施朱傅粉，丰肌清骨，容态尽天真。舞裀歌扇花光里，翻回雪、驻行云。绮席阑珊，凤灯明灭，谁是意中人。
[宋]柳永,《少年游·长安古道马迟迟》,长安古道马迟迟。高柳乱蝉栖。夕阳岛外，秋风原上，目断四天垂。展开全文归云一去无踪迹，何处是前期。狎兴生疏，酒徒萧索，不似去年时。
[宋]柳永,《鹤冲天·闲窗漏永》,闲窗漏永，月冷霜华堕。悄悄下廉幕，残灯火。再三追往事，离魂乱，愁肠锁。无展开全文语沈吟坐。好天好景，未省展眉则个。从前早是多成破。何况经岁月，相抛［身单］。假使重相见，还得似、旧时麽。悔恨无计那。迢迢良夜，自家只恁摧挫。
[宋]柳永,《鹤冲天·黄金榜上》,黄金榜上，偶失龙头望。明代暂遗贤，如何向。未遂风云便，争不恣游狂荡。何须论得丧？才子词人，自是白衣卿相。烟花巷陌，依约丹青屏障。幸有意中人，堪寻访。且恁偎红倚翠，风流事，平生畅。青春都一饷。忍把浮名，换了浅斟低唱！
[宋]柳永,《凤栖梧》,帘内清歌帘外宴。虽爱新声，不见如花面。展开全文牙板数敲珠一串，梁尘暗落琉璃盏。桐树花深孤凤怨。渐遏遥天，不放行云散。坐上少年听不惯。玉山未倒肠先断。
[宋]柳永,《凤栖梧》,蜀锦地衣丝步障。屈曲回廊，静夜闲寻访。展开全文玉砌雕阑新月上，朱扉半掩人相望。旋暖熏炉温斗帐。玉树琼枝，迤逦相偎傍。酒力渐浓春思荡，鸳鸯绣被翻红浪。
[宋]柳永,《凤栖梧》,帘下清歌帘外宴。虽爱新声，不见如花面。牙板数敲珠一串，梁尘暗落琉璃盏。展开全文桐树花深孤凤怨。渐遏遥天，不放行云散。坐上少年听不惯。玉山未倒肠先断。
[宋]柳永,《诉衷情·一声画角日西曛》,一声画角日西曛。催促掩朱门。不堪更倚危阑，肠断已消魂。年渐晚，雁空频。问无因。思心欲碎，愁泪难收，又是黄昏。
[宋]柳永,《诉衷情·一声画角日四曛》,一声画角日四曛。催促掩朱门。不堪更倚危阑，肠断已消魂。展开全文年渐晚，雁空频。问无因。思心欲碎，愁泪难收，又是黄昏。
[宋]柳永,《戚氏·晚秋天》,晚秋天。一霎微雨洒庭轩。展开全文槛菊萧疏，井梧零乱，惹残烟。凄然。望江关，飞云黯淡夕阳间。当时宋玉悲感，向此临水与登山。远道迢递，行人凄楚，倦听陇水潺湲。正蝉吟败叶，蛩响衰草，相应喧喧。孤馆度日如年。风露渐变，悄悄至更阑。长天净，绛河清浅，皓月婵娟。思绵绵，夜永对景，那堪屈指，暗想从前。未名未禄，绮陌红楼，往往经岁迁延。帝里风光好，当年少日，暮宴朝欢。况有狂朋怪侣，遇当歌、对酒竞留连。别来迅景如梭，旧游似梦，烟水程何限。念利名、憔悴长萦绊。追往事、空惨愁颜。漏箭移、稍觉轻寒。渐呜咽、画角数声残。对闲窗畔，停灯向晓，抱影无眠。
[宋]柳永,《戚氏·晚秋天》,晚秋天。一霎微雨洒庭轩。槛菊萧疏，井梧零乱惹残烟。凄然。望江关。飞云黯淡展开全文夕阳间。当时宋玉悲感，向此临水与登山。远道迢递，行人凄楚，倦听陇水潺湲。正蝉吟败叶，蛩响衰草，相应喧喧。孤馆度日如年。风露渐变，悄悄至更阑。长天净，绛河清浅，皓月婵娟。思绵绵。夜永对景，那堪屈指，暗想从前。未名未禄，绮陌红楼，往往经岁迁延。帝里风光好，当年少日，暮宴朝欢。况有狂朋怪侣，遇当歌、对酒竞留连。别来迅景如梭，旧游似梦，烟水程何限。念利名、憔悴长萦绊。追往事、空惨愁颜。漏箭移、稍觉轻寒。渐鸣咽、画角数声残。对闲窗畔，停灯向晓，抱影无眠。
[宋]柳永,《木兰花/玉楼春》,心娘自小能歌舞。举意动容皆济楚。解教天上念奴羞，不怕掌中飞燕妒。玲珑绣扇花藏语。宛转香茵云衬步。王孙若拟赠千金，只在画楼东畔住。
[宋]柳永,《木兰花/玉楼春》,佳娘捧板花钿簇。唱出新声群艳伏。金鹅扇掩调累累，文杏梁高尘簌簌。鸾吟凤啸清相续。管裂弦焦争可逐。何当夜召入连昌，飞上九天歌一曲。
[宋]柳永,《木兰花/玉楼春》,虫娘举措皆温润。每到婆娑偏恃俊。香檀敲缓玉纤迟，画鼓声催莲步紧。贪为顾盼夸风韵。往往曲终情未尽。坐中年少暗消魂，争问青鸾家远近。
[宋]柳永,《木兰花/玉楼春》,酥娘一搦腰肢袅。回雪萦尘皆尽妙。几多狎客看无厌，一辈舞童功不到。星眸顾指精神峭。罗袖迎风身段小。而今长大懒婆娑，只要千金酬一笑。
[宋]柳永,《木兰花/玉楼春》,翦裁用尽春工意。浅蘸朝霞千万蕊。天然淡泞好精神，洗尽严妆方见媚。风亭月榭闲相倚。紫玉枝梢红蜡蒂。假饶花落未消愁，煮酒杯盘催结子。
[宋]柳永,《木兰花/玉楼春》,东风催露千娇面。欲绽红深开处浅。日高梳洗甚时忺，点滴燕脂匀未遍。霏微雨罢残阳院。洗出都城新锦段。美人纤手摘芳枝，插在钗头和凤颤。
[宋]柳永,《木兰花/玉楼春》,黄金万缕风牵细。寒食初头春有味。殢烟尤雨索春饶，一日三眠夸得意。章街隋岸欢游地。高拂楼台低映水。楚王空待学风流，饿损宫腰终不似。
[宋]柳永,《洞仙歌·嘉景》,嘉景，向少年彼此，争不雨沾云惹。奈傅粉英俊，梦兰品雅。金丝帐暖银屏亚。并展开全文粲枕、轻偎轻倚，绿娇红姹。算一笑，百［王非］明珠非价。闲暇。每只向、洞房深处，痛怜极宠，似觉些子轻孤，早恁背人沾洒。从来娇纵多猜讶。更对翦香云，须要深心同写。爱［扌温］了双眉，索人重画。忍孤艳冶。断不等闲轻舍。鸳衾下。愿常恁、好天良夜。
[宋]柳永,《洞仙歌·佳景留心惯》,佳景留心惯。况少年彼此，风情非浅。有笙歌巷陌，绮罗庭院。倾城巧笑如花面。恣雅态、明眸回美盼。同心绾。算国艳仙材，翻恨相逢晚。缱绻。洞房悄悄，绣被重重，夜永欢余，共有海约山盟，记得翠云偷翦。和鸣彩凤于飞燕。间柳径花阴携手遍。情眷恋。向其间、密约轻怜事何限。忍聚散。况已结深深愿。愿人间天上，暮云朝雨长相见。
[宋]柳永,《其二》,柳街灯市好花多。尽让美琼娥。万娇千媚，的的在层波。取次梳妆，自有天然态，展开全文爱浅画双蛾。断肠最是金闺客，空怜爱、奈伊何。洞房咫尺，无计枉朝珂。有意怜才，每遇行云处，幸时恁相过。
[宋]柳永,《其二》,淮岸。向晚。圆荷向背，芙蓉深浅。仙娥画舸，沾渍红芳交乱。难分花与面。展开全文采多渐觉轻船满。呼归伴。急桨烟村远。隐隐棹歌，渐被蒹葭遮断。山终人不见。
[宋]柳永,《其二》,全吴嘉会古风流。渭南往岁忆来游。西子方来、越相功成去，千里沧江一叶舟。展开全文至今无限盈盈者，尽来拾翠芳洲。最是簇簇寒村，遥认南朝路、晚烟收。三两人家古渡头。
[宋]柳永,《其二》,梦觉清宵半。悄然屈指听银箭。惟有床前残泪烛，啼红相伴。暗惹起、云愁雨恨情何限。从卧来、展转千余遍。恁数重鸳被，怎向孤眠不暖。堪恨还堪欢。当初不合轻分散。及至厌厌独自个，却眼穿肠断。似恁地、深情密意如何拚。虽后约、的有于飞愿。奈片时难过，怎得如今便见。
[宋]柳永,《其二》,煦色韶光明媚。轻霭低笼芳树。池塘浅蘸烟芜，廉幕闲垂风絮。春困厌厌，抛掷斗展开全文草工夫，冷落踏青心绪。终日扃朱户。远恨绵绵，淑景迟迟难度。年少傅粉，依前醉眠何处。深院无人，黄昏乍拆秋千，空锁满庭花雨。
[宋]柳永,《其二》,秋尽。叶翦红绡，砌菊遗金粉。雁字一行来，还有边庭信。展开全文飘散露华清风紧。动翠幕，晓寒犹嫩，中酒残妆整顿。聚两眉离恨。【中吕宫】
[宋]柳永,《其二》,秀香住桃花径。算神仙、才堪并。层波细翦明眸，腻玉圆搓素颈。爱把歌喉当筵逞展开全文。遏天边，乱云愁凝。言语似娇荧，一声声堪听。客房饮散帘帷静。拥香衾、欢心称。金炉麝袅青烟，凤帐烛摇红影。无限狂心乘酒兴。这欢娱、渐入嘉景。犹自怨邻鸡，道秋宵不永。
[宋]柳永,《其二》,追悔当初孤深愿。经年价、两成幽怨。任越水吴山，似屏如障堪游玩。奈独自、慵展开全文抬眼。赏烟花，听弦管。图欢笑、转加肠断。更时展丹青，强拈书信频频看。又争似、亲相见。
[宋]柳永,《其二》,玉［土戚］金阶舞舜干。朝野多欢。九衢三市风光丽，正万家、急管繁弦。凤楼临展开全文绮陌，嘉气非烟。雅俗熙熙物熊妍。忍负芳年。笑筵歌连席连昏昼，任旗亭、斗酒十千。赏心何处好，惟有尊前。
[宋]柳永,《其二》,伫立东风，断魂南国。花光媚、春醉琼楼，蟾彩迥、夜游香陌。忆当时、酒恋花迷展开全文，役损词客。别有眼长腰搦。痛怜深惜。鸳会阻、夕雨凄飞，锦书断、暮云凝碧。想别来，好景良时，也应相忆。
[宋]柳永,《其二》,凤楼郁郁呈嘉瑞。降圣覃恩延四裔。醮台清夜洞天严，公宴凌晨箫鼓沸。展开全文保生酒劝椒香腻。延寿带垂金缕细。几行［宛鸟］鹭望尧云，齐共南山呼万岁。
[宋]柳永,《其二》,前时小饮春庭院。悔放笙歌散。归来中夜酒醺醺，惹起旧愁无限。虽看坠楼换马，争奈不是鸳鸯伴。朦胧暗想如花面。欲梦还惊断。和衣拥被不成眠，一枕万回千转。惟有画梁，新来双燕，彻曙闻长欢。
[宋]柳永,《其二》,琪树罗三殿，金龙抱九关。上清真籍总群仙。朝拜五云间。展开全文昨夜紫微诏下。急唤天书使者。令赍瑶检降彤霞。重到汉皇家。
[宋]柳永,《其二》,伫倚危楼风细细。望极春愁，黯黯生天际。草色烟光残照里。无言谁会凭阑意。展开全文拟把疏狂图一醉。对酒当歌，强乐还无味。衣带渐宽终不悔。为伊消得人憔悴。（案以上二首别又见欧阳修《近体乐府》卷二）
[宋]柳永,《其二》,天阁英游，内朝密侍，当世荣遇。汉守分麾，尧庭请瑞，方面凭心膂。风驰千骑，展开全文云拥双旌，向晓洞开严署。拥朱［车番］、喜色欢声，处处竞歌来暮。吴王旧国，今古江山秀异，人烟繁富。甘雨车行，仁风扇动，雅称安黎庶。棠郊成政，槐府登贤，非久定须归去。且乘闲、孙阁长开，融尊盛举。
[宋]柳永,《其二》,景阑昼永，渐入清和气序。榆钱飘满闲阶，莲叶嫩生翠沼。遥望水边幽径，山崦孤展开全文村，是处园林好。闲情悄。绮陌游人渐少。少年风韵，自觉随春老。追前好。帝城信阻，天涯目断，暮云芳草。伫立空残照。
[宋]柳永,《其二》,参差烟树灞陵桥。风物尽前朝。衰杨古柳，几经攀折，憔悴楚宫腰。展开全文夕阳闲淡秋光老，离思满蘅皋。一曲阳关，断肠声尽，独自凭兰桡。
[宋]柳永,《其二》,佳娘捧板花钿簇。唱出新声群艳伏。金鹅扇掩调累累，文杏梁高尘簌簌。展开全文鸾吟凤啸清相续。管裂弦焦争可逐。何当夜名入连昌，飞上九天歌一曲。
[宋]柳永,《其二》,帝里疏散，数载酒萦花系，九陌狂游。良景对珍筵恼，佳人自有风流。劝琼瓯。绛展开全文唇启、歌发清幽。被举措、艺足才高，在处别得艳姬留。浮名利，拟拚休。是非莫挂心头。富贵岂由人，时会高志须酬。莫闲愁。共绿蚁、红粉相尤。向绣幄，醉倚芳姿睡。算除此外何求。
[宋]柳永,《其二》,渐觉芳郊明媚，夜来膏雨，一洒尘埃。满目浅桃深杏，露染风裁。银塘静、鱼鳞簟展开全文展，烟岫翠、龟甲屏开。殷晴雷。云中鼓吹，游遍蓬莱。徘徊。集□［“旗”的“其”换“与”］前后，三千珠履，十二金钗。雅俗熙熙，下车成宴尽春台。好雍容、东山妓女，堪笑傲、北海尊□［上三田下缶］。且追陪。凤池归去，那更重来。
[宋]柳永,《其二》,访雨寻云，无非是、奇容艳色。就中有、天真妖丽，自然标格。恶发姿颜欢喜面，细追想处皆堪惜。自别后、幽怨与闲愁，成堆积。鳞鸿阻，无信息。梦魂断，难寻觅。尽思量，休又怎生休得。谁恁多情凭向道，纵来相见且相忆。便不成、常遣似如今，轻抛掷。
[宋]柳永,《玉蝴蝶·望处雨收云断》,望处雨收云断，凭阑悄悄，目送秋光。晚景萧疏，堪动宋玉悲凉。水风轻，蘋花渐老，月露冷、梧叶飘黄。遣情伤。故人何在，烟水茫茫。难忘，文期酒会，几孤风月，屡变星霜。海阔山遥，未知何处是潇湘。念双燕、难凭远信，指暮天、空识归航。黯相望。断鸿声里，立尽斜阳。
[宋]柳永,《醉蓬莱·渐亭皋叶下》,渐亭皋叶下，陇首云飞，素秋新霁。华阙中天，锁葱葱佳气。嫩菊黄深，拒霜红浅展开全文，近宝阶香砌。玉宇无尘，金茎有露，碧天如水。正值升平，万几多暇，夜色澄鲜，漏声迢递。南极星中，有老人呈瑞。此际宸游，凤辇何处，度管弦清脆。太液波翻，披香帘卷，月明风细。
[宋]柳永,《永遇乐·薰风解愠》,薰风解愠，昼景清和，新霁时候。火德流光，萝图荐祉，累庆金枝秀。璿枢绕电，华渚流虹，是日挺生元后。缵唐虞垂拱，千载应期，万灵敷祐。殊方异域，争贡琛赆，架巘航波奔凑。三殿称觞，九仪就列，韶頀锵金奏。藩侯瞻望彤庭，亲携僚吏，竞歌元首。祝尧龄、北极齐尊，南山共久。
[宋]柳永,《倾杯·水乡天气》,水乡天气，洒蒹葭、露结寒生早。客馆更堪秋杪。空阶下、木叶飘零，飒飒声乾，狂风乱扫。当无绪、人静酒初醒，天外征鸿，知送谁家归信，穿云悲叫。蛩响幽窗，鼠窥寒砚，一点银釭闲照。梦枕频惊，愁衾半拥，万里归心悄悄。往事追思多少。赢得空使方寸挠。断不成眠，此夜厌厌，就中难晓。
[宋]柳永,《倾杯·金风淡荡》,金风淡荡，渐秋光老、清宵永。小院新晴天气，轻烟乍敛，皓月当轩练净。对千里寒光，念幽期阻、当残景。早是多情多病。那堪细把，旧约前欢重省。最苦碧云信断，仙乡路杳，归鸿难倩。每高歌、强遣离怀，惨咽、翻成心耿耿。漏残露冷。空赢得、悄悄无言，愁绪终难整。又是立尽，梧桐碎影。
[宋]柳永,《倾杯·鹜落霜洲》,鹜落霜洲，雁横烟渚，分明画出秋色。暮雨乍歇。小楫夜泊，宿苇村山驿。何人月下临风处，起一声羌笛。离愁万绪，闻岸草、切切蛩吟如织。为忆。芳容别后，水遥山远，何计凭鳞翼。想绣阁深沈，争知憔悴损、天涯行客。楚峡云归，高阳人散，寂寞狂踪迹。望京国。空目断、远峰凝碧。
[宋]柳永,《倾杯·骛落霜洲》,鹜落霜洲，雁横烟渚，分明画出秋色。暮雨乍歇，小楫夜泊，宿苇村山驿。展开全文何人月下临风处，起一声羌笛。离愁万绪，闲岸草、切切蛩吟如织。为忆芳容别后，水遥山远，何计凭鳞翼。想绣阁深沉，争知憔悴损，天涯行客。楚峡云归，高阳人散，寂寞狂踪迹。望京国。空目断、远峰凝碧。
[宋]柳永,《倾杯·离宴殷勤》,离宴殷勤，兰舟凝滞，看看送行南浦。情知道世上，难使皓月长圆，彩云镇聚。算展开全文人生、悲莫悲于轻别，最苦正欢娱，便分鸳侣。泪流琼脸，梨花一枝春带雨。惨黛蛾、盈盈无绪。共黯然悄魂，重携纤手，话别临行，犹自再三、问道君须去。频耳畔低语。知多少、他日深盟，平生丹素。从今尽把凭鳞羽。
[宋]柳永,《木兰花慢·倚危楼伫立》,倚危楼伫立，乍萧索、晚晴初。渐素景衰残，风砧韵响，霜树红疏。云衢。见新雁过，奈佳人自别阻音书。空遣悲秋念远，寸肠万恨萦纡。皇都。暗想欢游，成往事、动欷歔。念对酒当歌，低帏并枕，翻恁轻孤。归途。纵凝望处，但斜阳暮霭满平芜。赢得无言悄悄，凭阑尽日踟蹰。
[宋]柳永,《木兰花慢·拆桐花烂漫》,拆桐花烂熳，乍疏雨、洗清明。正艳杏烧林，缃桃绣野，芳景如屏。倾城，尽寻胜去，骤雕鞍绀幰出郊坰。风暖繁弦脆管，万家竞奏新声。盈盈，斗草踏青。人艳冶，递逢迎。向路旁往往，遗簪堕珥，珠翠纵横。欢情，对佳丽地，信金罍罄竭玉山倾。拚却明朝永日，画堂一枕春酲。
[宋]柳永,《夜半乐·艳阳天气》,艳阳天气，烟细风暖，芳郊澄朗闲凝伫。渐妆点亭台，参差佳树。舞腰困力，垂杨绿映，浅桃秾李夭夭，嫩红无数。度绮燕、流莺斗双语。翠娥南陌簇簇，蹑影红阴，缓移娇步。抬粉面、韶容花光相妒。绛绡袖举。云鬟风颤，半遮檀口含羞，背人偷顾。竞斗草、金钗笑争赌。展开全文对此嘉景，顿觉消凝，惹成愁绪。念解佩、轻盈在何处。忍良时、孤负少年等闲度。空望极、回道斜阳暮。欢浪萍风梗知何去。
[宋]柳永,《夜半乐·冻云黯淡天气》,冻云黯淡天气，扁舟一叶，乘兴离江渚。渡万壑千岩，越溪深处。展开全文怒涛渐息，樵风乍起，更闻商旅相呼，片帆高举。泛画鹢、翩翩过南浦。望中洒旆闪闪，一簇烟村，数行霜树。残日下、渔人鸣榔归去。败荷零落，衰杨掩映，岸边两两三三，浣纱游女。避行客，含羞笑相语。到此因念，绣阁轻抛，浪萍难驻。叹后约、丁宁竟何据。惨离怀、空恨岁晚归期阻。凝泪眼、杳杳神京路。断鸿声远长天暮。
[宋]柳永,《曲玉管·陇首云飞》,陇首云飞，江边日晚，烟波满目凭阑久。一望关河萧索，千里清秋。忍凝眸。展开全文杳杳神京，盈盈仙子，别来锦字终难偶。断雁无凭，冉冉飞下汀洲。思悠悠。暗想当初，有多少、幽欢佳会，岂知聚散难期，翻成雨恨云愁？阻追游。每登山临水，惹起平生心事，一场消黯，永日无言，却下层楼。
[宋]柳永,《迷神引·红板桥头秋光暮》,红板桥头秋光暮。淡月映烟方煦。寒溪蘸碧，绕垂杨路。重分飞，携纤手、泪如雨展开全文。波急隋堤远，片帆举。倏忽年华改，向期阻。时觉春残，渐渐飘花絮。好夕良天长孤负。洞房闲掩，小屏空、无心觑。指归云，仙乡杳、在何处。遥夜香衾暖，算谁与。知他深深约，记得否。（案《疆村丛书》本乐章集三卷，续添曲子一卷）
[宋]柳永,《迷神引·一叶扁舟轻帆卷》,一叶扁舟轻帆卷，暂泊楚江南岸。孤城暮角，引胡笳怨。展开全文水茫茫，平沙雁，旋惊散。烟敛寒林簇，画屏展。天际遥山小，黛眉浅。旧赏轻抛，到此成游宦。觉客程劳，年光晚。异乡风物，忍萧索、当愁眼。帝城赊，秦楼阻，旅魂乱。芳草连空阔，残照满。佳人无消息，断云远。
[宋]柳永,《迷神引·一叶扁舟轻帆卷》,一叶扁舟轻帆卷。暂泊楚江南岸。孤城暮角，引胡笳怨。水茫茫，平沙雁、旋惊散展开全文。烟敛寒林簇，画屏展。天际遥山小，黛眉浅。旧赏轻抛，到此成游宦。觉客程劳，年光晚。异乡风物，忍萧索、当愁眼。帝城赊，，秦楼阻，旅魂乱。芳草连空阔，残照满。佳人无消息，断云远。
[宋]柳永,《御街行·燔柴烟断星河曙》,燔柴烟断星河曙。宝辇回天步。端门羽卫簇雕阑，六乐舜韶先举。鹤书飞下，鸡竿高耸，恩霈均寰寓。赤霜袍烂飘香雾。喜色成春煦。九仪三事仰天颜，八彩旋生眉宇。椿龄无尽，萝图有庆，常作乾坤主。
[宋]柳永,《御街行·前时小饮春庭院》,前时小饮春庭院。悔放笙歌散。归来中夜酒醺醺，惹起旧愁无限。虽看坠楼换马，争奈不是鸳鸯伴。朦胧暗想如花面。欲梦还惊断。和衣拥被不成眠，一枕万回千转。惟有画梁，新来双燕，彻曙闻长叹。
[宋]柳永,《木兰花·心娘自小能歌舞》,心娘自小能歌舞。举意动容皆济楚。解教天上念奴羞，不怕掌中飞燕妒。展开全文玲珑绣扇花藏语。宛转香茵云衬步。王孙若拟赠千金，只在画楼东畔住。
[宋]柳永,《瑞鹧鸪·宝髻瑶簪》,宝髻瑶簪。严妆巧，天然绿媚红深。绮罗丛里，独逞讴吟。一曲阳春定价，何啻值千金。倾听处，王孙帝子，鹤盖成阴。凝态掩霞襟。动象板声声，怨思难任。嘹亮处，回厌弦管低沈。时恁回眸敛黛，空役五陵心。须信道，缘情寄意。别有知音。
[宋]柳永,《瑞鹧鸪·天将奇艳与寒梅》,天将奇艳与寒梅。乍惊繁杏腊前开。暗想花神、巧作江南信，鲜染燕脂细翦裁。寿阳妆罢无端饮，凌晨酒入香腮。恨听烟隖深中，谁恁吹羌管、逐风来。绛雪纷纷落翠苔。
[宋]柳永,《瑞鹧鸪·吴会风流》,吴会风流。人烟好，高下水际山头。瑶台绛阙，依约蓬丘。万井千闾富庶，雄压十三州。触处青蛾画舸，红粉朱楼。方面委元侯。致讼简时丰，继日欢游。襦温袴暖，已扇民讴。旦暮锋车命驾，重整济川舟。当恁时，沙堤路稳，归去难留。
[宋]柳永,《瑞鹧鸪·天将奇艳与寒梅》,天将奇艳与寒梅。乍惊繁杏腊前开。暗想花神、巧作江南信，鲜染燕脂细翦裁。寿阳妆罢无端饮，凌晨酒入香腮。恨听烟坞深中，谁恁吹羌管逐风来。绛雪纷纷落翠苔。
[宋]柳永,《瑞鹧鸪·全吴嘉会古风流》,全吴嘉会古风流。渭南往岁忆来游。西子方来、越相功成去，千里沧江一叶舟。至今无限盈盈者，尽来拾翠芳洲。最是簇簇寒村，遥认南朝路、晚烟收。三两人家古渡头。
[宋]柳永,《女冠子·断云残雨》,断云残雨。洒微凉、生轩户。动清籁、萧萧庭树。银河浓淡，华星明灭，轻云时度。莎阶寂静无睹。幽蛩切切秋吟苦。疏篁一径，流萤几点，飞来又去。对月临风，空恁无眠耿耿，暗想旧日牵情处。绮罗丛里，有人人、那回饮散，略曾谐鸳侣。因循忍便睽阻。相思不得长相聚。好天良夜，无端惹起，千愁万绪。
[宋]柳永,《女冠子·断云残雨》,断云残雨。洒微凉、生轩户。动清籁、萧萧庭树。银河浓淡，华星明灭，轻云时度展开全文。莎阶寂静无睹。幽蛩切切秋吟苦。疏篁一径，流萤几点，飞来又去。对月临风，空恁无眠耿耿，暗想旧日牵情处。绮罗丛里，有人人、那回饮散，略曾谐鸳侣。因循忍便睽阻。相思不得长相聚。好天良夜，无端惹起，千愁万绪。
[宋]柳永,《女冠子·淡烟飘薄》,淡烟飘薄。莺花谢、清和院落。树阴翠、密叶成幄。麦秋霁景，夏云忽变奇峰、倚寥廓。波暖银塘，涨新萍绿鱼跃。想端忧多暇，陈王是日，嫩苔生阁。正铄石天高，流金昼永，楚榭光风转蕙，披襟处、波翻翠幕。以文会友，沈李浮瓜忍轻诺。别馆清闲，避炎蒸、岂须河朔。但尊前随分，雅歌艳舞，尽成欢乐。
[宋]柳永,《女冠子·火云初布》,火云初布。迟迟永日炎暑。浓阴高树。黄鹂叶底，羽毛学整，方调娇语。薰风时渐动，峻阁池塘，芰荷争吐。画梁紫燕，对对衔泥，飞来又去。想佳期、容易成辜负。共人人、同上画楼斟香醑。恨花无主。卧象床犀枕，成何情绪。有时魂梦断，半窗残月，透帘穿户。去年今夜，扇儿扇我，情人何处。
[宋]柳永,《女冠子·淡烟飘薄》,淡烟飘薄。莺花谢、清和院落。树阴翠、密叶成幄。麦秋霁景，夏云忽变奇峰、倚寥廊。波暖银塘，涨新萍绿鱼跃。想端忧多暇，陈王是日，嫩苔生阁。正铄石天高，流金昼永，楚榭光风转蕙，披襟处、波翻翠幕。以文会友，沈李浮瓜忍轻诺。别馆清闲，避炎蒸、岂须河朔。但尊前随分，雅歌艳舞，尽成欢乐。
[宋]柳永,《河传·翠深红浅》,翠深红浅。愁蛾黛蹙，娇波刀翦。奇容妙妓，争逞舞裀歌扇。妆光生粉面。坐中醉客风流惯。尊前见。特地惊狂眼。不似少年时节，千金争选。相逢何太晚。
[宋]柳永,《河传·翠深红浅》,翠深红浅。愁娥黛蹙，娇波刀翦。奇容妙妓，争逞舞裀歌扇。妆光生粉面。坐中醉客风流惯。尊前见。特地惊狂眼。不似少年时节，千金争选。相逢何太晚。
[宋]柳永,《燕归梁·轻蹑罗鞋掩绛绡》,轻蹑罗鞋掩绛绡。传音耗、苦相招。语声犹颤不成娇。乍得见、两魂消。展开全文匆匆草草难留恋、还归去、又无聊。若谐雨夕与云朝。得似个、有嚣嚣。
[宋]柳永,《采莲令·月华收》,月华收、云淡霜天曙。西征客、此时情苦。展开全文翠娥执手，送临歧、轧轧开朱户。千娇面、盈盈伫立，无言有泪，断肠争忍回顾。一叶兰舟，便恁急桨凌波去。贪行色、岂知离绪。万般方寸，但饮恨、脉脉同谁语。更回首、重城不见，寒江天外，隐隐两三烟树。
[宋]柳永,《燕归梁·织锦裁编写意深》,织锦裁编写意深。字值千金。一回披玩一愁吟。肠成结、泪盈襟。幽欢已散前期远，无憀赖、是而今。密凭归雁寄芳音。恐冷落、旧时心。
[宋]柳永,《燕归梁·轻蹑罗鞋掩绛绡》,轻蹑罗鞋掩绛绡。传音耗、苦相招。语声犹颤不成娇。乍得见、两魂消。匆匆草草难留恋，还归去又无聊。若谐雨夕与云朝。得似个、有嚣嚣。
[宋]柳永,《燕归梁·织锦裁编写意深》,织锦裁编写意深。字值千金。一回披玩一愁吟。肠成结、泪盈襟。展开全文幽欢已散前期远，无［“谬”换竖心旁］赖、是而今。密凭归雁寄芳音。恐冷落、旧时心。
[宋]柳永,《安公子·远岸收残雨》,远岸收残雨，雨残稍觉江天暮。拾翠汀洲人寂静，立双双鸥鹭。展开全文望几点、渔灯隐映蒹葭浦。停画桡，两两舟人语。道去程今夜，遥指前村烟树。游宦成羁旅，短樯吟倚闲凝伫。万水千山迷远近。想乡关何处？自别后、风亭月榭孤欢聚。刚断肠、惹得离情苦。听杜宇声声，劝人不如归去。
[宋]柳永,《安公子·梦觉清宵半》,梦觉清宵半。悄然屈指听银箭。惟有床前残泪烛，啼红相伴。暗惹起、云愁雨恨情何限。从卧来、展转千馀遍。恁数重鸳被，怎向孤眠不暖。堪恨还堪叹。当初不合轻分散。及至厌厌独自个，却眼穿肠断。似恁地、深情密意如何拚。虽後约、的有于飞愿。奈片时难过，怎得如今便见。
[宋]柳永,《安公子·长川波潋滟》,长川波潋滟。楚乡淮岸迢递，一霎烟汀雨过，芳草青如染。驱驱携书剑。当此好天展开全文好景，自觉多愁多病，行役心情厌。望处旷野沈沈，暮云黯黯。行侵夜色，又是急桨投村店。认去程将近，舟子相呼，遥指渔灯一点。
[宋]柳永,《甘草子·秋暮》,秋暮。乱洒衰荷，颗颗真珠雨。雨过月华生，冷彻鸳鸯浦。展开全文池上凭阑愁无侣。奈此个情绪。却傍金笼共鹦鹉。念粉郎言语。
[宋]柳永,《甘草子·秋尽》,秋尽。叶翦红绡，砌菊遗金粉。展开全文雁字一行来，还有边庭信。飘散露华清风紧。动翠幕，晓寒犹嫩，中酒残妆整顿。聚两眉离恨。
[宋]柳永,《甘草子·秋暮》,秋暮。乱洒衰荷，颗颗真珠雨。雨过月华生，冷彻鸳鸯浦。展开全文池上凭阑愁无侣。奈此个、单栖情绪。却傍金笼共鹦鹉，念粉郎言语。
[宋]柳永,《昼夜乐》,洞房记得初相遇，便只合、长相聚。何期小会幽欢，变作离情别绪，展开全文况值阑珊春色暮。对满目、乱花狂絮。直恐好风光，尽随伊归去。一场寂寞凭谁诉。算前言，总轻负。早知恁地难拚，悔不当时留住。其奈风流端正外，更别有、系人处，一日不思量，也攒眉千度。
[宋]柳永,《昼夜乐》,洞房记得初相遇。便只合、长相聚。何期小会幽欢，变作离情别绪。况值阑珊春色暮。对满目、乱花狂絮。直恐好风光，尽随伊归去。一场寂寞凭谁诉。算前言、总轻负。早知恁地难拼，悔不当时留住。其奈风流端正外，更别有、系人心处。一日不思量，也攒眉千度。
[宋]柳永,《昼夜乐》,秀香家住桃花径。算神仙、才堪并。层波细翦明眸，腻玉圆搓素颈。爱把歌喉当筵逞。遏天边，乱云愁凝。言语似娇莺，一声声堪听。洞房饮散帘帏静。拥香衾、欢心称。金炉麝袅青烟，凤帐烛摇红影。无限狂心乘酒兴。这欢娱、渐入嘉景。犹自怨邻鸡，道秋宵不永。
[宋]柳永,《斗百花·满搦宫腰纤细》,满搦宫腰纤细，年纪方当笄岁。刚被风流沾惹，与合垂杨双髻。展开全文初学严妆，如描似削身材，怯雨羞云情意。举措多娇媚。争奈心性，未会先怜佳婿。长是夜深，不肯便入鸳被。与解罗裳，盈盈背立银釭，却道你但先睡。
[宋]柳永,《斗百花·飒飒霜飘鸳瓦》,飒飒霜飘鸳瓦，翠幕轻寒微透，长门深锁悄悄，满庭秋色将晚。展开全文眼看菊蕊，重阳泪落如珠，长是淹残粉面。鸾辂音尘远。无限幽恨，寄情空殢纨扇。应是帝王，当初怪妾辞辇，陡顿今来，宫中第一妖娆，却道昭阳飞燕。
[宋]柳永,《斗百花·煦色韶光明媚》,煦色韶光明媚，轻霭低笼芳树。池塘浅蘸烟芜，帘幕闲垂飞絮。展开全文春困厌厌，抛掷斗草工夫，冷落踏青心绪。终日扃朱户。远恨绵绵，淑景迟迟难度。年少傅粉，依前醉眠何处。深院无人，黄昏乍拆秋千，空锁满庭花雨。
[宋]柳永,《其三》,自从回步百花桥。便独处清宵。凤衾鸳枕，何事等闲抛。纵有余香，也似郎恩爱，向日夜潜消。恐伊不信芳容改，将憔悴、写霜绡。更凭锦字，字字说情憀。要识愁肠，但看丁香树。渐结尽春梢。
[宋]柳永,《其三》,古繁华茂苑，是当日、帝王州。咏人物鲜明，土风细腻，曾美诗流。寻幽。近香径展开全文处，聚莲娃钓叟簇汀洲。晴景吴波练静，万家绿水朱楼。凝旒。乃眷东南，思共理、命贤侯。继梦得文章，乐天惠爱，布政优优。鳌头。况虚位久，遇名都胜景阻淹留。赢得兰堂酝酒，画船携妓欢游。
[宋]柳永,《其三》,画舸、汤桨，随浪箭、隔岸虹。□（脱字）荷占断秋容。疑水仙游泳，向别浦相逢展开全文。鲛丝雾吐渐收，细腰无力传娇慵。罗袜凌波成旧恨，有谁更赋惊鸿。想媚魂香信，算密锁瑶宫。游人漫劳倦□（脱字），奈何不逐东风。
[宋]柳永,《其三》,满搦宫腰纤细。年纪方当笄岁。刚被风流沾惹，与合垂杨双髻。初学严妆，如描似展开全文削身材，怯雨羞云情意。举措多娇媚。争奈心性，未会先怜佳婿。长是夜深，不肯便入鸳被，与解罗裳，盈盈背立银扛，却道你先睡。
[宋]柳永,《其三》,皇都今夕知何夕。特地风光盈绮陌。金丝玉管咽春空，蜡炬兰灯烧晓色。展开全文凤楼十二神仙宅。珠履三千［宛鸟］鹭客。金吾不禁六街游，狂杀云踪并雨迹。
[宋]柳永,《其三》,清旦朝金母，斜阳醉玉龟。天风摇曳六铢衣。鹤背觉孤危。展开全文贪看海蟾狂戏。不道九关齐闭。相将何处寄良宵。还去访三茅。
[宋]柳永,《其三》,蜀锦地衣丝步障。屈曲回廊，静夜闲寻访。玉砌雕阑新月上。朱扉半掩人相望。展开全文旋暖熏炉温斗帐。玉树琼枝，迤逦相偎傍。酒力渐浓春思荡。鸳鸯绣被翻红浪。
[宋]柳永,《其三》,层波潋滟远山横。一笑一倾城。酒容红嫩，歌喉清丽，百媚坐中生。墙头马上初相见，不准拟、恁多情。昨夜怀阑，洞房深处，特地快逢迎。
[宋]柳永,《其三》,虫娘举措皆温润。每到婆娑偏恃俊。香檀敲缓玉纤迟，画鼓声催莲步紧。展开全文贪为顾盼夸风韵。往往曲终情未尽。坐中年少暗消魂，争问青鸾家远近。
[宋]柳永,《其三》,是处小街斜巷，烂游花馆，连醉瑶卮。选得芳容端丽，冠绝吴姬。绛唇轻、笑歌尽展开全文雅，莲步稳、举措皆奇。出屏帏。倚风情态，约素腰肢。当时。绮罗丛里，知名虽久，识面何迟。见了千花万柳，比并不如伊。未同欢、寸心暗许，欲话别、纤手重携。结前期。美人才子，合是相知。
[宋]柳永,《其三》,万恨千愁，将年少、衷肠牵系。残梦断、酒醒孤馆，夜长无味。可惜许枕前多少意展开全文，到如今两总无终始。独自个、赢得不成眠，成憔悴。添伤感，将何计。空只恁，厌厌地。无人处思量，几度垂泪。不会得都来些子事，甚恁底死难拚弃。待到头、终久问伊看，如何是。
[宋]柳永,《双声子·晚天萧索》,晚天萧索，断蓬踪迹，乘兴兰棹东游。三吴风景，姑苏台榭，牢落暮霭初收。夫差展开全文旧国，香径没、徒有荒丘。繁华处，悄无睹，惟闻麋鹿呦呦。想当年、空运筹决战，图王取霸无休。江山如画，云涛烟浪，翻输范蠡扁舟。验前经旧史，嗟漫载、当日风流。斜阳暮草茫茫，尽成万古遗愁。
[宋]柳永,《尾犯·夜雨滴空阶》,夜雨滴空阶，孤馆梦回，情绪萧索。一片闲愁，想丹青难貌。展开全文秋渐老、蛩声正苦，夜将阑、灯花旋落。最无端处，总把良宵，只恁孤眠却。佳人应怪我，别后寡信轻诺。记得当初，翦香云为约。甚时向、幽闺深处，按新词、流霞共酌。再同欢笑，肯把金玉珠珍博。
[宋]柳永,《尾犯·晴烟幂幂》,晴烟幂幂。渐东郊芳草，染成轻碧。野塘风暖，游鱼动触，冰澌微坼。几行断雁，旋次第、归霜碛。咏新诗，手捻江梅，故人赠我春色。似此光阴催逼。念浮生、不满百。虽照人轩冕，润屋珠金，于身何益。一种劳心力。图利禄，殆非长策。除是恁、点检笙歌，访寻罗绮消得。
[宋]柳永,《应天长·残蝉渐绝》,残蝉渐绝。傍碧砌修梧，败叶微脱。偶露凄清，正是登高时节。东篱霜乍结。绽金展开全文蕊、嫩香堪折。聚宴处，落帽风流，未饶前哲。把酒与君说。恁好景佳辰，怎忍虚设。休效牛山，空对江天凝咽。尘劳无暂歇。遇良会、剩偷欢悦。歌声阕。杯兴方浓，莫便中辍。
[宋]柳永,《尉迟杯·宠佳丽》,宠佳丽。算九衢红粉皆难比。天然嫩脸修蛾，不假施朱描翠。盈盈秋水。恣雅态、欲语先娇媚。每相逢、月夕花朝，自有怜才深意。绸缪凤枕鸳被。深深处、琼枝玉树相倚。困极欢余，芙蓉帐暖，别是恼人情味。风流事、难逢双美。况已断、香云为盟誓。且相将、共乐平生，未肯轻分连理。
[宋]柳永,《尉迟杯·宠佳丽》,宠佳丽。算九衢红粉皆难比。天然嫩脸修蛾，不假施朱描翠。盈盈秋水。恣雅态、展开全文欲语先娇媚。每相逢、月夕花朝，自有怜才深意。绸缪凤枕鸳被。深深处、琼枝玉树相倚。困极欢馀，芙蓉帐暖，别是恼人情味。风流事、难逢双美。况已断、香云为盟誓。且相将、共乐平生，未肯轻分连理。
[宋]柳永,《木兰花令》,有个人人真攀羡。问著洋洋回却面。你若无意向他人，为甚梦中频相见。不如闻早还却愿。免使牵人虚魂乱。风流肠肚不坚牢，祗恐被伊牵引断。
[宋]柳永,《木兰花令·有个人人真攀羡》,有个人人真攀羡。问著洋洋回却面。你若无意向他人，为甚梦中频相见。展开全文不如闻早还却愿。免使牵人虚魂乱。风流肠肚不坚牢，只恐被伊牵引断。
[宋]柳永,《雪梅香》,景萧索，危楼独立面晴空。动悲秋情绪，当时宋玉应同。展开全文渔市孤烟袅寒碧，水村残叶舞愁红。楚天阔，浪浸斜阳，千里溶溶。临风想佳丽，别后愁颜，镇敛眉峰。可惜当年，顿乖雨迹云踪。雅态妍姿正欢洽，落花流水忽西东。无憀恨，相思意，尽分付征鸿。
[宋]柳永,《引驾行·虹收残雨》,虹收残雨。蝉嘶败柳长堤暮。背都门、动消黯，西风片帆轻举。愁睹。泛画［益鸟展开全文］翩翩，鼍隐隐下前浦。忍回首、佳人渐远，想高城、隔烟树。几许。秦楼永昼，谢阁连宵奇遇。算赠笑千金，酬歌百［王非］，尽成轻负。南顾。念吴邦越国，风烟萧索在何处。独自个、千山万水，指天涯去。
[宋]柳永,《引驾行·红尘紫陌》,红尘紫陌，斜阳暮草长安道，是离人、断魂处，迢迢匹马西征。新晴。韶光明媚，展开全文轻烟淡薄和气暖，望花村、路隐映，摇鞭时过长亭。愁生。伤凤城仙子，别来千里重行行。又记得临歧，泪眼湿、莲脸盈盈。消凝。花朝月夕，最苦冷落银屏。想媚容、耿耿无眠，屈指已算回程。相萦。空万般思忆，争如归去睹倾城。向绣帏、深处并枕，说如此牵情。
[宋]柳永,《归朝欢·别岸扁舟三两只》,别岸扁舟三两只。葭苇萧萧风淅淅。沙汀宿雁破烟飞，溪桥残月和霜白。渐渐分曙色。路遥山远多行役。往来人，只轮双桨，尽是利名客。一望乡关烟水隔。转觉归心生羽翼。愁云恨雨两牵萦，新春残腊相催逼。岁华都瞬息。浪萍风梗诚何益。归去来，玉楼深处，有个人相忆。
[宋]柳永,《归朝欢·别岸扁舟三两只》,别岸扁舟三两只。葭苇萧萧风淅淅。沙汀宿雁破烟飞，溪桥残月和霜白。渐渐分曙展开全文色。路遥川远多行役。往来人，只轮双桨，尽是利名客。一望乡关烟水隔。转觉归心生羽翼。愁云恨雨两牵萦，新春残腊相催逼。岁华都瞬息。浪萍风梗诚何益。归去来，玉楼深处，有个人相忆。
[宋]柳永,《长寿乐·繁红嫩翠》,繁红嫩翠。艳阳景，妆点神州明媚。是处楼台，朱门院落，弦管新声腾沸。恣游人、无限驰骤，娇马车如水。竟寻芳选胜，归来向晚，起通衢近远，香尘细细。太平世。少年时，忍把韶光轻弃。况有红妆，楚腰越艳，一笑千金可啻。向尊前、舞袖飘雪，歌响行云止。愿长绳、且把飞鸟系。任好从容痛饮，谁能惜醉。
[宋]柳永,《长寿乐·尤红殢翠》,尤红殢翠。近日来、陡把狂心牵系。罗绮丛中，笙歌筵上，有个人人可意。解严妆巧笑，取次言谈成娇媚。知几度、密约秦楼尽醉。仍携手，眷恋香衾绣被。情渐美。算好把、夕雨朝云相继。便是仙禁春深，御炉香袅，临轩亲试。对天颜咫尺，定然魁甲登高第。待恁时、等著回来贺喜。好生地。剩与我儿利市。
[宋]柳永,《二郎神·炎光谢》,炎光谢。过暮雨、芳尘轻洒。乍露冷风清庭户，爽天如水，玉钩遥挂。应是星娥嗟展开全文久阻，叙旧约、飙轮欲驾。极目处、微云暗度，耿耿银河高泻。闲雅。须知此景，古今无价。运巧思、穿针楼上女，抬粉面、云鬟相亚。钿合金钗私语处，算谁在、回廊影下。愿天上人间，占得欢娱，年年今夜。
[宋]柳永,《竹马子》,登孤垒荒凉，危亭旷望，静临烟渚。对雌霓挂雨，雄风拂槛，微收烦暑。渐觉一叶惊秋，残蝉噪晚，素商时序。览景想前欢，指神京，非雾非烟深处。向此成追感，新愁易积，故人难聚。凭高尽日凝伫。赢得消魂无语。极目霁霭霏微，瞑鸦零乱，萧索江城暮。南楼画角，又送残阳去。
[宋]柳永,《忆帝京·薄衾小枕天气》,薄衾小枕天气。乍觉别离滋味。展转数寒更，起了还重睡。毕竟不成眠，一夜长如展开全文岁。也拟待、却回征辔。又争奈、已成行计。万种思量，多方开解，只恁寂寞厌厌地。系我一生心，负你千行泪。
[宋]柳永,《忆帝京·薄衾小枕天气》,薄衾小枕凉天气，乍觉别离滋味。展转数寒更，起了还重睡。毕竟不成眠，一夜长如岁。也拟待、却回征辔；又争奈、已成行计。万种思量，多方开解，只恁寂寞厌厌地。系我一生心，负你千行泪。
[宋]柳永,《望远行·绣帏睡起》,绣帏睡起。残妆浅，无绪匀红补翠。藻井凝尘，金梯铺藓。寂寞凤楼十二。风絮纷纷，烟芜苒苒，永日画阑，沈吟独倚。望远行，南陌春残悄归骑。凝睇。消遣离愁无计。但暗掷、金钗买醉。对好景、空饮香醪，争奈转添珠泪。待伊游冶归来，故故解放翠羽，轻裙重系。见纤腰，图信人憔悴。
[宋]柳永,《望远行·长空降瑞》,长空降瑞，寒风翦，淅淅瑶花初下。乱飘僧舍，密洒歌楼，迤逦渐迷鸳瓦。好是渔展开全文人，披得一蓑归去，江上晚来堪画。满长安，高却旗亭酒价。幽雅。乘兴最宜访戴，泛小棹、越溪潇洒。皓鹤夺鲜，白［闲鸟］失素，千里广铺寒野。须信幽兰歌断，彤云收尽，别有瑶台琼榭。放一轮明月，交光清夜。
[宋]柳永,《佳人醉·暮景尔萧尔霁》,暮景萧萧雨霁。云淡天高风细。展开全文正月华如水。金波银汉，潋滟无际。冷浸书帷梦断，却披衣重起。临轩砌。素光遥指。因念翠蛾，杳隔音尘何处，相望同千里。尽凝睇。厌厌无寐。渐晓雕阑独倚。
[宋]柳永,《佳人醉·暮景萧萧雨霁》,暮景萧萧雨霁。云淡天高风细。正月华如水。金波银汉，潋滟无际。冷浸书帷梦断，却披衣重起。临轩砌。素光遥指。因念翠蛾，杳隔音尘何处，相望同千里。侭凝睇。厌厌无寐。渐晓雕阑独倚。
[宋]柳永,《佳人醉·暮景萧萧雨霁》,暮景萧萧雨霁。云淡天高风细。正月华如水。金波银汉，潋滟无际。冷浸书帷梦断，却披衣重起。临轩砌。素光遥指。因念翠蛾，杳隔音尘何处，相望同千里。尽凝睇。厌厌无寐。渐晓雕阑独倚。
[宋]柳永,《佳人醉·暮景尔萧尔霁》,暮景尔萧尔霁。云淡天高风细。正月华如水。金波银汉，潋滟无际。冷浸书帷梦断展开全文，欲披衣重起。临轩砌。素光遥指。因念翠蛾，香隔音尘何处，相望同千里。尽凝睇。厌厌无寐。渐晓雕阑独倚。
[宋]柳永,《破阵乐·露花倒影》,露花倒影，烟芜蘸碧，灵沼波暖。金柳摇风树树，系彩舫龙舟遥岸。千步虹桥，参差雁齿，直趋水殿。绕金堤、曼衍鱼龙戏，簇娇春罗绮，喧天丝管。霁色荣光，望中似睹，蓬莱清浅。时见。凤辇宸游，鸾觞禊饮，临翠水、开镐宴。两两轻舠飞画楫，竞夺锦标霞烂。罄欢娱，歌鱼藻，徘徊宛转。别有盈盈游女，各委明珠，争收翠羽，相将归远。渐觉云海沈沈，洞天日晚。
[宋]柳永,《迎春乐》,近来憔悴人惊怪。为别后、相思煞。我前生、负你愁烦债。便苦恁难开解。展开全文良夜永、牵情无计奈。锦被里、馀香犹在。怎得依前灯下，恣意怜娇态。
[宋]柳永,《黄莺儿·园林晴昼春谁主》,园林晴昼春谁主。暖律潜催，幽谷暄和，黄鹂翩翩，乍迁芳树。观露湿缕金衣，叶展开全文映如簧语。晓来枝上绵蛮，似把芳心、深意低诉。无据。乍出暖烟来，又趁游蜂去。恣狂踪迹，两两相呼，终朝雾吟风舞。当上苑柳农时，别馆花深处，此际海燕偏饶，都把韶光与。
[宋]柳永,《黄莺儿·园林晴昼春谁主》,园林晴昼春谁主。暖律潜催，幽谷暄和，黄鹂翩翩，乍迁芳树。展开全文观露湿缕金衣，叶映如簧语。晓来枝上绵蛮，似把芳心深意低诉。无据。乍出暖烟来，又趁游蜂去。恣狂踪迹，两两相呼，终朝雾吟风舞。当上苑柳秾时，别馆花深处。此际海燕偏饶，都把韶光与。
[宋]柳永,《迎春乐》,近来憔悴人惊怪。为别後、相思煞。我前生、负你愁烦债。便苦恁难开解。良夜永、牵情无计奈。锦被里、馀香犹在。怎得依前灯下，恣意怜娇态。
[宋]柳永,《祭天神·忆绣衾相向轻轻语》,忆绣衾相向轻轻语。屏山掩、红蜡长明，金兽盛熏兰炷。何期到此，酒态花情顿孤展开全文负。柔肠断、还是黄昏，那更满庭风雨。听空阶和漏，碎声斗滴愁眉聚。算伊还共谁人，争知此冤苦。念千里烟波，迢迢前约，旧欢慵省，一向无心绪。
[宋]柳永,《祭天神·叹笑筵歌席轻抛亸》,叹笑筵歌席轻抛亸。背孤城、几舍烟村停画舸。更深钓叟归来，数点残灯火。被连绵宿酒醺醺，愁无那。寂寞拥、重衾卧。又闻得、行客扁舟过。篷窗近，兰棹急，好梦还惊破。念平生、单栖踪迹，多感情怀，到此厌厌，向晓披衣坐。
[宋]柳永,《祭天神·欢笑筵歌席轻抛［身单］》,欢笑筵歌席轻抛［身单］。背孤城、几舍烟村停画舸。更深钓叟归来，数点残灯火展开全文。被连绵宿酒醺醺，愁无那。寂寞拥、重衾卧。又闻得、行客扁舟过。篷窗近，兰棹急，好梦还惊破。念平生、单栖踪迹，多感情怀，到此厌厌，向晓披衣坐。
[宋]柳永,《殢人娇》,当日相逢，便有怜才深意。歌筵罢、偶同鸳被。别来光景，看看经岁。昨夜里、方展开全文把旧欢重继。晓月将沉，征骖已备。愁肠乱、又还分袂。良辰好景，恨浮名牵系。无分得、与你恣情浓睡。
[宋]柳永,《迷仙引·才过笄年》,才过笄年，初绾云鬟，便学歌舞。席上尊前，王孙随分相许。算等闲、酬一笑，便展开全文千金慵觑。常只恐、容易蕣华偷换，光阴虚度。已受君恩顾。好与花为主。万里丹霄，何妨携手同归去。永弃却、烟花伴侣。免教人见妾，朝云暮雨。
[宋]柳永,《合欢带》,身材儿、早是妖娆。算风措、实难描。一个肌肤浑似玉，更都来、占了千娇。妍歌艳舞，莺惭巧舌，柳妒纤腰。自相逢，便觉韩娥价减，飞燕声消。桃花零落，溪水潺湲，重寻仙径非遥。莫道千金酬一笑，便明珠、万斛须邀。檀郎幸有，凌云词赋，掷果风标。况当年，便好相携，凤楼深处吹箫。
[宋]柳永,《玉女摇仙佩》,飞琼伴侣，偶别珠宫，未返神仙行缀。取次梳妆，寻常言语，有得几多姝丽。拟把名花比。恐旁人笑我，谈何容易。细思算、奇葩艳卉，惟是深红浅白而已。争如这多情，占得人间，千娇百媚。须信画堂绣阁，皓月清风，忍把光阴轻弃。自古及今，佳人才子，少得当年双美。且恁相偎倚。未消得、怜我多才多艺。愿妳妳、兰心蕙性，枕前言下，表余深意。为盟誓。今生断不孤鸳被。
[宋]柳永,《合欢带》,身材儿、早是妖娆。算风措、实难描。一个肌肤浑似玉，更都来、占了千娇。妍歌展开全文艳舞，莺惭巧舌，柳妒纤腰。自相逢，便觉韩价减，飞燕声消。桃花零落，溪水潺［氵爰］，重寻仙径非遥。莫道千酬一笑，便明珠、万斛须邀。檀郎幸有，凌云词赋，掷果风标。况当年，便好相携，凤楼深处吹箫。
[宋]柳永,《迎新春·［山解］管变青律》,［山解］管变青律，帝里和新布。晴景回轻煦。庆嘉节、当三五。列华灯、千门万展开全文户。遍九陌、罗绮香风微度。十里然绛树。鳌山耸、喧天箫鼓。渐天如水，素月当午。香径里、绝缨掷果无数。更阑烛影花阴下，少年人、往往奇遇。太平时、朝野多欢民康阜。随分良聚。堪对此景，争忍独醒归去。
[宋]柳永,《迎新春·嶰管变青律》,嶰管变青律，帝里阳和新布。晴景回轻煦。庆嘉节、当三五。列华灯、千门万户。遍九陌、罗绮香风微度。十里然绛树。鳌山耸、喧天箫鼓。渐天如水，素月当午。香径里、绝缨掷果无数。更阑烛影花阴下，少年人、往往奇遇。太平时、朝野多欢民康阜。随分良聚。堪对此景，争忍独醒归去。
[宋]柳永,《浪淘沙令·有个人人》,有个人人。飞燕精神。急锵环佩上华裀。促拍尽随红袖举，风柳腰身。簌簌轻裙。妙尽尖新。曲终独立敛香尘。应是西施娇困也，眉黛双颦。
[宋]柳永,《浪淘沙令·有个人人》,有个人人。飞燕精神。急锵环佩上华［衤因］。促拍尽随红袖举，风柳腰身。展开全文簌簌轻裙。妙尽尖新。由终独立敛香尘。应是西施娇困也，眉黛双颦。
[宋]柳永,《临江仙引》,渡口、向晚，乘瘦马、陟平冈。西郊又送秋光。对暮山横翠，衫残叶飘黄。凭高念远，素景楚天，无处不凄凉。香闺别来无信息，云愁雨恨难忘。指帝城归路，但烟水茫茫。凝情望断泪眼，尽日独立斜阳。
[宋]柳永,《临江仙引》,上国。去客。停飞盖、促离筵。长安古道绵绵。见岸花啼露，对堤柳愁烟。物情人意，向此触目，无处不凄然。醉拥征骖犹伫立，盈盈泪眼相看。况绣帏人静，更山馆春寒。今宵怎向漏永，顿成两处孤眠。
[宋]柳永,《临江仙引》,画舸、荡桨，随浪箭、隔岸虹。□荷占断秋容。疑水仙游泳，向别浦相逢。鲛丝雾吐渐收，细腰无力转娇慵。罗袜凌波成旧恨，有谁更赋惊鸿。想媚魂香信，算密锁瑶宫。游人漫劳倦□，奈何不逐东风。
[宋]柳永,《婆罗门令》,昨宵里、恁和衣睡。今宵里、又恁和衣睡。小饮归来，初更过、醺醺醉。中夜後、何事还惊起。霜天冷，风细细。触疏窗、闪闪灯摇曳。空床展转重追想，云雨梦、任敧枕难继。寸心万绪，咫尺千里。好景良天，彼此空有相怜意。未有相怜计。
[宋]柳永,《婆罗门令》,昨宵里、恁和衣睡。今宵里、又恁和衣睡。小饮归来，初更过、醺醺醉。展开全文中夜后、何事还惊起。霜天冷，风细细。触疏窗、闪闪灯摇曳。空床展转重追想，云雨梦、任欹枕难继。寸心万绪，咫尺千里。好景良天，彼此空有相怜意。未有相怜计。
[宋]柳永,《金蕉叶·厌厌夜饮平阳第》,厌厌夜饮平阳第。添银烛、旋呼佳丽。展开全文巧笑难禁，艳歌无间声相继。准拟幕天席地。金蕉叶泛金波齐，未更阑、已尽狂醉。就中有个风流，暗向灯光底，恼遍两行珠翠。
[宋]柳永,《金蕉叶·厌厌夜饮平阳第》,厌厌夜饮平阳第。添银烛、旋呼佳丽。巧笑难禁，艳歌无间声相继。准拟幕天席地。金蕉叶泛金波齐，未更阑、已尽狂醉。就中有个风流，暗向灯光底。恼遍两行珠翠。
[宋]柳永,《金蕉叶·厌厌夜饮平阳第》,厌厌夜饮平阳第。添银烛、旋呼佳丽。巧笑难禁，艳歌无闲声相继。准拟幕天席地展开全文。金蕉叶泛金波齐，未更阑、已尽狂醉。就中有个风流，暗向灯光底。恼遍两行珠翠。
[宋]柳永,《一寸金·井络天开》,井络天开，剑岭云横控西夏。地胜异、锦里风流，蚕市繁华，簇簇歌台舞榭。雅俗展开全文多游赏，轻裘俊、靓妆艳冶。当春画，摸石江边，浣花溪畔景如画。梦应三刀，桥名万里，中和政多暇。仗汉节、揽辔澄清，高掩武侯勋业，文翁风化。台鼎须贤久，方镇静、又思命驾。空遗爱，两蜀三川，异日成嘉话。
[宋]柳永,《其四》,星闱上笏金章贵。重委外台疏近侍。百常天阁旧通班，九岁国储新上计。展开全文太仓日富中邦最。宣室夜思前席对。归心怡悦酒肠宽，不泛千锺应不醉。
[宋]柳永,《其四》,阆苑年华永，嬉游别是情。人间三度见河清。一番碧桃成。展开全文金母忍将轻摘。留宴鳌峰真客。红［犭龙］闲卧吠斜阳。方朔敢偷尝。
[宋]柳永,《锦堂春·坠髻慵梳》,坠髻慵梳，愁蛾懒画，心绪是事阑珊。觉新来憔悴，金缕衣宽。认得这疏狂意下，向人诮譬如闲。把芳容整顿，恁地轻孤，争忍心安。依前过了旧约，甚当初赚我，偷翦云鬟。几时得归来，香阁深关。待伊要、尤云殢雨，缠绣衾、不与同欢。侭更深、款款问伊，今后敢更无端。
[宋]柳永,《其四》,世间尤物意中人。轻细好腰身。香帏睡起，发妆酒酽，红脸杏花春。展开全文娇多爱把齐纨扇，和笑掩朱唇。心性温柔，品流详雅，不称在风尘。
[宋]柳永,《其四》,酥娘一搦腰肢袅。回雪萦尘皆尽妙。几多狎客看无厌，一辈舞童功不到。展开全文星眸顾指精神峭。罗袖迎风身段小。而今长大懒婆娑，只要千金酬一笑。
[宋]柳永,《其四》,误入平康小巷，画檐深处，珠箔微褰。罗绮丛中，偶认旧识婵娟。翠眉开、娇横远展开全文岫，绿鬓［身单］、浓染春烟。忆情牵。粉墙曾恁，窥宋三年。迁延。珊瑚筵上，亲持犀管，旋叠香笺。要索新词，［歹带］人含笑立尊前。按新声、珠喉渐稳，想旧意、波脸增妍。苦留连。凤衾鸳枕，忍负良天。
[宋]柳永,《其四》,匹马驱驱，摇征辔、溪边谷畔。望斜日西照，渐沈山半。两两栖禽归去急，对人相展开全文并声相唤。似笑我、独自向长途，离魂乱。中心事，多伤感。人是宿，前村馆。想鸳衾今夜，共他谁暖。惟有枕前相思泪，背灯弹了依前满。怎忘得、香阁共伊时，嫌更短。
[宋]柳永,《两同心·嫩脸修蛾》,嫩脸修蛾，淡匀轻扫。最爱学、宫体梳妆，偏能做、文人谈笑。绮筵前、舞燕歌云展开全文，别有轻妙。饮散玉炉烟袅。洞房悄悄。锦帐里、低语偏浓，银烛下、细看俱好。那人人，昨夜分明，许伊偕老。
[宋]柳永,《抛球乐·晓来天气浓淡》,晓来天气浓淡，微雨轻洒。近清明，风絮巷陌，烟草池塘，尽堪图画。艳杏暖、妆展开全文脸匀开，弱柳困、宫腰低亚。是处丽质盈盈，巧笑嬉嬉，手簇秋千架。戏彩球罗绶，金鸡芥羽，少年驰骋，芳郊绿野。占断五陵游，奏脆管、繁弦声和雅。向名园深处，争泥画轮，竞羁宝马。取次罗列杯盘，就芳树、绿阴红影下。舞婆娑，歌宛转，彷佛莺娇燕姹。寸珠片玉，争似此、浓欢无价。任他美酒，十千一斗，饮竭仍解金貂贳。恣幕天席地，陶陶尽醉太平，且乐唐虞景化。须信艳阳天，看未足、已觉莺花谢。对绿蚁翠蛾，怎忍轻舍。
[宋]柳永,《法曲献仙音》,追想秦楼心事，当年便约，于飞比翼。每恨临歧处，正携手、翻成云雨离拆。念倚展开全文玉偎香，前事顿轻掷。惯怜惜。饶心性，镇厌厌多病，柳腰花态娇无力。早是乍清减，别后忍教愁寂。记取盟言，少孜煎、剩好将息。遇佳景、临风对月，事须时恁相忆。
[宋]柳永,《凤衔杯》,有美瑶卿能染翰。千里寄、小诗长简。想初襞苔笺，旋挥翠管红窗畔。渐玉箸、银展开全文钩满。锦囊收，犀轴卷。常珍重、小斋吟玩。更宝若珠玑，置之怀袖时时看。似频见、千娇面。
[宋]柳永,《凤衔杯》,有美瑶卿能染翰。千里寄、小诗长简。想初襞苔笺，旋挥翠管红窗畔。渐玉箸、银钩满。锦囊收，犀轴卷。常珍重、小斋吟玩。更宝若珠玑，置之怀袖时时看。似频见、千娇面。
[宋]柳永,《凤衔杯》,追悔当初孤深愿。经年价、两成幽怨。任越水吴山，似屏如障堪游玩。奈独自、慵抬眼。赏烟花，听弦管。图欢笑、转加肠断。更时展丹青，强拈书信频频看。又争似、亲相见。
[宋]柳永,《轮台子·一枕清宵好梦》,一枕清宵好梦，可惜被、邻鸡唤觉。匆匆策马登途，满目淡烟衰草。前驱风触鸣珂展开全文，过霜林、渐觉惊栖鸟。冒征尘远况，自古凄凉长安道。行行又历孤村，楚天阔、望中未晓。念劳生，惜芳年壮岁，离多欢少。叹断梗难停，暮云渐杳。但黯黯魂消，寸肠凭谁表。恁驱驱、何时是了。又争似、却返瑶京，重买千金笑。
[宋]柳永,《轮台子·雾敛澄江》,雾敛澄江，烟消蓝光碧。彤霞衬遥天，掩映断续，半空残月。孤村望处人寂寞，闻展开全文钓叟、甚处一声羌笛。九疑山畔才雨过，斑竹作、血痕添色。感行客。翻思故国，恨因循阻隔。路久沈消息。正老松枯柏情如织。闻野猿啼，愁听得。见钓舟初山，芙蓉渡头，鸳鸯滩侧。干名利禄终无益。念岁岁间阻，迢迢紫陌。翠蛾娇艳，从别后经今，花开柳拆伤魂魄。利名牵役。又争忍、把光景抛掷。
[宋]柳永,《柳腰轻·英英妙舞腰肢软》,英英妙舞腰肢软。章台柳、昭阳燕。锦衣冠盖，绮堂筵会，是处千金争选。顾香砌展开全文、丝管初调，倚轻风、佩环微颤。乍入霓裳促遍。逞盈盈、渐催檀板。慢垂霞袖，急趋莲步，进退奇容千变。算何止、倾国倾城，暂回眸、万人断肠。
[宋]柳永,《西平乐·尽日凭高目》,尽日凭高目，脉脉春情绪。嘉景清明渐近，时节轻寒乍暖，天气才晴又雨。烟光淡展开全文荡，妆点平芜远树。黯凝伫。台榭好、莺燕语。正是和风丽日，几许繁红嫩绿，雅称嬉游去。奈阻隔、寻芳伴侣。秦楼凤吹，楚馆云约，空帐望、在何处。寂寞韶华暗度。可堪向晚，村落声声杜宇。
