title,article
"
		  【 咨询】成都简阳市印山公园建设问题",目前简阳印山公园从规划到建设无实质性进展；请问该公园还继续建设吗？什么时候开工建设？
"
		  【 求助】烦请杜鹃公园公厕搭顶棚",[求助，咨询贴]尊敬的领导你们好！本人2021年购置于鑫苑城丶璟和名邸九号地九栋商品房，当初销售只说九栋面对公园，但并未提醒公园里有公厕，所以即便如今心中对环境不满意退款退房是不可能了。目前九栋已经封顶，经实地考察，该公厕正对九栋，距离很近，尤其是楼层矮的住户入住后大概率会产生影响(毕竟没有任何人希望在阳台上就近距离正对公厕吧)。所以希望领导替广大九栋住户做主，或提解决办法，可否将该公厕门口走向改向，或者搭建顶棚，这样公厕门就不至于直接正面面对九栋住户了。领导有其他解决办法和建议烦请指点，多谢。
"
		  【 求助】武胜县HPV疫苗接种点及预约时间地点预约方式",宫颈癌逐步成为女性患癌榜榜首，越来越多年轻人开始意识到hpv疫苗的重要性，9价疫苗成为年轻女性HPV疫苗的首选。但是，9价难约成为人人得知的事情。为什么难约，首先摆在我们面前的就是，不知道哪些医院可以接种，不知道什么时间在什么地方预约疫苗。希望官方平台能够告知广大群众，可以接种HPV疫苗的医院，接种点的联系方式，可以预约的时间以及预约方式。
"
		  【 咨询】攀枝花市仁和区公安局断头路",咨询一下攀枝花市仁和区火车南站连接仁拉路的这条断头路(仁和公安分局)这个位置。据我了解，下一标段的拆迁赔付工作已经在2018年的时候基本完成，拆迁对象基本都签字领取拆迁款。但是到现在为止都未动工。这个位置是一条主干道，每天来往车辆非常多，连接处的路面已经严重损坏，导致我们出行很不方便，也影响了城市形象！请问这条路段政府是如何规划的？何时可以启动？如果暂时不动工，能否对此路面进行维护修补，以保障广大人民群众的出行便捷及安全
"
		  【 投诉】买房12年领不到产权证",我于2010年购买位于涪城区翠花街107号光明华都小区住房一套。（开发商:绵阳市光明房地产开发有限责任公司）但开发商至今未办妥我的不动产证，期间我多次与其相关人员联系均以各种理由推脱、搪塞，致使该房产至今无法正常交易，对我经济上造成了一定损失，精神造成了极大的伤害！并且开发商于2013年2月收取我房产契税费9830元，于2019年3月实际交税4480元，拒不退回多余款项给我。现恳请督促开发商办好我的不动产证，连本带息退还我多余款项，维护我的合法权益，谢谢！
"
		  【 投诉】青羊区玉沙路135号小区开门费问题",每天晚上十一点就关门  每次开门  一个人头竟然收2元钱   接个人都要算成4元钱   乱收费太严重了望解决。
"
		  【 投诉】小区楼顶违建铁皮房屋！投诉无门！",南部县水景湾小区楼顶搭建的铁皮房什么时候能处理？多次投诉为什么不处理！难道需要投诉国务院才会处理吗？今夜大风哐哐哐哐巨响！睡梦中被巨响惊醒！简直让人抓狂！到底能不能处理？到底要如何才会处理这些违章建筑！
"
		  【 投诉】关于取缔融城云熙黑旅店",青羊区顺城大街316号融城云熙小区，小区1-6楼为商业，分别为农行办公、温莎KTV、全季酒店；7-29层为居住型住房，但确有将近半数小区住宅被改为黑旅店，进行商业用途经营，小区来往人员复杂，自住业主们苦不堪言，长达数年之久，近几年来小区很多业主多次拨打12345市长热线和110报警均效果甚微。一直未有相关部门督导管理；在本次成都疫情刚出现时，就有业主在小区业主群内提示做好小区防控，杜绝黑旅店人员进出，把控好防疫关；此消息并没有引起相关黑旅店老板和工作人员的重视，依然每天住往人员络绎不绝，且单房间入住人员较多，少则1-2人，多则5-6人；当小区安保人员盘问登记时，黑旅店工作人员还给打掩护。导致4月初疫情在小区18楼黑旅店爆发，18楼临近住户被拉至酒店隔离，全楼其他居民被封闭在家中，影响了大家正常的工作和学习。同时，黑旅店前期被查处过治安事件也较多。我们目前在居家隔离期间，也向社区工作人员提出的解封后防疫保控需求：先暂停黑旅店的营业，各平台下架房间信息，清除目前黑旅店内在住人员。至少先要确保至大运会期间小区内的防疫巩固工作，避免此类群体居家隔离事件再次发生。但需还居住人员一个安全生活空间，还请相关执法部门尽快清理取缔黑旅店，才能让小区长治久安。
"
		  【 咨询】姐儿堰社区何时配建惠民菜市",高新区锦韵路育才竹岛、远大1-4期、嘉年华国际社区、齐盛艺境等周边方圆两公里范围内未配建有惠民菜市、健身篮球场、羽毛球场等群众开放性运动设施，造成周边数万群众买菜远、买菜贵、买菜难和无场地健身，肯请各级政府领导关心重视、尽快解决为谢！
"
		  【 求助】牛滩天天停水！",牛滩连续三天停水，每天晚上都没有水，这几天这么热，每天停水怎么洗澡！4月9日晚上9点左右说因潮河水厂供牛滩的自来水主管道爆管停水抢修，4月10日下午三点左右说因潮河水厂供牛滩片区的自来水供水不足又停止供水，今天11日中午12点又因潮河水厂供牛滩片区的自来水供水不足又停止供水，天天停水，还都是天气这么热的时候，请问到底什么时候才能保证供水，牛滩镇九中几千名师生天天无法洗澡，基本生活需求都保证不了，如何提高人民群众生活幸福感。
"
		  【 投诉】滴滴在泸州未获得经营许可，为何如此猖狂营运",尊敬的杨书记:目前的泸州已形成一体两翼的发展格局，但是发展的同时，别忽略了交通安全的重要性 滴滴在泸州未取得合法营运资质，为何如此猖狂的非法营运，责任主体谁来承担？市民坐车的生命财产安全谁来保证？大数据显示，滴滴在泸州每天有二、三万单的流水，意味着就有二、三万人存在安全隐患，这并非危言耸听，希望领导引起重视 给予市民一个安全的出行体验。目前的泸州市区有一千多辆巡游出租车，二千多合法的网约预约出租车，如果泸州的非法营运不作为的话，势必引起社会的不安定、不和谐。敬请杨书记体恤民情 早日给酒城泸州一片朗朗乾坤！
"
		  【 投诉】交通出行",赵市长你好：我是武胜县赛马镇一普通老百姓，反应一下赛马镇至烈面镇的公交车太难等、太难坐了，原来的私人公交车乘坐很方便又快，很方便老百姓乘坐，自从今年公交改革后坐车就非常不方便了。主要有一下几点：1、等车时间长基本上都是40——50分钟   2、随时坐车非常拥挤有时候人多了还坐不上车  3、只是一个人做车还好坐车，如果有东西就不好上车  4、如果有行李物品（背篼）司机就直接拒载或者除车费外另外加钱就可以上车 5、特别是上了年纪的老年人等车将近一个小时到头来还上不了车这叫什么事政府本来开通公交线路是方便老百姓出行，到头来还要给高价去坐摩托车随时有生命危险，成了‘阻碍’老百姓出行，自从今年公交车开通后没有一个人会觉得坐车方便，都说太不方便了，很难坐车也难等车，有人甚至直接骂政府，也有人觉得直接取消公交车，恢复原有的私运公交。还有一个问题就是 高石 至 武胜 22路公交线路全线 87 个站是不是有点太少了点，我估计放眼全四川可能要排 第 一 名   如果放到抖音上起码上万点击量，我家人坐了一次就不想坐了，宁愿高价包车都不坐这个车本人发誓以上全都是事实，可以核实调查下面附上武胜22路公交车相关线路图
"
		  【 投诉】烟雾警报器异常声响，天燃气公司和物业都不处理",烟雾警报器异常声响，报警灯没有亮，声响随着电源风光闪烁频率想，联系海科智城物业反馈，告知让我自行判断是否有燃气泄漏。拨打温江台商天燃气公司反馈，告知自行联系维修师傅协助。提供号码1无法拨通。提供号码2，告知我把电源拔掉就可以。电源拔掉确实不响了，那么烟雾报警器的这个异常声响是什么原因引起了没有说明，也没有表示需要上门查看。那如果真的是因为煤气泄漏导致的声响，我的人身安全由谁负责？那如果是烟雾报警器故障导致的声响，那我拔掉烟雾警报器之后，如果出现燃气泄漏，那我的生命财产安全又由谁保障？对于物业公司和燃气公司没有紧急处理的流程，对于业主和用户的安全置之不理，我表示强烈不满！
"
		  【 咨询】临江中央公园",请问下，位于搬罾的临江中央公园什么时候开工建设？目前的进度是什么？
"
		  【 咨询】二圈层学生公交卡",请问龙泉驿区的中小学生何时才能像其他区县一样，享受学生公交优惠卡。现在龙泉学生只能刷普通成人卡，全国大多数城市，包括很多西部欠发达地区都能支持学生卡，龙泉这样的超大城市二圈层却不能，这也算实实在在的民生问题，请领导及相关部门积极解决。
"
		  【 求助】温江客运中心不能网上购票",在网上查询能看到温江客运中心的车次表，但网上无温江客运中心的票可售
"
		  【 投诉】污水未处理，却收每吨0.85元的处理费。",我是资阳市安岳县李家镇居民，去前年政府启动了污水处理工程，进行了管道和污水处理厂的修建，但是居民的污水大部分没有进入管道，而是直接排放到河里面。从今年一月份开始，居民用水却征收每吨0.85元的污水处理费，这些乱收费行为，同时河水污染没得到改善，我请求返还的乱收的污水处理费，同时要求把污水进入管道进行处理。
"
		  【 求助】这棵大树谁来砍？电线压断安全责任谁来负？",一棵大树已严重威胁着电力安全，随时都有可能树枝压断电线，威协着来往人员的生命安全。我一个八十岁的老太婆，多次向资中供电局反映此问题，竞无人问津。谁来帮忙砍掉大树，还老百姓的生命安全？地点:资中县重龙镇文庙背后
"
		  【 求助】简阳川拖社区绛溪河大桥下面的路",简阳川拖社区，绛溪河大桥下面的路很烂。都几个月了都没有相关部门管一下，实在没办法才来这留言！希望领导们帮忙想想办法，路口实在大烂了！再这样下去小汽车都没法过了，
"
		  【 投诉】关于武侯区医疗保障事务中心办理业务天排队的问",每次去武侯区政务中心办理业务，那个办理医疗保险那里，就是医疗保障事务中心，不能提取预约，不能取号，每天都要现场排队，不明白为什么天天如此多的人排队的情况为什么不能改善，增加办事人员和窗口，是否能网上预约取号服务，非要现场排队才能办理业务吗，排队2小时，办事5分钟的情况屡屡皆是，就不能改进，去年我就去开一个少儿互助金的账户，早上8点到排队，10点进去，办理完就5分钟时间，今年还是一样的情况，早上9点排队几百米，快绕房子一圈了，领导些就天天看着长期排队的情况不作为，不想办法解决吗，利民的事不是大工程，就是这些排队办事的小事上体现出来
"
		  【 咨询】部分特殊工种提前退休不再办理",尊敬的领导:今获悉攀枝花市2022年对部分特殊工种提前退休不再办理的情况，感到特别震惊和愤怒！同在攀钢，同样的工种，2022之前都能按照特殊工种办理提前退休，好多同事都享受这一规定好多年了！为什么到今年就不行了？享受这一规定所执行的标准为什么前后不一？为了攀钢的改革和发展，也考虑到自己是特殊工种可以提前退休，很多同事都主动买断了工龄自谋出路。突然看到这样消息，的确让人无法接受！试问:执行现在的标准，还会有多少人买断工龄？现在那我们该怎么办？我们该找谁？
"
		  【 咨询】咨询四川省教师招聘考试时间及安排",尊敬的领导您好，请问一下四川公招考试已经确定了吗，对于应届毕业生来说五月集中答辩、办理离校事宜，且对于还未择业的学生而言五月下旬时间节点都很紧张，请问教师招聘考试有无计划于4月份举行呢，谢谢领导的解答！
"
		  【 咨询】荣县乐德镇柑子村5组",领导你们好，我是乐德镇柑子村5组的村民，我想替全村的村民问问，我们村的组与组的道路没有硬化，能不能帮助我们村的道路争取硬化道路
"
		  【 投诉】再问观澜云邸大门前的电线杆",尊敬的领导：2022年2月16日，网友询问观澜云邸大门前的电线杆迁移问题。2021年经过多方多次协调，嘉裕开发商向崇州供电部门提交迁移电线杆申请并得到批复，于7月21日向施工企业支付了电线杆迁移费用，崇州市供电部门已答复2021年底前完成电线杆迁移。可是，2021年过去了，观澜云邸小区大门前的电线杆至今还在那里站着。
"
		  【 建言】关于石牛公园前门修一条人行便桥的建议",希望在石牛公园前门修一条人行便桥，方便百伦广场及西大街区域往返石牛公园的市民通行问题，不然的话总是要绕道沱江桥或包家巷那座桥前往，如果新建此人行便桥，会缩短一大截绕道的距离，方便市民前去公园和体育场游玩，在此建议，希望郫筒街道办或区政府能采纳，为民造福。
"
		  【 咨询】请问哪里可以开超龄儿童小学一年级未就读证明？",领导你好:我与小孩户籍都在安居区分水镇  今年小孩准备下半年在成都入读小学一年级 因为超龄 需要出示小孩户籍地县级教育部门开具的未就读证明  请问领导这证明能拿地方开到？
"
		  【 投诉】世豪金街到底什么时候拆，请政府给个明确的答复",我朋友是一个开门市做生意的，生意一直很火爆，自从世豪金街有夜市卖夜宵之后，门市的生意越来越难做。我朋友就想问一下政府，到底是维护摆摊的小贩还是要保障门市的利益，毕竟门市是给了大笔资金投入的，所以想问问政府，能不能给一个保障，在世豪摆摊可以，不能卖吃的，行不行？还有一个重要的事情，世豪金街刚开始摆摊设点明确规定，不能使用明火，现在全部都在使用煤气罐，安全问题有没有考虑到，就目前世豪金街摆摊的所有用煤气罐的大概差不多50个，如果万一出问题了，谁来担这个责任？是政府部门，还是社区，还是物业呢？就这个问题，请尽快解决一下，谢谢
"
		  【 投诉】三河场地铁A口电瓶车收费",三河场地铁A口停放电瓶车，之前莫名的来一波收费的，收两天被投诉拆掉了，现在又来了，还把地铁站的一大片都围起来，目前没看到公示牌，没有收费标准，只是女人维持秩序让规范停车。停车收费有相关合法手续吗？政府的收费标准是多少？
"
		  【 咨询】两人离婚后拆迁补偿是不是有？",你好领导，我想问一下两人离婚后拆迁补偿有没有权利享有？户口在拆迁地。
"
		  【 咨询】泸县牛滩镇寿尊村天然气改道",因寿尊村天然气长期停气  听说要改道连接光明那边的天然气管道 是真的吗
"
		  【 求助】绵竹市孝德镇清华社区5组内涝、建议",市委领导：我是绵竹孝德镇清华社区5组村民，特向你们反映我所居往地点的内涝问题长达5年，给我们5组村民造成严重的财产损失和严重的安全隐患，情况如下：1、近几年市飞速发展，城市规划日新月异，新建了盛世华章、南轩雅居、仟坤天玺、城南一号等及相关安置小区，城市规划未将地下排水管线按最大排水设计，一到每年7一9月暴雨时地下管网全部大量冒水造成清道转盘处50cm深的水全部冲入第三人民医院对面村落，造成水淹；2、城市管网前3年设计至龙桥马尾河，结果未修通，无法排水；3、南光大道修建几次把路基越抬越高，造成村里民房地势越低至水涝；4、南光大道两边很多年就纳入城市规划，又不准修建，而迟迟不见规划落地，至成三不管地点，找到社区罗时俊书记，书记也只有每年帮助搞一些沙袋等临时措施处理，但没有实效，问题反映后一直没有处理；5、前几年第三人民医院修于对面良田中，未认真落实上游水沟排水并做沟太窄，无法将上游水排走，导致水淹内涝；以上5点，请领导及时给老百姓排优解难，为民做主，实地踏勘，了解实情，把老百姓安全、财产给予高度重视；建议：1、及时把至龙桥的排水管网修通；2、将南光大道右侧（周坛子）雨水管网直接排入凉水井明沟（大概50一80米），花钱少，速度快；3、根据城南新区规划，请把106仓库至凉水井一并规划进去，解决杨家河及5组黑恶臭水体及居住环境；谢谢领导！
"
		  【 投诉】关于安州区界牌镇自来水的问题",相关领导好：安州区界牌镇祥和小区，最近几年除了冬天水体供应水压正常之外，其余都是水压低的连热水都没有，早上回家洗澡没热水，还不如我们乡里水源充足，已经向相关政府反映多次未果，请协调解决一下水源问题，再则水源质量也是差得很，很多泥沙和杂物，水龙头经常堵塞，希望帮忙解决一下吧，谢谢
"
		  【 求助】孝德镇清华社区5组内涝",市委领导：我是孝德德清华社区5组村民，特向你们反映我所居往地点的内涝问题长达5年，给我们5组村民造成严重的财产损失和严重的安全隐患，情况如下：1、近几年市飞速发展，城市规划日新月异，新建了盛世华章、南轩雅居、仟坤天玺、城南一号等及相关安置小区，城市规划未将地下排水管线按最大排水设计，一到每年7一9月暴雨时地下管网全部大量冒水造成清道转盘处50cm深的水全部冲入第三人民医院对面村落，造成水淹；2、城市管网前3年设计至龙桥马尾河，结果未修通，无法排水；3、南光大道修建几次把路基越抬越高，造成村里民房地势越低至水涝；4、南光大道两边很多年就纳入城市规划，又不准修建，而迟迟不见规划落地，至成三不管地点，找到社区罗时俊书记，书记也只有每年帮助搞一些沙袋等临时措施处理，但没有实效；5、前几年第三人民医院修于对面良田中，未认真落实上游水沟排水并做沟太窄，无法将上游水排走，导致水淹内涝；以上5点，请领导及时给老百姓排优解难，为民做主，实地踏勘，了解实情，把老百姓安全、财产给予高度重视，谢谢领导
"
		  【 求助】医保电子凭证归参保地变更",请问医保电子凭证的参保地怎么变更，之前是绵阳的，现在在东部新区购买的社保，必须去大厅才能修改吗？
"
		  【 投诉】江山原筑8栋三单元顶楼封闭消防通道",8栋三单元顶楼私自加装不锈钢栏杆把所有消防通道全部封闭   到时候如果发生火灾，让我们楼下的住戶怎么办？这个是关系我们生命的事情，想请领导尽快处理。顶楼本来就属于全体业主
"
		  【 投诉】取消乐山世豪金街夜市",乐山世豪金街，起于2020年中旬，当时的情况是因为疫情，政府为了平衡市场，就把世豪金街用于临时摆摊设点，当时说过只有1年时间，现在都2022年了，夜市依然存在，给我们住户带来了极大的影响，每天的油烟，噪音，卫生，真的是越来越差，严重影响了睡眠质量，业主找物业投诉也没用，现恳请政府部门尽快处理这个问题，把夜市取消，还小区一个安静舒适的环境。
"
		  【 建言】西外莲湖一小旁边路口的压线抓拍不合理",西外莲湖一小旁边路口有个压线抓拍。然而接送孩子的车辆经常侵占右转车道，导致过往车辆压线转弯。此处安装压线抓拍抓的不是违停的家长，而是无辜被挤压车道的社会车辆，并不合理。
"
		  【 咨询】农村户口购房补贴",尊敬的领导您好！ 我是2015年在乐山市中区领地国际公馆买的房子，因为我是农村户口，就有那个政府购房补贴，中途因为种种原因，2021年4月份才拿到房产证，然后就去了政府服务中心办理了购房补贴发放申请，工作人员说要等到2022年3月份才可以领到，但是今天我去政府服务中心咨询，工作人员答复我是现在才发放到2020年6月份递交的申请，按照这个说法的话，我的这个补贴不知道要到猴年马月才能发放下来，所以请领导关注一下！谢谢
"
		  【 咨询】《读懂孩子，轻松做父母》线上公益课卖课是合规",学校组织家长务必观看的，在4月28日晚上6：50向微信链接播放的《读懂孩子，轻松做父母》为主题的线上家庭教育公益课程。宣传内容是：“帮助家长解决以下问题：培养孩子学习主动性，家长如何帮助孩子合理安排时间制定计划， 解决青春期孩子叛逆，学习迷茫，迷恋网络等问题，明确学习方向，让孩子懂得孝道，懂得感恩，如何建立良好亲子关系，进行有效沟通，让孩子养成良好的学习习惯，做成功父母，助孩子成才，”结果“专家”在网上直播间里竟向家长和学生推销收费课程，虽然课程是自愿购买的，但以推送家庭教育直播课为幌子，进行直播带课，售卖教育资源是否不妥？
"
		  【 投诉】开发商开据的购房发票与备案面积不符，不能缴税",去年九月交房，开发商一直拖延不开据购房发票，今年三月份经过政府协调，开发商极不情愿的开了发票，但我们拿发票去缴纳购房契税时，税务局说发票面积与备案面积不符，导致我们缴不了税，需要开发商出具补充协议，但开发商跑了我们一直联系不上开发商，导致至今不能缴纳购房契税，请相关部门帮我们联系开发商解决发票问题，谢谢！
"
		  【 求助】老板拖欠员工工资",大家好，我是一名中餐厨师在一家中餐厅干厨师三年多了，之前只签订了一年合同，老板因欠债太多，也是老赖，一直拖欠员工工资，开始说每月十号发工资，结果十五号，然后二十号，后又月底。。月底又搞两个月，发工资也是一千两千的发，对于员工工资多次开会讨论迟迟兑不了现，去年十二月二十我以短信行事向厨师长提出辞职，辞职也是提前一个月提出的，说年过了我就不会去上班，正月初二我就没有去上班了，那时忙他就在外面请了一个临时厨师三百一天，后来找他结元月份的工资，他说要把我的工资给临时厨师十四天的工钱，各位朋友有好的建议给我支支招，谢谢！
"
		  【 建言】江油市乐天假日酒店旁垃圾桶的垃圾应该清理",尊敬的领导您好，就是江油市乐天假日酒店旁，垃圾桶的垃圾都没有清理，落的满地都是，希望能及时清理一下，谢谢
"
		  【 求助】办理身份证快四个月了，去查询还没到证件下放中",我于2022.1.12号在岳池办理了身份证，但到现在2022.5.08还未收到身份证，大约快四个月了。并且去查询，上面显示身份证发送 还未到身份证下放中这一步。（法律上明确写的有，身份证制作不会超过三个月的，但现在本人的身份证制作显然已经超过了法定规定日期）我身份证于2022.6.20几号就要过期，并且我现在在外地，身份证到后我还需让母亲从老家将身份证寄到我现在读书的地方，所以我现在非常着急
"
		  【 求助】企业宣布关闭，工资和社保没有支付",年4月12日，位于金牛区迎宾大道299号的迎宾春天酒店宣布解散了，要求员工去签离职申请，但是宾馆的保泊部5人没有签任何合同，也没有买任何的保险，没有人通知不要上班了，现在已经失业没有失业保险可以领，酒店也没有任何补偿，连3月和4月这12天的工资也没有任何说法，请政府给打工人帮讨个说法
"
		  【 求助】化粪池补贴没收到该怎么办",我是夹江县联盟村2组村民，自费修建化粪池，村领导说修好后有补贴，但快两年了还没领到，该哪个部门员责管理此事，望解感。
"
		  【 投诉】合谊万景台物业垄断收费",楼盘物业 消防水管设计不合理业主拿到房子必须要改管道，物业现在拒绝其他公司进场施工（拒绝的理由为：其他消防公章不能作为资质审核的依据，要盖私章物业才接受。物业提供的单位就可以不提供私章），只有和物业合作的单位可以高价施工。
"
		  【 投诉】成都市妇女儿童医院网上预约挂号无法网上退费",2022年4月23日早上，约当日的号，付费后，因为不在孩子身边，由老人带不到6个月的孩子，小朋友有点咳嗽，老人没有说清楚，本着不为防疫添堵的原则，着选择就近就医，看预约界面可以选择取消，就取消预约，然而退个挂号费还要去医院找医生，现在什么时代了，不去就不退，强制消费吗？钱不多，但是这样做法令人恶心。
"
		  【 建言】科创园奥林春天的商业广场改成了停车场",尊敬的领导您好，就是科创园：奥林春天3期.1栋商业广场，前期规划的是业主休闲娱乐场所，后面物业公司（成都忠信物业）私自改为停车场。严重侵害我们业主的利益。有关部门安装了阻车桩，物业又组织人员全部撤除，拿回小区放着，希望能派相关部门看看，谢谢
"
		  【 投诉】电桩倾斜威胁路人生命安全",希望修下中和街道仁和社区门口的电桩谢谢！电线裸露，电桩倾斜，下雨天影响路人生命安全，漏电或者砸下来真的很可怕！希望处理下，谢谢！
"
		  【 投诉】南充市晶晶幼儿园建设长期噪音扰民",南充市晶晶幼儿园，位于顺庆区白土坝路新豪天地与汇金国际中间位置，现建设中，长期噪音扰民，每天不论是午休时间还是深夜均噪音施工，年前更是通宵施工，严重影响周边居民生活，请相关领导彻查管制，谢谢！
"
		  【 投诉】关于石桥铺镇政府等对超限车辆不执法的投诉信",超限车辆日日夜夜不定时通过凌家桥多年，但是石桥铺镇政府和大竹县交通运输局等有关单位对这种违法现象一直视而不见，不监督不执法。纵容排污大户（四川富圣纸业有限公司）的超限运输车辆大摇大摆地经过凌家桥（自有车辆或者有业务往来的超限运输车辆）。桥梁限重5吨，货车载重多则二三十吨。桥梁建成几十年，存在严重的安全隐患。有关部门有法不依，是摆设吗？公路、、公路隧道或者汽车渡船的、限高、限宽、限长公路、或者公路隧道内，不得使用汽车渡船。超过公路或者公路桥梁限载标准确需行驶的，必须经县级以上地方人民政府交通主管部门批准，并按要求采取有效的防护措施；运载不可解体的超限物品的，应当按照指定的时间、路线、时速行驶，并悬挂明显标志。有下列违法行为之一的，由交通主管部门责令停止违法行为，：（一）违反本法第四十四条第一款规定，擅自占用、挖掘公路的；（二）违反本法第四十五条规定，未经同意或者未按照公路工程技术标准的要求修建桥梁、渡槽或者架设、埋设管线、电缆等设施的；（三）违反本法第四十七条规定，从事危及公路安全的作业的；（四）违反本法第四十八条规定，铁轮车、履带车和其他可能损害路面的机具擅自在公路上行驶的；（五）违反本法第五十条规定，车辆超限使用汽车渡船或者；（六）违反本法第五十二条、第五十六条规定，损坏、移动、涂改公路附属设施或者损坏、挪动建筑控制区的标桩、界桩，可能危及公路安全的。违反本条例的规定，在公路上行驶的车辆，车货总体的外廓尺寸、轴荷或者总质量超过公路、公路桥梁、公路隧道、汽车渡船限定标准的，由公路管理机构责令改正，对1年内违法超限运输超过3次的货运车辆，由道路运输管理机构吊销其车辆营运证；对1年内违法超限运输超过3次的货运车辆驾驶人，由道路运输管理机构责令其停止从事营业性运输；道路运输企业1年内违法超限运输的货运车辆超过本单位货运车辆总数10%的，由道路运输管理机构责令道路运输企业停业整顿；情节严重的，吊销其道路运输经营许可证，并向社会公告。
"
		  【 投诉】峨眉山市人民医院下面茶楼噪音扰民",峨眉山市人民医院楼下茶楼，半夜12点了还有人打麻将，严重噪音扰民
"
		  【 投诉】课后服务费",请问四川巴中教育局，2022年的小学生课后服务费是多少钱，为什么是每天7元钱以上的收取，而且老师表明说
"
		  【 咨询】农村养牛有补贴吗？",领导您好，我从去年回家务农，种了一些庄家，但是收入完全不够，所以我就借了几万元自己养了10头黄牛，到目前自己养起确实困难了，就是想问问像这样养牛有没有政府支持？补贴这些呢？
"
		  【 咨询】娃儿读书",小朋友在成都读幼儿园，如果要回老家读一年级是不是还需要再老家在读一年幼儿园
"
		  【 求助】小升初广汉户籍外地学籍的问题",请问领导:我家孩子今年小升初，广汉城区户籍外省学籍，想回广汉上初中，是否可以参加广汉6月份的小升初考试，享受和其他孩子一样的选择广中的权利？如果不能参加考试，那是不是按户籍所在地划分的初中就近入学？急切需要您的回复，万分感谢
"
		  【 投诉】四川省人民医院不能退挂号",我在2022.3.24日11:19分预约了3.25号的号，因家里临时有事，无法准时就医，想要退挂号，居然退不了，提示24小时以内不能退号，简直就是霸王条款
"
		  【 投诉】双流金湾美湖二期A区便民菜市烧烤摊扰民",领导您好！我是金湾美湖二期A区的一名住户，也是一名孕妇和人民教师！我所住小区的楼下有个临时搭建的菜市场，每天晚上菜市场关门后，里面还会有烧烤营业！这家烧烤给我带来了非常大的困扰！首先，他们是一家没有任何资质的烧烤，一个篷布搭起的临时烧烤摊。所以他们肯定违反了《中华人民共和国大气污染防治法》、《中华人民共和国食品安全法》、《城市市容和环境卫生管理条例》、《无照经营查处取缔办法》等有关法律法规；其次他们每晚的噪音严重影响了我的生活和工作，每晚烧烤摊发出的“划拳声音”、“寻衅滋事的吵架声”以及客户嬉戏吵闹的声音，非常非常严重的影响了我的休息，经常夜晚一点被吵醒！！我每天早上六点半就要起床去学校上班，他们的噪音已经非常严重影响了我！恳请领导们能够尽快勒令他们停止营业！一名孕妇在此感谢领导！谢谢您！
"
		  【 求助】电梯房产问题",梓潼鑫池城市中心的房子，房产证拿不到就不说啦，最主要是电梯经常的坏，往楼下坠，每次都是简单修一下，难道真的要等到出大事故才会有人管吗，家里的老人孩子已经被锁电梯好几次，万一那天电梯下坠，那个老人有病，来不及，就后悔莫及，电梯里面的积水都有半人高，物业开发商互相推诿，希望领导引起重视
"
		  【 投诉】通江县唱歌镇（原芝苞乡）八村的入户路何时硬化",通江县唱歌镇（原芝苞乡）地理位置相对较为偏远，离县城比较远，导致领导视线看不到，几乎没有享受过多少优惠政策，当地老百姓都是靠自己苦苦挣扎。唯一的一条通往万源市玉带乡的过境公路，也仅仅只有3米多一点，会车都很艰难，而人家玉带乡的路面却是硬化的4.5米宽。很多年了，纯朴善良的当地老百姓也总是默默的承受着一切，乡镇政府也鲜有作为，5年的脱贫攻坚，除了几户贫困户修了个小房子，其他几乎没有啥政策施恩与当地老百姓。大家望眼欲穿乡村振兴，希望能给家乡带来一些真真正正的变化，真正共享到国家经济社会发展的成果，期盼解决饮水问题、院户路硬化问题、危房改造问题、农村厕所改革问题、主干道扩建加宽问题。还请相关部门领导从大局出发，从所有老百姓福祉角度出发，不要忘记了这个一度被忽略了的属于通江辖区的偏远的地方！
"
		  【 咨询】建议面向纳税超20年的成适度调整成都购房政策",市长您好，目前的成都购房政策对于本地成都人，准确来说是成都居住和生活20年乃至30年以上的人是非常不公平的。这些人的确在成都有1套房或者二套房，但是绝大多数人的房子，房龄都超过20年，不仅老旧，而且由于房屋建设过早，面积也很小。比如说我们家，在牛王庙的年丰巷的7楼，房子修建于1996年。家里的两位老人都接近70岁，让他们每天爬楼真的是很痛苦。但另外一套也是很久了，没有电题，房龄15年。而我们家的几位亲戚，平均房龄都有25年，都存在这样的问题。按照目前成都政策，这样的家庭是没有资格购买新房的。而在二手房市场，这种老破小也无人要。强烈建议成都市购房政策进行适当调整，调整的对象，就是类似于这样的成都本地居民。他们虽然有些不是本地人，但一辈子纳税在成都，一辈子奉献在成都。而在新购房资格上，甚至还不如一些落户一两年的投资客。请市长及相关领导酌情考虑。
"
		  【 咨询】产假期间怎么交社保",领导好！我在幼儿园上班已经五六年了，去年下学期9月份我开始休产假，今年这学期我本来要去上班的，校长说娃娃小让我再休一学期。今年下学期再去上班。他说你放心保险买起走位置留到。但是上个月3月份管财务的老师说我的产假满了，不给我交保险了。我又给校长打电话，他说他给财务说。今天4月19号，财务给我打电话说从这个月起不给我交保险了。下学期我如果去了再给我交。我想问一下领导，产假满了之后学校不让回去上班这段时间保险是不是全该自己出钱买？如果社保和医保停了半年还能补吗？
"
		  【 求助】德阳市艾贝尔幼儿园欠缴离职老师保险",我是原艾贝尔幼儿园老师，2021年6月离职至今一直在和艾贝尔幼儿园领导协商欠缴社保一事（2019年7月至2021年6月欠缴的社保），交涉数次无果。2022年6月离职将满一年，社保局也明确告知从5月中旬后更新系统需缴纳社保滞纳金，让我催促原单位及时补交社保。且现任职学校无法为我买社保可能会导致现任职学校受到相关部门询查，本月如果社保再不补交，我的社保也会断保，现在真的是没有办法了，希望政府相关部门能有效的帮助处理，感激不尽！！！
"
		  【 求助】广汉新欧鹏哈佛公馆不能办理水电卡",广汉市新欧鹏文教城哈佛公馆已经交房很久了，但是至今不能正常办理水电卡及房产证。请问城建有没有监督督导建设方办理相关手续，此项问题是否会引起后续业主的更多风险？
"
		  【 投诉】云龙机场有人冒充工作人员引诱办卡",2021年6月23日下午三点，我的母亲第一次并且独自在泸州云龙机场乘坐飞机，因为不会取票，身穿机场工作人员制服的航空联盟销售冒充工作人员假意热心帮忙取票，然后使用虚假宣传的信息蒙蔽办理民航联盟会员卡。要求是预存1998，到账4000，可以用来购买机票。1、购买机票价格会比携程等软件优惠，会在软件优惠的基础长享受折扣，但是事实是比软件购买机票还要贵。2、购买机票可以直接抵扣机票价格，优惠最高达300，假如购买500的机票只要付款200。但是实际只有10-50的优惠额度。明显存在欺骗消费者行为，这种行为绝对不能容忍。3.最开始联系客服经理，经理让我联系公司，公司又让我联系总部专门的员工，像踢皮球一样，最后在没有任何理由的情况下告之我此卡不能退，只能处理使用的问题，比霸王条约还霸王。目前会员卡没有使用过，我要求退卡退款。
"
		  【 咨询】河溪拆迁情况",尊敬的市领导：我是阆中市河溪街道回龙观村4组村民。多次听说我们家要拆迁，我想翻修老家的房子，又担心要拆迁了，浪费了钱。请问政府在这方面有没有明确的拆迁规划？谢谢
"
		  【 建言】公积金贷款额度提升",请问能否考虑提升下公积金贷款上限。目前单人可以贷款40万，两人上限是70万，这个公积金的贷款额度相较于现在高新区的房价已经不是很匹配了，希望能提高下公积金的贷款额度，为广大刚需以及置换的百姓带来实惠。
"
		  【 建言】巴登对面这条街的树枝应该修剪一下",尊敬的领导您好，就是巴登对面这条街就跟到像荒废了很久一样，希望派相关部门可以来给这些树修建一下
"
		  【 求助】个人医疗账户有余额，但是刷卡都显示为0",我之前社保归属地在四川巴中，后在成都工作后公司给买了成都的社保，因此社保归属地也已经转到了成都。但现在因个人原因，暂时没有工作，社保也暂时断缴了。目前个人医疗账户里的余额（400多元）同时也无法使用了，去医院和药店都刷社保卡显示余额为零，这是为什么呢？同时医保电子凭证里也没有参保地成都了，只能在余额查询里看到成都账户的余额。打了几天的医保局电话也没有人接听，特来此寻求帮助！
"
		  【 咨询】成都房屋互易的方法","领导您好！本人家庭当前居住地成都市青羊区，青羊区小学入学要求小孩户口所在房产证为父母,但是，目前我们家小孩户口挂在四老所在学区内房产下，该房产也为我们的实际居住地，同时我们夫妻二人名下也有其他房产。为了小孩能在当前家庭居住区域上小学，想通过与四老名下的该学位房产进行房屋互易，或又称房屋互换。想咨询一下，在成都限购的情况下，且夫妻或四老名下均有多套房产的情况下，能进行房屋互易吗？在成都进行房屋互易有什么条件，需要交什么税，互易之后后续进行交易有什么影响? 谢谢！"
"
		  【 咨询】农村房屋倒塌国家或政府是否有相关赔付政策",我想咨询下四川省达州市通川区关于农村房屋倒塌的：1、国家过政府有没有相关的补偿政策？2、日后在建房的话是否有补偿政策？
"
		  【 咨询】广元公交30路",我于2022年5月6日在国投大厦楼下等候30路公交车，于19.20分出国投大厦下楼到公交站台等车，一直到20.50分才等到一辆。我想问下公交公司，k11和k30不是30分钟双向对发的吗，为什么我一直等了1小时30分才等到？今天上午家人等车也是等了50分钟没有11路公交车就回家了，难道广元至元坝的公交这么稀缺？望相关部门给予答复，谢谢。
"
		  【 咨询】关于成都婚礼办理事宜的相关政策咨询",请问成都目前疫情已经控制好了，5月、6月是否能够举办婚宴呢，如果要举办，应该如何报备呢？谢谢！
"
		  【 投诉】隆昌市西怡苑小区违规住改商的问题",隆昌市西怡苑小区，又一个突出问题的及时反应。西怡苑小区很多临街餐馆把餐馆后面的小区车库打通，改建成了餐馆的一部分，作为了餐馆的厨房和雅间，非常的扰民，营业到晚上很晚，隆昌已经大力搞过拆除住改商的一些营业场所了，为什么西怡苑小区还一直保持这种严重的问题。这些餐馆和营业场所的做法非常影响小区的安全，他们的客人和员工可以自由的进出小区。还有就是在疫情防控的今天，也留下了隐患。。希望政府高度重视，及时做出处理，但是请一定不要再让古湖街道来处理问题，因为西怡苑小区的所有问题目前在古湖街道都不能得到公平公正的处理，切记深挖深查背后的问题。
"
		  【 投诉】成都燃气公司抄表错误导致误欠费七百多",为了更好的阅读体验，请您留言时多分段落，谢谢配合
"
		  【 投诉】举报罗江汉江新材料有限责任公司违法加班",举报四川汉江新材料有限公司，违法加班，工作时间5+2白加黑上班模式，强迫员工不准休息，随叫随到，属于严重违反劳动法，侵占劳动者休息、休假权益，逼迫员工签定不平等条约、霸王条款。公司内部规章制度违反劳动法，侵占劳动者身体健康权，逼迫几十名员工签自愿无偿加班，没有一名员工属于自愿加班，几个月都不让员工休息！剥夺劳动者身体健康权，严重违反劳动法，挑战劳动法底线。违法组织者叶总为了规避法律风险，规避相关部门检查，在上下班时间打卡上作文章，逃避监察。热烈欢迎罗江区劳动保障监察执法大队，休息日或者下班时间段来金山镇孵化园9栋4楼现场办公执法，抓现行、抓典范。希望罗江区劳动监察执法人员秉公执法，调查处理汉江新材料有限责任公司违法加班，严惩违法企业。
"
		  【 求助】金牛区非法运营三轮车乱象",金牛区为何在三轮车问题上还是没有一点点措施？金牛区金科中路地铁口B口的三轮车越来越多了，不说其他的，三轮车闯红灯，横穿马路逆行成常态，为何不进行管理？现在的三轮车越来越多了，有时候还威胁到行人安全。电动车都要求上牌，要管理，而这种非运营性质的三轮为何得不到管理？之前犀浦地铁口的三轮车很多众所周知吧，犀浦之前进行过一次全面整治现在犀浦的街头几乎没有三轮车了。无需电话回复，直接网页回复即可
"
		  【 投诉】投诉隆昌市隆城一号小区2栋2单元楼顶违建",4月10日，隆昌市隆城一号小区2栋2单元17-1的业主，无视其他业主和物业反对，违法封闭楼顶的逃生通道。当天拨打市政热线投诉，城管也过来看了，但一直到今天（4月21日），楼顶业主一直没有停止违建，政府也没有给出任何说法，请问我们还能向那里投诉？我们还能怎么维护自己的权益不受侵害，坐等他们把违建修好吗？请郑莉书记为我们2栋业主做主。
"
		  【 投诉】农网改造用电难",仪陇张公双庙村一组这个季节一个抽水泵都带不起？夏天风扇带不转，春节灯泡都带不亮。好几年了一直都这样，你们一天农网改造，你改的什么？为何别的地方都没有问题，就单单我们这里
"
		  【 建言】南充临江新区直管区和官网",尊敬的领导，南充临江新区作为省级新区，是否会设直管区？以部分托管的方式推动新区发展。是否会建设官网？加大对临江新区的宣传力度
"
		  【 投诉】玺龙湾16栋架空层玻璃爆裂，存在极大安全隐患",我于4月24日，反应玺龙湾16栋架空层玻璃爆裂，存在极大安全隐患的问题。区住建局已于4月26日进行回复，并责成玺龙湾物业公司进行整改。但，我于5月9日发现，该问题并未解决，且玻璃爆裂面积更大！存在极大安全隐患！物业公司对住户反应不管不顾，是对群众的无视！对区住建局整改要求不理不睬，是对政府的藐视！对民众生命安全保障不闻不问，是对生命的轻视！烦请住建局，加大督促力度，加快整改进度，消除安全隐患，避免人员伤亡！如果因物业公司无视群众、藐视政府、轻视生命，拒不整改或整改不到位，造成架空层下休闲区老人或游乐区儿童的任何伤害，本人将直接联系中央电视台并报省级安全主管部门。
"
		  【 咨询】农村自来水入户",日兴镇高板村，最近组织村民自来水如户，每户收费4380元，我想问下，这收费合理不？
"
		  【 求助】小区外墙存在空鼓、大面积脱落情况",尊敬的领导您好，我是新都区泰兴镇成都一镇小区的一名业主，我们这个小区才交房几年的时间，现在的外墙存在大面积空鼓及脱落情况，这个问题还在质保期的时候就有业主和业委会的人反映过，但是物业那边拖着一直不处理，直到拖到保修期满，现在让我们动用维修基金维修，很多业主都不同意，而且我们质疑外墙存在质量问题，但是没有确切的证据，现在是夏季，近段时间风大雨大，外墙存在很大的安全隐患，楼下又是道路，每天都有行人路过，也没有人牵头给我们处理，这个事情一直拖着，希望领导能够帮我们想想办法解决这个问题，谢谢。
"
		  【 投诉】橡树湾香港伟才国际幼儿园伙食质量",橡树湾香港伟才国际幼儿园伙食费从以前的400元涨价到500元每月，但伙食质量日益下降，不知道教育局对私立幼儿园伙食有无监管和检查?成都市教育局文件要求幼儿园的要公布带量食谱，但幼儿园并未按要求公布，仅有菜谱无量。幼儿园午餐和晚餐仅一荤一素，且荤菜含量不明确。
"
		  【 建言】石板滩街道木兰片区道路上不合理大量安装减速梗",原木兰镇区域内道路大量安装减速梗非常不合理，有人行道红绿灯路口安，没路口的路也安，工地门口也安几条。关键是木兰这边道路几乎四处都是减速梗，没有见过其他地方有那么热衷减速梗的，对城市形象道路安全也照成了影响，希望拆除。道路交通法律健全，礼让行人，次道让主道等等都有明确规定，无需多余的减速梗。
"
		  【 求助】租房备案不了，提示错误",我在天府市民云上的住在成都，租房网签备案上进行租户备案，录入户主相关信息后，出现错误提示“该房租此时间段内剩余可租赁面积(0）小于当地规定的最小租赁面积(5.0），错误码:34e1fnqc”。由于备案是为了办理居住证和后续孩子上学，请尽快处理，谢谢！
"
		  【 咨询】三台县新德镇更换电表是否收费190",三台县新德镇现在统一更换电表，现向广大群众征收一户190，不知道情况是否属实，
"
		  【 咨询】咨询农村老家宅基地事宜",您好:我想咨询一个老家宅基地的问题。基本情况:我的母亲是资中县陈家镇石庙村村民，1993年农转非将户籍迁往父亲工作所在地，老家的老房子偶尔探亲时会前往照料，由于祖辈离世，近年返回老家次数越来越少，前段时间得知房子破损严重，部分墙体有坍塌风险。拟咨询问题:1.宅基地证明在历次搬家中早已经遗失，如何补办相关手续。2.是否可以选择有偿退出宅基地机制，具体应该怎么操办3.如果选择重建房屋，需要办理哪些手续，是否必须在原址重建盼复为谢
"
		  【 投诉】达州市通川区佰分佰音乐餐吧长期拖欠工资",达州市通川区佰分佰音乐餐吧长期拖欠工资，态度恶劣，已经进行多次协商，拒不支付工资！而且未与劳动者签订劳动合同。根据劳动法，应该以货币形式支付劳动者报酬。而该公司，不支付工资，反而让员工以在本酒吧消费来抵用工资。希望上级部门能严肃处理，望回复!
"
		  【 求助】同一学区户口平迁后，小孩落户时间怎么算",同一学区房两套房，为了方便卖掉一套房，把最先迁入的第一套房的户口迁到了第二套房，请问小孩落户时间怎么计算呢？求解答
"
		  【 咨询】康定汽车站康定到成都车费与车型不一致的问题",
"
		  【 投诉】广元城投公司违法占用路边公共资源盈利",广元城投公司违法占用路边公共资源收取道路占用费！我们在加油的时候就已经缴纳了养路费，为什么路边停车还收取道路占用费？二元第一个小时以后每隔一小时加一块，一个月停车费就是五百左右，广元最低工资才两千多点，我打12345他们说是政府承认的，地方也政府没有权利占用公共资源吧？而且他们能把资源交给城投公司收费？政府不站在人民的角度！现在搞成智慧停车，你不交费，贴条老头就堵车！他们收到的这个钱我希望公示出来用在了哪里？希望你们给老百姓做主，为什么它们要这么欺负我们？
"
		  【 投诉】孕妇离职次月被恶意克扣绩效工资",四川嘉医医疗器械有限公司电商客服主管叶静恶意克扣员工工资，联系当事人不回复处理，打1233处理一直得不到回复。孕妇离职次月发工资没有核实和通知，收到工资发现全部扣掉绩效工资，金钱不多，但是普通老百姓员工维权如何处理？孕7个月离职的孕妇去哪里得到公平，公司的制度和劳务合同都没有规定离职不发绩效工资
"
		  【 投诉】领导你们好，我们旌江干道三水段青白江大桥边上",领导你们好，我们旌江干道三水段青白江大桥边上最近划上多厚的减速带，晚上噪音太扰民了，学生晚上也休息不好，我们家里离主干道不超过30米，车来车往，每过一辆车都砰砰特别响，希望能把线取消了，希望领导关心一下，特此感谢
"
		  【 投诉】私自搭棚养鸽",通锦路3号铁路局宿舍25栋3单元10号住户，在楼顶搭棚养鸽子，污染周围环境，请环境监察部门清查。
"
		  【 投诉】深夜摩托车扰民",尊敬的各位领导，最近御风一路锦府小区，外面公路（与体育学校交界的十字路口，救助站对面），最近每天（3月11-3月13 号晚上，3月13号尤其过分）深夜有飙摩托车（声音很大那种），3月13号晚上来了，凌晨三点多又继续，请问有办法可以解决吗？去年已经有一波人深夜在那里骑摩托玩漂移，因为车少路宽，但是时不时这样来一下确实撑不住了，有没有办法装个监控啥的，或者改善一下，谢谢谢谢。感恩
"
		  【 咨询】阆中河溪到洪山镇的路什么时候能重新修一下。",河溪至洪山方向的公路若干年前曾铺设了柏油路面，但因年代久远和重车压，导致道路凸凹不平，车辆难行，已经是阆中市最差的乡镇公路，渴望相关部门组织修缮一下。
"
		  【 建言】交通问题",领导你好，我看到成都很多新城建设非常成功的例子，为啥我们早上在羊江路口等待28分钟都没公交302呢？为什么收费标准不一样？ 请问领导是不希望我们这些人来这边居住？还是不想为我们出行做考虑呢？ 希望领导能给个好的建议吧，不要再敷衍了事一样，
"
		  【 咨询】四川e就业显示无就业状态",本人于2012年7月份入职，但是在四川e就业上显示无就业状态，查询不到单位失业保险编号。
"
		  【 咨询】南广场到城里金三角道路要维修改造不",绵竹南广场到金三角路段是绵竹南和德阳方向通老城区最便捷的道路，但这条道路狭窄，到处坑坑洼洼，且也没路灯。这条路和城里相接的玉妃路，南广场转盘的其它连接路显得格格不入。请问南广场到金三角道路有维修改造计划不？
"
		  【 投诉】居民楼楼梯口长期堆放建材生活垃圾",武胜县沿口镇向阳街9号1栋2单元楼梯口，有居民长期扔打包好的生活垃圾，建材垃圾，烂木头烂谷草，卫生部门监管不严，居民生活环境没有保障
"
		  【 求助】银丰园老旧破小区改造",
"
		  【 投诉】球马路的问题",球马路烂了十几年为何都还不修复   每次下雨到处都是稀泥巴     天晴路上的的灰尘又多得不得了   经常都看到平台有人问   也有回复  但是就从来没看到有所行动   不知是什么情况    路还要烂多久
"
		  【 投诉】自贡市贡井区贡山一号小区电梯问题及外墙砖脱落",贡山一号小区41栋二单元电梯长期出问题，平均每周出两次问题，这种现象已经至少五六年了，业主一直在向物业反映，但这么多年始终没有得到彻底解决，严重影响到了业主们的正常生活。最近外墙砖出现脱落现象，向物业反应，物业的回复在走流程，就没然后了。
"
		  【 咨询】广元曾经的双层观光公交车",广元曾经开行的双层观光公交车现在为什么看不到了？介绍一下相关情况，希望在保障安全前提下有条件路段恢复开行双层旅游观光巴士！
"
		  【 投诉】请关闭地铁2号线语音广告",地铁2号线语音广告太烦了，在地铁封闭空间不停播放语音广告，强迫市民收听，地铁方就可以赚广告费用，这个太没有职业道德了。请关闭地铁2号线的语音广告，还市民安静舒适的乘车环境。
"
		  【 求助】叉车培训及取证必须要初中学历吗？","我是攀枝花的一个自由职业者，在米易华森职业学校报名参加叉车培训时，他们说必须耍初中以上学历证明。可我是1985年在甘肃初中毕业的。1987年因老爸公伤来攀枝花接班工作，2OO2年单位破产，现毕业证也找不到了。他们说让我找原来毕业的学校开个证明。可我们老家的人现在因扶贫移民去了新疆，学校也不存在了。

象我这种情况就没戏了呗？"
"
		  【 投诉】花样年智荟城崇阳大道绿道绿化带私自种菜",位于崇阳大道两边的绿道本是为了方便大家的出行、休闲和美化公路沿线的环境，但是在花样年-智荟城附近的绿化带被人私自破坏并强行用来种菜，这不仅严重破坏了大道的生态环境，而且也给出行的人们带来了极大的影响，这种破坏公共资源的行为如果得不到及时的制止，那么还会有其他的人去效仿，这样就有更多的绿地被破坏，先前也有市民向有关部门反应过，但并没有得到及时的整治，希望领导给予重视一下，严惩这种恶劣的破坏行为，保护美好的生态环境，保护我们的崇州绿道。谢谢！
"
		  【 求助】成洛大道早高峰一直拥堵，失去快速路的意义",尊敬的领导：成洛大道现在虽然路已经修好但是早高峰依然很拥堵，失去了快速路的意义，每天早上上班通勤时间太长，平时十多分钟可以到地铁口，早高峰硬生生要坐40-50分钟公交车，是成洛大道路口的设计合理还是什么原因，希望领导能重视并解决，让沿线的市民出行能相对顺畅。
"
		  【 投诉】微信知苗易约黄牛太多",早上8:05开始，抢九价疫苗，但是8.04就有人刷出来了，但是8.05:06我进去的时候就没有了，280份我不信人为那么快 这不是黄牛操作，就是他们没放完，请这个小程序修一下或者设置拦截一下黄牛的软件
"
		  【 投诉】四大原因建议取消新邛路公交车道",市长你好，本人多次在新邛公路行驶，此公路为新津到邛崃的公路。据本人观察，此路多为私家车驾驶，公交车非常少。路的每个方向有三条道路，但是却架设了一条公交路线，公交路线禁行日期却到了晚上十一点！本人感觉特别不人性！因为据本人经验来看，这条道路上的公交车非常非常少，有时候从邛崃开往新津时不见一辆公交车，而私家车、大车、货车很多。有些大车不能在公交车道行驶还要挤占另外车道。综上，本人认为，建议取消此路段架设公交车道，一是并没有缓解此路段交通，二是并没有方便居民出行，因为公交车本来就非常少。三是并没有实践架设公交车道（鼓励公交出行）的意义，此路段人民并不会因为有公交车道会选择乘坐公交车出行。四是公交车道应该在城市内架设出行，方便城市区内的居民公共出行。并不知道新津到邛崃的这种城市之间架设公交车道意义何在？本人也去过国内很多地方，并没有发现其他地方城市之前有架设公交车道的情况。请当地交管部门同意本人建议取消公交车道。感谢！
"
		  【 求助】华医通华西医院的专家号在开始约号时间前就满了",5月11日（周三）早上6点就早起，准备在华医通APP上抢华西医院朱精强医生5月17日（下周二）的专家号，结果都显示约满了？！都没到约号开始的时间，怎么就约满了啊？10日看的时候还显示倒计时约号时间。麻烦相关部门核实下，谢谢！
"
		  【 咨询】江安到纳溪大渡口开通公交",您好！相关领导！听闻江安公交公司有准备开通江安—龙君庙（强壮）—大渡的公交车，请问具体何时能够开通，开通后的价格大概是多少钱？谢谢
"
		  【 建言】疫情期间可否实行异地解除车辆抵押",由于成都疫情管控，进出都很不便利，又正好遇到车辆需要解除抵押，不知道可否实行线上处理呢？确实是进出都不便利！
"
		  【 咨询】岳池至重庆动车",您好，请问岳池至重庆的动车为什么又取消了，还会再次开通吗？
"
		  【 咨询】货运车辆交通咨询",各位领导，我是巴中市巴州区枣林镇居民，由于我家接近枣林路段马路边上，近几年明显感觉从巴中经过枣林向元潭乡方向货运车辆（满载超15吨）较多，几乎一半以上甚至70%的货运车辆都经过枣林街道路段，而不行驶旁边的高速公路，给枣林路段马路边上的居民带来困扰：1、货运车辆行驶车次噪音太过频繁，2、甚至还有部分司机行驶有居民居住的路段时还鸣笛。以上两种现象已严重影响了马路边上居民的身心健康，因为频繁的货车行驶轰隆声和部分货运司机鸣笛的高分贝噪音让马路边上居民的身心时刻处于警惕状态，让我自身终日感到烦躁不安，已影响到我的身心健康，长期以往会愈发严重。我此次咨询，是想问问巴中市巴州区交通部门，对于此类现象有何措施能够改善给马路边上居民带来的居民困扰？(困扰主要是：1、大量货运车辆行驶车次太过频繁，有高速不走，偏要走居民居住路段。2、部分货运司机行驶居民居住路段时鸣笛）
"
		  【 投诉】强烈要求拆除违章建筑",旌阳区南泉路160号附一号水之缘小区。举报小区业主违章建筑，占用绿地、通道，破坏主体承重墙的违法行为，该违法建筑严重影响了业主的房屋质量安全与合法权益，破坏市容市貌和城市发展建设规划管理体制，在没有获得审批手续建设用地规划许可证和建筑工程规划许可证的情况下私自搭建门面房开店，该地在商品房销售时作为配套设施归全体业主所有，而不是某个业主就可以随便妀成私人产权霸占公共区域的，巳严重伤害了全体业主的使用合法权益。从投诉到现在过去快5个月了违法建筑依然没有得到查处，对我们的伤害仍然继续存在，获得了相关部门同情并办理了营业执照等相关证件，肯请沒收实物和违法收入。该建筑存在严重火灾安全隐患使楼上住户生命财产受到严重威胁，侵占我们的采光通风和日照权，噪音扰民油烟污染使我们生活 人的精神受到严重伤害，要求拆除违章建筑恢复原样，还小区业主的合法权益。
"
		  【 投诉】郫都区红光小学道路破烂不堪，放学拥挤",郫都区蓝光映玥小区背后面，通往郫都区红光小学的那条断头路，多年破败不堪，尤其在学生上学放学高峰期的时候，特别拥挤，有很多的安全隐患，之前一直听说这条路要重修，这么多年，却迟迟不见动工，请问什么时候才能改善现状，俗话说的好，要致富先修路，何况是学校门口的道路呢！望有关部门体恤民情，赶快把这条路维修一下吧。
"
		  【 建言】成绵扩容完工之后，成青快速路改造",请问成绵扩容高架完工之后，成青路会改造为无红绿灯的快速路同时开行往返五城区的快速公交吗？目前，龙泉、温江、新都均已开行直达五城区的K字头快速公交，非常便利广大群众。从三环龙潭立交到青白江城区仅20多公里，里程不及二环高架一圈，希望未来成青路能改造为真正的快速路同时建设BRT专用车道，开行快速公交，弥补青白江没有地铁通勤五城区的遗憾。
"
		  【 投诉】楼下汽修、仓库长期噪音扰民，无人管理",武侯大道双楠段337号，该地属于晋阳街道管辖范围，也就是地铁武侯大道站J2出口旁边的特加特汽修及一楼的卖汽配的商家长期噪音扰民，晚上至凌晨都会有平板拖车（柴油发动机、平板上升下降过程中一直会发出“滴滴滴”的报警提示声）发出巨大噪音，货车装卸汽车零件和叉车发出的巨大噪音等等，这样我们居住在旁边的居民怎么睡觉，原来这里经常还有城管队员值守，现在长期无人管理，放任自流，有关部门责任是否落实到位？还有就是特加特汽车酒店和汽修厂外面都已经打围了，预计好久拆迁？特加特汽修和特加特酒店以及卖汽车零配件的这一排后面会不会拆，现在一片完全就是战后的乌克兰，这里面存在的违建和各类消防安全隐患到底有没有人管？一共三个问题，请处理。
"
		  【 求助】无法使用成都武侯区医疗电子凭证",原来在达州缴纳过社保，后续在成都缴纳了社保，8月开始。可以查到成都医保缴费信息，但是医保电子凭证没有成都参保地，无法使用电子医保卡
"
		  【 投诉】泸州云龙机场购买的vip卡怎么退",我在泸州云龙机场坐飞机值机时在柜台办理的民航联盟的vip卡如何办理退款
"
		  【 投诉】保利云洲，关于担架电梯宽度太小",1、云洲KT-1电梯井建筑完成面尺寸2100*2500，电梯内部空间尺寸1100*2100，宽度缩小近一半，严重减配，给人狭窄窘迫之感并造成密闭空间浪费、公摊面积增加，强烈要求更换建筑结构尺寸相配套尺寸的梯箱：1500*2100。2、现在这个电梯，要是低楼层的人先进入电梯，那他们出电梯的时候岂不是全电梯的人要出去让行，我想问一下设计是怎么考虑的？这不相当于只配一个电梯吗？3、开发商说这个符合设计要求，那这个电梯冬天估计就只能乘坐3到4个成年人，这仅仅是设计符合一些数据要求，考虑过实际使用吗？30及32层住户要求配备两台电梯，只是数字是两台就可以了吗？
"
		  【 求助】小吃车上路",领导好 本人由于疾病原因导致无法就业 现准备买个小吃三轮车摆摊以供生计 请问电动三轮车餐车如何才能合法上路 如何摆摊才不违法 望领导切实考虑我们这种因病不能参加工作的老百姓难处 予以正确引导及联系 谢谢
"
		  【 求助】小区挖魚池该谁管",乐山麓城13栋一楼业主在绿化带上私挖鱼池，物业不管，城管来了也没处理，存在安全隐患，侵害所有业主利益，请求恢复完状。
"
		  【 建言】优化三大乐高速增加射洪支线",尊敬的领导，你好！目前规划的三大乐高速公路，临近射洪市，三大乐高速公路是该区域很重要的一条区域高速公路，射洪北部区域的高速公路网布局很落后（现有和规划线路少，出口少），去邻县很不方便（只能绕到他们的互通出口才能上高速），成巴高速公路在射洪几公里（射洪境内没设互通出口），绵遂高速公路在射洪北部区域只有一个金华互通出口，北部很多镇不能快捷的就近上高速公路，绕行很远，市域北部腹地没有一条东西向的高速公路，严重影响经济发展和快捷出行，希望三大乐高速公路优化线路增加支线深入射洪北部腹地，改善该区域严重滞后的交通，市域北部乡镇去三台县大英县不在（继续沿着南北向单一公路）绕行，建议三大乐高速公路增加射洪（金华或广兴市区）支线，非常感谢。
"
		  【 投诉】关于黄沙镇扶贫村田兴村村公路部分路面没有硬化",尊敬的区政府，合相关部门领导：我是黄沙镇田兴村6社村民，田兴村是省重点的扶贫村，相关的村村通公路目前已经修通几年了，但是到目前为止还有很多集中农户路面还没有硬化！并且已修通的路面质量严重堪忧，高低落差太大，路面宽度，厚度是否达标？所修村公路工程是否公开公示相关使用国家下拨经费和相关验收结果？我们田兴6对社集中七户（中咀院子）基础路面已达到硬化标准，并且多次反映给社长，村委！到目前为止没有一个具体落实回复！导致七户居民雨天出行严重不便！还敬请区委相关部门给予重视和关切！感谢
"
		  【 投诉】北川公交车到站点不停直接开走",公交车到站点不停，直接开走。公交车牌：川B38869时间8.45左右间
"
		  【 投诉】楼下鲜肉点早上5点过开始宰肉，严重扰民！！",尊敬的书记，您好！我是德阳市旌阳区天山北路万兴花园小区的住户，一楼是商铺，其中有一家鲜肉店，早上5点过就开始断断续续的宰肉，已形成扰民，严重影响住户正常休息，请书记为民做主，督促肉店整改，加装隔音装置，更换宰肉时段，谢谢书记了
"
		  【 投诉】马边县民建镇建新村三组同组公路破烂不堪",尊敬的县领导您们好，我是建新村三组村民。三组通村公路随着雨季的侵蚀和多年的重车碾压，部分路面已经破乱不堪，2021年已经反馈过同样的问题，但是官方回复要整理。但是都过了好几个月了，一点都没动静，现在雨季要来临了，如果雨水侵蚀公路完全有垮塌风险。而且有些高堡坎的地方出现了长度约6米，路面下沉大概10-25公分左右。裂缝宽度大约10cm左右。并且还在往下沉的趋势还在放大。严重威胁路人和过往车辆的安全。随时都有可能大面积塌方和堡坎垮塌的风险。给村民的安全出行带来了非常大的安全隐患。据我所知，目前该公路因资金补贴不到位，导致这些隐患路面已经2-3年没人维护过。所以恳请领导对该村通组公路带有安全隐患路面的维护进程给予重视和监督，确保村民安全出行。。另外该路段弯道多而且陡又急，很多骑摩托车和开车的人，在弯道不按喇叭，导致小事故不断，建议在弯道上面安装一面镜子，这样会减少事故发生。希望以上问题，县领导给予重视和回复，在此表示感谢。
"
		  【 投诉】银都物业管理混乱",游仙区渔人码头小区开发商把原本业主的广场公共区域，用来做停车场，露天经营，个别业主乱搭乱建，影响房屋安全性，物业不作为不制止，广告费，停车费，摊位出租费等公共区域收益，物业从不公布账目，我们想问一下，这些收益到底有没有业主的部分，有些业主是不是想在墙上搭钢架修面积都可以，真没人管理吗？
"
		  【 投诉】空气污染",领导，您好！蓬溪县任隆镇老食品站旁边一家酿酒的小作坊，经常在凌晨4点到5点钟的时候，排出大量不明气体，浓烈的煤烟味，将周围居民呛醒，造成咳嗽，呼吸困难，胸闷胸痛，无法入睡，这种情况已很多年了，反映了很多次了，相关部门相关人员不作为，不知道该谁来管，难道老百姓的生命健康不重要吗？
"
		  【 咨询】成绵复线青白江段是否收费",青白江作为国家级经济技术开发区，又是成都的主城区，交通极为不便利，说青白江这儿好那儿好的买了住房，现在走成绵高速天天堵车还收费，请问新建成的成绵复线是互通站点有哪些地方和青白江至成都段是否收费？
"
		  【 投诉】温江佳兆业珑玺一楼花园安装监控",温江佳兆业一楼业主安装监控，侵犯楼上业主隐私权，请领导查处。
"
		  【 求助】预售房备案",我于2021年8月29日全款购买江口水镇未来城二期（3分期）－14号楼住房一套，与开发商签定了购房合同，售房部承诺三个月后没有拿到备案登记，可以帮我催促，现距签定合同已接近半年，仍然没有备案的信息反馈，购房合同上的预售登记〔2021〕第40号，向相关职能部门，该房是否可以备案，何时才能拿到备案登记表！
"
		  【 咨询】交通，咨询",我是长兴镇东岩村七组的一个村民，想请问下我们组连接仙临镇联盟村有一段泥路的硬化指标什么时候能下来，每到雨季村民出行都不方便。全是泥泞，相信政府修路初衷都是为了方便大家，而不是为大家出行添加阻碍的。
"
		  【 建言】成都市双流区有关S93路公交车的建议",建议能不能给s93路公交车添加一个追踪功能呢。能让出行人员看到该路公交车走到哪里了。能更好的安排自己的行程，尤其是早上上班的时候。可以避免工作人员迟到。
"
		  【 建言】一个站点，两个站台",资阳雁江区沱三桥北公交站同一站名存在两个相距不到100米的两个站点，一个为公交公司认可，一个为广告公司修建，给群众乘车带来不便。
"
		  【 投诉】开发商将地下室所有未售车位安装地锁 是否侵权",双流区西航港街道尚港领地小区，近日开发商为了销售车位，将地下室所有未售车位全部安装地锁，导致本小区业主及外来亲友车辆无法停车，变相强制逼迫销售车位，是否侵犯业主权利?小区也不能月租车位，车位卖不出去的最大原因也是因为价格过高，地下室未做地坪漆，灰尘巨大，业主认为车位价不符实
"
		  【 咨询】公路防护栏",各级交通部门组管好，请问一下原营山县清源乡白井村一组与二组乡村公路已修通硬化快一年了，至今现在再边危险地区防护栏一直没有，难道要等出了事故才安装吗？请上级领导知晓，我代表广大原白井村一社二社社员表示感谢。
"
		  【 求助】关于泸州煤矿井下特殊工种在成都办理退休事宜",2月28日，我带着泸州市新民煤矿的井下特殊工种证明和档案，去成都锦江区办理退休，锦江区致函到泸州，等泸州相关部门调查，到今天已经25天了，成都锦江区因为没有收到泸州方面回函，我的退休也在遥遥无期的等待，求助泸州市长，老百姓就这样无奈等待到何时才有结果？泸州市新民煤矿的所有资料不都在档案馆吗？国企破产我们老百姓被甩了一次，退休还遇上麻烦。求助市长，是泸州市哪个部门在办理这个事？有没有相关人员在办理？我期待回复，谢谢！
"
		  【 咨询】2022四川选调或省考是否延期举行",尊敬的领导：您好！我是一名在四川省以外求学的应届毕业生，已经报名此次3月26日的选调生考试，但是我求学省份现在疫情防控形势严峻，已经处于中高风险城市。目前已有多个省市发布延期通告，请问四川此次考试是否延期呢？备考不易，心中焦急万分，特此咨询。
"
		  【 求助】买房后不停收到各种装修骚扰电话",本人平时非常注重个人隐私信息的保护，但于2019年4月18日在南充市阳光中心城售房部签订房屋买卖协议，从此以后，几乎每天都会接到很多不同装修公司的电话，此情况已经持续将近三年，使本人的工作和生活收到了极大的困扰，骚扰拦截电话也只有举报一个拦截一个，但是举报后还会有其他的装修公司不同的业务员进行电话营销。因本人非常注重个人隐私的保护，现本人怀疑只有阳光中心城售房部人员违规泄露客户个人信息，但苦于无证据。希望有关部门能够帮我在不换号码的情况下，屏蔽各种装修骚扰电话？
"
		  【 咨询】2022年五一节成都可以办结婚酒席吗",领导好！因为婚期将近，查找了网上的文件，也没有看见有关办酒席房间的疫情防控规定。所以在此咨询一下，五一节期间是否对办酒席有明确规定，办酒席是否需要到相关部门报备，省内至成都是否需要隔离，家里有学生的家长是不是不能到省内其他城市？望答复！
"
		  【 建言】公共交通44路",敬爱的市长，您好！公交44路发车间隔差不多是20多分钟到半小时，早高峰车型不定，很多时候是只有10个座位的那种小巴。44路沿途有华西医院温江院区、四川省人民医院温江院区、八一康复中心、以及三医创新基地等，所以乘坐该车的大部分是就医、疗养还有上班族。建议公交公司早高峰期间协调大车跑线路，不然就医的人员大部分要站一路，最长的要站近1小时。请领导帮助群众解决问题，希望重视！
"
		  【 建言】街道环境脏乱差",香江华府周边环境包括周边所有小区，河边全是脏乱差，到处都是垃圾，地面，草丛里都是狗屎、呕吐物、烟头，生活环境越来越差，感觉没有环卫管理和清理，车辆乱停乱放。请求治理
"
		  【 求助】成都微创医院太黑心了",目前本人21岁，4月7号一早去成都微创医院检查费88元，做个包皮水肿手术花了1280元，然后接下来护士给我说下半身感染病毒很严重还给我治疗，给我开的是磁场消融治疗和微米光治疗总共950也给我开了输液一百多！每天每次都是一千多！从7号到15号治疗这么久故意给我过度治疗，最后给我开了两次治疗然后护士给我说只有最后一次开的是高频治疗只要四千多。（被我拒绝了）本人发现察觉不对，同时告知身边的人，才知道自己遇见骗术，本人前前后后总共花了一万一千，这是私营医院，根本不是公立医院，现在强烈投诉，这是对我严重的对我人格侮辱！希望领导能够给予处理！谢谢
"
		  【 投诉】怡润溪镇物业费",怡润溪镇物业管理费标准每月每平方米多少，与网上公示收费标准完全不一致
"
		  【 求助】商业区偷电太凶了，希望有关部门协助整改！",眉山市东坡区迎春北路2-16号金太阳广场。因多次投诉物业水费 电费不合理。最后物业公司放权，协议不在为我们商家收取电费和水费。最后我们商家集体协商重新整理水和电。我们重新牵水管中发现，其他大量商家都出现一家商铺接几个水管的现象（只有一根水管安装水表，其他水管不安装水表）。可是在重新牵电线时，总有人以各种理由不配合整改线路。让我们这些普通商户去为他们的违法偷电行为买单。起初我们想安装一户一表，但是和社区网格员去电力局了解我们金太阳广场是转变高压变压器。电力局不接收我们的变压器 导致我们不能安装一户一表。金太阳广场商业区总共有20多家商铺，但是已经有10来家商铺的电表已经牵出去不从我们变压器接线（但无法确认牵出的商家是否已经不使用变压器的电了）。在和物业沟通中得知金太阳广场商业区每月有1万度左右的电量不知去向，所以消失的电费全由我们剩下的商铺按每度分摊。最后我们商家只能协商重新牵表，把以前的线路全部废掉不用。但是在协商的过程中，总有各别商家以各种理由使起重新牵线无法进行。社区网格员也只能帮助协商，无权干涉她们！真心希望政府部门不要在这个问题上踢了球，这个电费贵的问题投诉或求助快半年了。
"
		  【 投诉】中型垃圾中转站邻近学习，整条街臭气熏天。",达州市渠县尚城一品旁，东城垃圾中转站距离崇德学习不足40米，切周边居民楼较多，整条街恶臭熏天，苍蝇满天飞，数辆垃圾运输车长期停放在道路旁，方圆一百米都能闻到臭味，导致没有人愿意从这条街路过，已影响到学生和居民身体健康。按照垃圾中转站选址建设要求，不应在学校、餐饮店等群众日常生活聚集场所建设。希望能得到妥善解决。
"
		  【 咨询】德阳绕城高速",领导你好！请问德阳绕城高速招商引资工作是否已经完成，此绕城高速业主单位是谁？什么时候可以开工建设？
"
		  【 求助】中国电信号码过户问题",1，关于过户问题 18080800655号码于2016年2月开户，因本人在外地，所以委托表弟胡瑜用他的身份证办理，从2016年至今，该号码均是由本人使用，且所有话费由本人支付。所有此号码关联的银行卡，支付宝，微信等均为本人信息。 2021年9月，本人前往资阳电信咨询宽带业务，被告知本号码可以在资阳办理，需进行跨域融合业务，并未告知过户需再次迁至成都才能过户，之后电询10000电信客服，被告知迁入资阳后，以后过户等业务均可在资阳办理。 2022年1月，当再次咨询本号码过户事宜时，却被告知需将号码迁回成都，且因为本号码为靓号需预存1200元（一次到帐分120月使用），本人对此非常不理解： 1.纠正号码真实使用者信息会如此麻烦。 2.此号码过户需预存1200元且按120个月使用，保底消费100元／月。 这是不是霸王条款呢？ 本人诉求如下： 1.要求中国电信无条件纠正实际使用人信息 2.严厉打击以靓号的名义采取的捆绑式充值消费模式，可采用合同形式与用户协商。
"
		  【 投诉】速8酒店遇事推诿不诚信",2022年03月27日入住“成都文殊速8酒店”，在携程平台订购一个房间，入住10分钟后(18:30分左右)发现环境十分吵闹，后与酒店工作人员沟通后协商要求调换安静符合休息条件的房间。达成增加20元清洁费➕20元房型费共40元。后入住酒店605号房间，晚上11:30分左右，房间传出轰隆轰隆响声，空调电机位于窗户口，声音达到58分贝以上。根据《中华人民共和国城市区域噪声标准》 明确规定了城市五类区域的环境噪声最高限值：根据《中华人民共和国城市区域噪声标准》 明确规定了城市五类区域的环境噪声最高限值：1、疗养区、高级别墅区、高级宾馆区，昼间50分贝、夜间40分贝。2、以居住、文教机关 为主的区域，昼间55分贝、夜间45分贝。与工作人员工作人员实地勘察后他们自己也觉得噪音大，不过未提出整改解决方案，要求更换房间并可支付清洁费或者其他费用后，工作人员推诿扯皮，以无房间为由拒绝，可我在网络平台查看时发现酒店存在未订购房间，实在无法解决后于夜间12:00分离开酒店与其他地点入住后电话咨询商家工作人员仍然推脱不解决，请相关部门核实情况并提出解决方案。
"
		  【 投诉】疫情影响驾驶证学习过期",dododosky 2021-08-18 22:26 已回复19年3月通过了驾考科目一，2020年受疫情影响未能继续学习和预约驾考，2021年前几个月因疫情反复也未能完成学习和考试。网上查到四川地区有驾考学习期限延长半年的政策，那么我的有效期应该可以延期到22年9月左右。但是在交管12123上查询，我的有效期并未显示延期，并且于22年3月截止，想咨询是否可以申请延长学习期限？
"
		  【 求助】办居住证太难了，被中介公司坑，房东又不愿意帮",领导，你好！在办居住证的这条路上实在是太难了，租的是中介哪里租的，办居住证需要房东出视房产证原件之类的，还需要网签备案，房东又不愿帮忙，今年年后找了个租房的中介公司，说可以帮忙办理居住证，结果后来被坑了2000块，事后报警因为签了合同也没用，只当民事纠纷处理了。感觉现在半个居住证真的太难了！
"
		  【 咨询】请问，男士陪产假包括法定节假日吗？",
"
		  【 咨询】关于红光镇宋家林6组有规划开通天然气的计划吗",我们老屋在郫都区红光镇宋家林6组，离我们几百米远的郫筒镇都开通天然气了，为什么我们这边没开？请问近期有开通的计划吗？用罐子燃气灶家里有老人不安全。
"
		  【 咨询】二胎补贴",我是高龄孕妇，怀上二胎几个月了。想问一下二胎有哪些方面的优惠补贴政策？如孕检，生产，幼儿教育方面有什支持，谢谢！
"
		  【 建言】建议将教育园区南实后面的山林改造为教育公园",尊敬的领导您好，我是绵阳市教育园区的一名普通市民。随着绵阳经济的发展，绵阳城市面积越来越大，人口飞速增加，曾经的城郊地区逐步成为了繁荣的城市中心。教育园区也沾上了城市发展的春风，园区内学校已超九所，大型住宅小区8个，人口近10万，远期规划居住人口12万，学生8万，将会成为名副其实的城市新中心之一。未来有东西第二干道穿园而过，且位于科技城新区的中间，串联科技城新区所属永兴、安州与青义、石马片区。绵阳教育作为一张对外的优秀名片，将教育园区作为新区科技、教育的代表之一，将园区作为新区建设的排头兵，重要节点建设，必然会为新区建设增添更强劲的动力！教育园区人口密集，地理位置优越，园区内至今没有建设公园，园区市民也没有休闲娱乐的好去处。为此，特向领导建言，将南实、绵外实后面的山林改造成以教育为主题的公园！绵阳教育作为一张名片，响亮于全川甚至全国，吸引无数莘莘学子前来园区求学，每当周末节假日，无数外地家长皆会汇聚于此。可以说教育园区现在已经是展示绵阳风采的一个重要窗口，再苦不能苦孩子，再穷不能穷教育；而南实、绵外实后面的山林杂草丛生，蛇鼠蚊虫无数，周边居民开垦山林荒地，粪水乱灌，周边臭味熏天。由于外地家长多是直接到达教育园区看望孩子，之后便可能快速返回老家，这样的环境，不仅不能展示绵阳的城市风采，反而让外地前来绵阳的学子、家长们觉得绵阳环境差，不文明、也不宜居，原本可能计划落户绵阳，投资绵阳的学子、家长们，极有可能因此放弃心中的想法！改造这座山林是真的迫在眉睫！为此，特向领导建议将此座山林分片区改造为教育主题的公园，比如国防科技教育、消防安全教育、诗词文化教育、家庭传承教育，传统文化教育、体育教育等！在此处新建公园能改善周边自然环境，提升全市教育声望度，体现绵阳宜居、文明的城市特色，也能成为绵阳对外的一张优秀宣传名片。后附两张山林照片。此致敬礼！
"
		  【 求助】证件年审",我的电工证是2006年在深圳考的，在福建可以年审，为什么在四川就不给年审，得到的回复是加钱重考，难道是为了要钱吗？现在不是全国联网吗？希望能给一个说法！
"
		  【 投诉】西昌市老海亭安置小区拖延15年未办理房产手续",西昌老海亭安置小区于2007年回迁，拆迁至今15年未办理土地使用证及房产证，2006年拆迁时签的拆迁协议明确说明免费办理双证，村民多次询问，邛海公司杜经理以各种理由推卸责任，望政府过问，给广大村民做主。谢谢
"
		  【 投诉】举报四川一品江山酒业公司欺骗老年人购买天价酒",
"
		  【 投诉】公司不给离职人员停保，也不交费，损害员工利益",四川蜂巢建筑技术有限公司不给离职员工办理社保和医疗保险停保，致使员工离职后到新单位不能正常参保。2021年就从该公司离职，但是公司一直不给办理停保，新单位无法交社保，多次电话和微信催促公司相关人员和老板，都拖着不办，现在已经到2022年3月，如果本月还不办理缴费和停保，将影响员工正常的医疗和养老，希望有关部门能督促该公司缴纳社保并办理停保，
"
		  【 投诉】温江佳年华路边乱建停车收费匝道占用人行道",温江佳年华B区原售楼部现招商银行外面路边停车场收费匝道占用人行道，造成市民出行极为不方便，特别是老人和小孩行走在此处很是危险，稍不注意会被附近的柱子挂到，建议政府管一管，还市民一片纯净之地、方便之地，谢谢！
"
		  【 投诉】学生一学期学费不到300元课后延时费用650",我家两孩子都是在四川省资阳市安岳县毛家镇上学！每学期学费300不到！然后所谓的课后延时费用为650元！一个比较偏僻的农村这个价格是否合理？一个班就好几万？还有每次学校布置的网上作业作为一个农村孩子家里只有老人，学校需要家长自己做网课！请问一下这个算不算从小给孩子作弊呢？
"
		  【 咨询】仁寿县小餐馆安装天然气报警器多少钱一套",各位领导，咨询一下仁寿县城内小餐馆安装天然气报警器多少钱一套？强制安装吗？必须燃气公司指定公司安装吗？
"
		  【 求助】不按照合同办事",尊敬的领导你好！我们是四川省达州市宣汉县城石岭大道，巴人馨城A栋一单元的业主，我们于2020年5月18日和山西复兴电梯成套设备有限公司签订旧楼电梯的加装合同，合同约定在电梯完工，行政部门验收合格一年后给付合同总造价的10％尾款，合约价38万人民币，已给付34•2万，可建成至今到现在，前期业主给付了30几万，连最起码的开工、报建手续都没有，更别说综合验收了，维保单位和责任人都没有，严重影响住户安全，现在原项目负责人已死亡，电梯也被质检部门叫停，而要想启动，电梯公司现有法人的要求是有理无理都要把尾款给完才能办理验收，这样没诚信的企业是怎么进入宣汉市场的，而且山西复兴电梯成套设备有限公司在宣汉的所有旧楼加装电梯项目，全部都没手续，且扯皮。希望领导予以督促后续工作，给予我们居民的安全出行和合法保障
"
		  【 咨询】叠秀路绕城高速跨线桥何时维修结束？",尊敬的各级领导：您好！我是居住在新都区保利198社区的新成都人。因为叠秀路绕城高速跨线桥（五龙山跨线桥）被检测出有安全风险，设置了限高杆，公交车已经不能通过，所以周围小区的居民想要坐公交车非常困难。但是一个多月过去了，并没有任何实质性的维修工作展开，请问附近的居民还需要忍受多久的无公交状态呢？补充一点建议就是，维修的时候能否在跨线桥上增设人行道呢？长期以来，跨线桥上只有车行道，附近居民过桥只能和汽车抢道，非常危险。我建议相关单位尽快落实维修和增添人行道的工作，安全不是小事，不要总是等出了事再来弥补。谢谢！
"
		  【 投诉】中科滨河湾地下车库漏水，地面开裂",领导你好，我是中科滨河湾的业主，在接房期间，我们发现地下车库漏水严重，地面大面积开裂，希望有关部门能催促开发商尽快解决，谢谢
"
		  【 感谢】几天前反应电子医保参保地未知，解决很及时",前几天反映电子啥社保卡参保地未知导致用不起，在问政四川反映后，工作人员主动打电话，态度很好，比较有耐心告诉我尽快解决，今天突然看了下，问题解决了，解决问题高效，真心感谢那天联系我的工作人员，也感谢政府，不用再去医保局解决，在此衷心感谢。为民服务的好举措，点赞！！！！！
"
		  【 咨询】小区车库是否能安装充电的新能源车的插头",您好，我是泸州的，新买了一辆小型的新能源车四座，想安装在小区车库，属于城区，这个车属于慢充，不用充电桩，是否可以安装电表直接在车库里面充电，这样不用另外买充电桩。按照川办发【2017】19号文件，是鼓励安装新能源充电的。就想确定是否必须安装充电桩？为什么每个小区都执行标准不一样。
"
		  【 建言】仁寿县清水镇五里村 原新店村3队1组 拆迁问",领导好！咨询，与兴盛工业园区接壤的仁寿县清水镇五里村 那个居民组（原新店村3队，老地名 尹家幺店子 长山埂 原新店村3队1组  ），拆迁了部分，剩下的部分村民还要拆迁吗？田地及长山埂山林（祖坟） 要被占吗？祖籍此地，不希望此地余下的田地山林被占。原因一，农民失地后，没有一技之长，年龄大了，打工不易，后半生生存不易。原因二，长山埂山林百年祖坟地。中国人传统，迁坟是大事，事关后人的生死祸福。盼回复。谢谢！
"
		  【 咨询】凌家坝小学进入华胥路的十字路口红绿灯优化建议",阆中市凌家坝小学进入华胥路的十字路口，在上学和放学时间由于人流和车流量大，该路口的绿灯为左转与直行并行，当行人过街时车辆也在通过，对孩子的安全威胁很大，恳请交通部门优化该路口的红绿灯，可在8-9点，18-19点仅允许车辆直行，保障学生安全。请转阆中市交通局或交警队。
"
		  【 求助】二建报考资格审核",尊敬的领导：您好！我是今年报考二建的考生，我于3月17日已经报名成功，但直到今天资格初审结果都还是显示审核中，打资格审核电话也一直无人接听，怕错过今年的二建考试，请领导给予帮助，谢谢！
"
		  【 投诉】极兔速递华阳老城区网点擅自大量退件",极兔速递华阳老城区网点今年3月以来对各地快递来件均以成都有疫情为由退件，不通知寄收双方，该网点电话、地址不对找不到人。本人作为收件人近期多个快件被擅自退回，造成买卖双方的损失。如等运单被直接退回。希望邮政部门对其进行调查处理。
"
		  【 咨询】领导，三胎有补助吗",国家实行生三胎古蔺县有补助吗，生三胎报销比列太少花七千多才报一千五
"
		  【 建言】建议成德s11路增加天津路站",建议成德s11市域铁路增加天津路站点，并扩建天津路
"
		  【 建言】交通",梓潼县黎雅镇公布所有车子不能乱听乱放，镇政府公布也是对的，但也要根据实际情况，城市里面街道两边也规划有停车位置，黎雅镇街道两边没有规划停车位，广大老百姓车停那里，应该规划3个停车场，说白了农村年轻人都去打工，剩下的都是老年人，老年人上街几本都是买点或卖点东西就走，老人争点钱本身不容易，你们么到就罚，百姓出路在那里，应该把3个主要路口规划停车场，珍对老人是以说服为主，不是以罚为主。这才是中华美德。
"
		  【 咨询】射洪市可善挺用药医保能报销吗？",射洪市医院可以打可善挺吗？现在可善挺在射洪这边医保报销的比例是多少？需要什么条件，什么手续？
"
		  【 投诉】发放小卡片拉人免费做美容诱骗",请问相关部门，这些归谁管，每个地方都有人多新闻报道，拉人美容，然后强制消费，你们都视而不见。严厉打击一下吧，上当受骗的都是很年轻的小伙子，小姑娘，都没有社会经验那些，有可能被骗了，一个月生活费就没有了。
"
		  【 投诉】井盖噪音",真的要被这井盖折磨疯了，之前就找过相关部门修理，但是就只垫几块胶条，很明显的敷衍了事，井盖明显和马路不平，改更换就应该更换，一天几百上千辆车经过，一个周又恢复成原样，有关部门能不能想个一劳永逸的办法，因为我们这种小老百姓是真的不想过多麻烦政府，是实在不知道怎么办了才会来找你们，而且我想说井盖安在马路中间本身不合理，希望有关部门尽快整改。
"
		  【 建言】能不能在绕城高速绿化带安装高杆路灯？",领导好:我想提一个建议，就是能不能在绕城中央绿化带安装高杆路灯？绕城已经通车21年了，现在又修了两边公园式绿化带，如果安装了路灯有几大好处:1，减少夜间开车交通事故，2可以照射一部份两边绿化带，这样晚上也可以出来在绿道散步，3多了一圈光彩工程，等等好处很多。二绕通车已经7.8年了，三绕也通，所以一绕早就属于城市高速了，应该加装路灯，为城市添加一道靓丽又安全的风景线。
"
		  【 投诉】四川域高建筑工程有限公司拖欠员工工资三个月",四川域高建筑工程有限公司拖欠员工工资三个月，一直不发，根据劳动法规定，企业不得以任理由拖欠员工工资，但该企业已拖欠工资三个月，一直不发希、望有管部门重视这件事情、给我们一个满意的答复，感谢各位领导
"
		  【 投诉】蜀都大道迎晖路段夜间重型货车通行噪音严重扰民",领导您好！蜀都大道迎晖路段每天晚上十点左右开始至第二天早晨一直有重型货车快速行驶，发出巨大噪音，严重影响了附近居民夜间休息，道路两侧无隔音措施，普通轿车通过时噪音已经非常明显，当重型货车通过时，车速很快，噪音更佳刺耳，更是整晚无法入睡；希望可以限制重型货车夜间通行，降低该路段限制车速，保障居民的夜间居住环境。恳请领导解决，感谢！
"
		  【 投诉】小区私自安装道闸占用市政道路",尊敬的领导您好：我是玛塞城相邻协信中心小区一名业主代表，由于小区未成立业委会，所以业主需求和问题没有人能协助向上反映。作为之前组织成立业委会的候选人之一，现代表小区820户业主，想请相关部门给予我们一个明确合理的回复意见。玛塞城与电子科大小学和刃具宿舍之间的道路，有一段属于市政道路，剩余部分据玛塞城业主所说，属于小区红线内道路，他们为了方便自己小区，准备在红线道路两端接轨市政道路的位置进行道闸设置，禁止附近居民车辆通过。该路段属于接送小学学生和附近小区出行要道，虽然有一段属于红线内，但是根据规划要求，小区建筑红线退后的道路，供市政使用后，小区居民不得占有，现在玛塞城业委会组织进行占有的行为，经过街道办投诉，街办不予理睬，说管不到，交管部门之前在此道路上画了黄色禁停线，也贴过很多年的罚单，想请相关部门进行当年开发以及道路规划调查之后，给我们一个详细情况回复。1、该路段部分市政道路，在玛塞城设置道闸之后，就归于小区私有道路了，这个市政道路就赠予玛塞城业主所用，其他居民失去的使用权？2、该小区在开发时候的详细规划是如何的？建筑红线位置具体位置在哪里，入住近十年，为何这条所谓的小区内部道路会一直用于公共道路使用，是否当年规划就是红线内提交市政使用的部分？3、根据建筑规划，小区建筑必须根据当地政策，退后红线一定范围，并且退出的部分不能占用，为何玛塞城业主可以占用这一块退出作为市政道路的用地，并且相关职能部门回复管不着？
"
		  【 求助】我要辞职",我于2022年3月3日提交辞职报告，3月17日收到单位辞职告知书，不同意我辞职，怎么办？
"
		  【 投诉】骑福出行恶意收费",恶意收费。乱收费。工作人员不清楚为什么，客服电话打不通。还车点不能还车。只能强制还车。有工作人员在放车的还车点我不能还车。乱收费。
"
		  【 投诉】怡心湖是私家公园吗",怡心湖公园限制小娃儿带滑板车，玩具风筝(风筝长30cm)，等玩具进入园区，请问这是私家公园还是公共区域，若是公共区域实行限制应出具法律法规依据以及门口公示说明管理办法等相关条例，若是物业保安个人行为，请督促改正
"
		  【 咨询】关于江油市河口镇村道路面硬化的问题",领导您好，我是河口镇新隆村（原重兴乡新街村三组）人，叫黄*康，近些年农村村道硬化工程让很多世世代代的农村人也走上了干净的水泥路，甚至很多村社已经通到户，给乡里人生产生活带来了便捷。可我们村至今很多主路都尚未接通，更别说到户，最近生产队长组织原新街村三组村民开会讨论，说是又有了几百米指标给了我们三组，由于该三组范围内主路还有不少距离需要硬化，又有支路，社员们争议很大，咨询村书记只是一句镇政府的决定便挂了电话对于这种僧多粥少的情况，真诚的问下领导几个问题：指标是如何划分的，是以什么为标准？是以主路优先还是支路优先？为什么同一乡镇各村实施路面硬化的进度会不一致？    感谢领导阅读解答。
"
		  【 投诉】申请安装新能源充电桩 业委会不同意",
"
		  【 咨询】2022年教招会和英语专业八级考试重合吗",请问2022年上半年教师招聘考试会和英语专业八级考试重合吗，英语专业八级考试由于疫情原因由4.23推迟到5.28，与四川省人力资源给出的教师招聘考试预计五月底进行考试，但现在也没有出公告，请问能不能多考虑一些因素，错峰一星期都可以啊，这两样对于我们来说都很重要，尤其是应届生，没有专八，工作难找，但又很认真准备了教师招聘考试，这两样都不想放弃啊。请问什么时候出公告，能否错峰考试，什么时候考试。望回复
"
		  【 求助】泸州汇通超市购买到发霉变质食品，不予处理",本人于今年3月26号，在泸州汇通超市南光路店，南光路388-400号，购买到发霉变质食品，在超市门口准备食用就发现发霉变质，找到超市后，不予处理，我又在超市工作人员见证下，在货架上发现很多发霉的椰子，并且现场拍照，视频取证，工作人员也承认发霉，他说这个是正常现象，发霉的食品都公然售卖，而且这是我第二次在他们店买到发霉食品，第一次我都算了，这次居然还理直气壮，希望相关职能部门为老百姓做主，按照消费者权益保护法对消费者进行赔偿，并对涉事企业进行食品安全检查
"
		  【 建言】绵竹体育馆网球场室外场地",绵竹体育馆为2008年汶川地震时所修建，室外网球场地经过风吹日晒，场地已经老化  1.能否进行翻修 2.体育馆管理中心，上面安了门禁，收费方可进入，虽然费用不高，但是如此烂的场地能否经常进行维护和翻修呢，希望绵竹领导能够重视绵竹基础设施建设问题。
"
		  【 投诉】保利狮子湖乱停乱放",请各位领导，及时处理，有人解决问题，而不是回复了事！！！！！
"
		  【 求助】关于高考生身份证办理绿色通道",临近高考身份证丢失，补办时询问工作人员有没有绿色通道，工作人员说没有，可是快要高考了我又着急用，该怎么办啊。
"
		  【 求助】我在成都微法院上申请立案，但一直未见回复",我有个民事诉讼纠纷，在微法院申请立案，但一直没有回复，我人在贵阳，因为疫情原因和空间关系，所以没有去现场立案，我现在也不知道是我的证据有问题还是没有按规范走，因为一直没有回复，我也不知道问题出在哪里
"
		  【 求助】大学生就业补贴",西南财经大学天府学院去年申请的大学生就业补贴至今未收到，我不理解，明明不是我卡的问题，一直叫改，改过去改过来，还是没收到了，已经差不多半年了。
"
		  【 投诉】成都市蒲江县西来镇多家超市售卖假烟",西来镇街上有多家超市和副食店违规售卖非成都市烟草公司所供品牌香烟（如粗支老大前门，红河小熊猫等），甚至还有参合售卖假烟。为了躲避查处，商铺内藏烟都是很少量，单条用黑袋子装好（以便售卖），再分散四处隐蔽藏，且售卖非常谨慎。这些商家的操作皆为：将常规烟价格压至全市最低价以吸引顾客，再以售卖异地品牌烟和假烟获取最大利益，严重影响县内其他守法商家利益！西来现在正在打造红色旅游景点，将会有更多的游客前来游览，所以希望成都烟草稽查工作能加大力度，暗中执法（切勿走漏风声），将这些不法商家都清扫出去，不让西来出任何负面问题！
"
		  【 咨询】你好，请问成都能养带标识的小太阳鹦鹉吗",你好，请问成都现在能养带标识的小太阳鹦鹉了吗，因为看到有四川的养殖场已经在售卖了
"
		  【 投诉】长滩镇井盖成难题？",我是四川省自贡市富顺县长滩镇社区的一位居民，我反应我们镇卫生院对门路边一个井盖破损问题。十天前我和女朋友散步到此处，因为是晚上且照明不良的情况，我女朋友踩在井盖上整个人下半身掉了进去，导致小腿骨划伤流血。第一时间我就打了长滩镇政府的电话反映情况，负责人当时说的是尽快处理，但是一直到今天晚上我看朋友圈又有一个人掉了进去，所以十来天时间了处理维修结果是什么？好在掉进去的都是青年人，万一是老人孕妇小孩怎么办？出了事谁负责？非要等出了人命或者重大安全事故才能引起重视敲响警钟？这难道就是不作为慢作为？一个井盖为什么在反映了的情况下还能拖这么长时间不处理，人们接二连三的中招不说，也没有任何相关人员出面做一个围挡或者警戒线，任由人们掉下去？反正马路对面就是医院？希望有关部门和领导跟进此事件。谢谢
"
		  【 求助】关于内江市资中县村村通工程为何难以实施？",尊敬的领导：我是高楼镇帽角山村村民，写此信的目的是想向您反映一下村村通工程的实施问题。作为土生土长的资中人，我为家乡曾出过不少名人贤士为傲、为家乡的悠久历史自豪，为县城的快速发展欣慰。但唯一让我们在外的资中人失望的是，家乡村与村之间、村与户之间的道路几十年如一日不曾改变，一到下雨天，便成了难堪的泥泞路，村民出行极为不便，大家期盼的水泥路，甚至被戏称为“水+泥巴”路。这虽是戏虐，其背后是大家无比的辛酸和对相关部门的多次失望。自参加工作以来也走过不少地方，像我们资中县这种情况，在全国范围内来说都是极少见的。希望县长同志重视起来，在大力发展城镇的同时，别忘了农村的发展，“要想富先修路”的口号喊了几十年，我们不希望这只是口号附上几张各村实图，希望领导安排相关人员实地考察，设身处地感受下老百姓出行的艰难。
"
		  【 投诉】夜啤酒占道经营，深夜噪音扰民",领导您好！安居城区经纬水岸高层“桥头小炒夜啤”自开业以来，占道经营，将桌椅摆放在门店前的公共区域。每晚顾客边喝酒边吵闹至凌晨两三点钟。声音之大，时间之久。家有莘莘学子，每晚因噪音无法休息。多次向物业反应，均告知招呼无效，且无执法权利。长此以往，身体健康如何保证，民生福祉在哪？谈何人民幸福？请领导们百忙之中管管此事，生意该做，但应在规定区域之内，请要求他们晚上店铺内经营。还百姓一个安静的休息环境！！！谢谢！！
"
		  【 咨询】成年人改名咨询",各位领导，我是巴中市巴州区居民，现已成年，前段时候想变更名字，便咨询了工作人员更改姓名的程序。由于我之前在还没有上幼儿园的时候，大概2岁的时候家里人就给我改过一次名字，现在我想再次给我自己变更名字，可是工作人员却说更改一次名字就不能再更改了。我想咨询的是，2021年民法典中说过公民可以变更名字，并没有明确规定姓名的变更次数，为什么我想再次变更名字的时候却说只能变更一次？况且我之前更改姓名的时候才2岁，根本对我自己的档案没有任何影响，现在更改姓名，为什么偏偏就要卡着这2岁什么也不懂的年龄更改一次姓名为限制啊？根据马克思主义哲学，事物具有多样性，每个事物都有他独特的情况，各位领导能考虑一下我的特别情况特别对待吗？我想继续申请变更姓名，还望各位领导能给我一些解释、指导和建议，谢谢！
"
		  【 建言】望丛天府文化产业园",19年规划设计了望丛天府文化产业园。2021年有又成了科创新城 望丛片区。旁边的房子都已经卖完了，打围也已经好几年了，请问这块空地何时才能开工？
"
		  【 咨询】农转非还有补贴吗？",您好，请问四川泸州现在户口农转非还有补贴吗？有的话补贴多少呢？
"
		  【 咨询】丽春镇对持职业农村经理人证有什么补贴政策",请问有农村职业经理人证在合作社上班，单位购买社保，有没有补贴呢？
"
		  【 投诉】塔水政府拖欠农民工工资",去年在塔水做的乡村振兴项目中的污水治理，去年已经完工，到现在都没来组织验收，一直拖欠农民工工资不付款！
"
		  【 投诉】楼下猪肉店噪声很大",楼下猪肉店超市很大， 严重影响休息，孩子读书都 没法静下心来学习。
"
		  【 咨询】咨询农村客运车是否有燃油补贴？",金通工程，乡村客运车燃油补贴那部门克扣了，请领导高度重视。农村客运，人圆少，管理不到位。油价高，难经营，国家的政策补贴本应发放入经营者账户，确被克扣？
"
		  【 建言】关于向阳镇什邡路口交通事故频发",向阳镇的向兴路和108国道交汇处为场镇和安置社区主要通道 ，人流和非机动车流较大。穿行108国道的红绿灯时间稍短；向阳作为工业镇，此段108国道上卡车较多，易发生安全事故。是否可考虑在此处架设天桥或修建下穿隧道。
"
		  【 求助】请求解决小区安全隐患",新交房的小区金沙宸宇公馆收房后发现115户型缺陷，为通风设置了天井，但是天井旁就是厨房和燃气管道及锅炉，且风速很大，外墙还设置的外保温，一旦厨房发生火灾，火就能跟风一下撺到楼顶，宛如一根烟囱，根本就来不及救援。请求政府联合住建城管消防邓部门实地考察，为民解决生命安全隐患，感谢！
"
		  【 投诉】御庭居装饰公司","御庭居装饰公司
尊敬的遂宁市政府领导
请为人民做主，御庭居装饰公司从去年成
立以来，就是一个骗局，签订不对等合同，现在收了我们的装修款准备解散公司，也不
合理解决我们的诉求，老百姓辛辛苦苦挣一
辈子的钱，好不容易贷款买的房子，借钱装
修，结果遇到不良商家，骗了装修款，现在以公司破产为由注销公司，不提供应有的装
修，也以没钱为由不退款。导致我们装修据
置，钱财被卷。我们挣钱不容易。为了娃儿读书买套房子，谁知道就遇上不良商家。找上无门，找下无果。求政府为人民做主。请政府为人民做主!!!"
"
		  【 咨询】想把丈母娘的户口迁过来，请问可以吗？",您好，我是慈云寺村村民，我和妻子结婚7年，她是山西的已经把户口迁到我存的户口名下，现在她母亲已经60岁（父亲已去世），户口在山西，老家还有个弟弟和她母亲在山西户口上，我想请问下这种情况，她母亲能迁户到我户口下吗？我和我父母一个户口本，户主是我父亲。
"
		  【 投诉】鸟叫是不是噪音？",不要觉得奇怪，是由动物引起的噪音，如果是养的狗叫是噪音，鸟叫是不是噪音？也是噪音。这是野生鸟类造成的噪音。先简单描述一下，如果解决不了，会继续详细反映。就直接说是乌鸫 [wū dōng]造成的噪音。位置位于学院中路与香园路交汇处及其附近区域。这种鸟每天下半夜就要一直叫一直叫，让人无法入睡，4点过，有时更早就开始叫，要一直叫到7点过天亮，声音大，而且一直叫没有停歇的，烦躁让人无法入睡。怎么去抓一只鸟，而且其实不止一只有好几只所以最合适的是让消防队来处理这个问题。他们之前可能也没有遇到这种问题。一个是用抓黑飞无人机的那种可以撒网的无人机来抓。另一个可以白天的时候设个陷阱笼子来抓。抓彻底，跟你讲了不止一只，有好几只。反正把这种烦人的鸟处理掉！你看现在的时间就知道有多烦了。不要跟我打电话，只看晚上有没有变安静。
"
		  【 咨询】买顶楼已赠送楼顶部分面积，可否进行搭建。",曹书记好，涪城区科大广场顶楼业主在买房时，开发商赠送了楼顶露台，而且已经做好了围墙属于个人地方，有的还建了一两间小房。问，在这个基础上再搭建一两间屋子算不算违建。其中有的顶楼业主已经完成了搭建，他们算不算违建，如果算违建，为什么一直没人管。谢谢。
"
		  【 投诉】泸州市江阳区一网络主播长期夜晚公共场所噪音扰",
"
		  【 投诉】宜宾西郊老火车站下面邮亭旁下雨内涝问题",宜宾西郊老火车站下面邮亭旁一下雨就内涝，积水很多，甚至漫过公路，造成过往车辆及行人不便，街道及社区也组织过多少抽水，可是没有解决根本问题，仍然下雨就内涝。据周边居住的群众说，是因为附近（正义街）的一个房地产开发工地（云锦）搞建设，把排水管道堵了，就一直这样了。现极端天气增多，为避免产生更大的不良后果，希市领导重视，安排相关部门及技术人员勘探、解决群众的反映。
"
		  【 咨询】剑南大道长顺路口下穿隧道什么时候动工？",从成都市公共资源交易中心官网查询，剑南大道长顺路口下穿隧道施工标已经完成招标，并公示了评标结果20天了，招标公告载明该工程计划2022年5月18日开工，现已到5月18号，现场丝毫未见开工迹象，请问领导到底什么时候开工？目前该工程对附近居民安全出行太重要了！
"
		  【 咨询】关于德阳市中江县太安镇玉华村一社水泥路的问题",尊敬的领导，您好！关于德阳市中江县玉华村一社（原光华村一社）打水泥路的事，3月9日咨询后太安镇政府回复，将于4月初进场打路，现在已经4月10号了，听老家人说目前还没有动静，只有把毛路推出来后施工队就撤场了。我们村有两个队已经在前几天打完了，其中6队和我们队几乎同时筹集的资金。他们的路已经打完了，我们的还没动静，我们年轻人在外面很少回老家，也没办法督促。村民都怕此事再次搁置。希望上级领导能尽快督促解决我们队打水泥路的事情。我们的自筹公路款已经交到了队上，我们这条路沿途人家本来就少，人均筹集资金比较高，拖得越久大家都会有意见。马上雨季就要来临了，到时候家里的老人赶场，收粮食都会有困难。村民还是希望尽快打好水泥路。感谢上级领导体恤民情，至此敬礼！
"
		  【 投诉】住宅楼内非法开设加工厂，存在消防安全隐患",蜀王大道886号合谊乐湖，9栋1-1住户房屋违建改造开办窗帘加工厂，内有多台缝纫机，住宅每天从早到晚机器轰鸣，节假日无休无止，对周围邻居
"
		  【 建言】取消城中央，成中大厦门口转盘",近十多年来，宜宾经济飞速发展，机动车快速增加，导致成中集团门口的转盘，已成为每天交通高峰期的“堵点”。转盘的最大作用在于不需红绿信号灯指挥，也能自己调剂交通，如果交通量不是很大，城市干道交会区域又不是很宽，那么建转盘就能起到很好分流交通的作用，转盘就是基于这个交通理念建起来的。可现如今，成中集团门口的转盘半径不是大，但是此处交通量却很大，那么这个转盘就会丧失自行调剂交通的能力，机动车，非机动就堵在转盘周围四面八方乱窜，存在极大的交通安全隐患。长期出现这种情况，转盘就应该拆除，设置红绿灯分流交通。请有关部门摸底调查，尽快解决
"
		  【 咨询】未拆迁证明如何办理？在哪里办理",尊敬的各位领导，您们好！我是义乌人，与巡场珙县巡场镇天池村6组44号刘文章在2005年12月15日未婚先育一女，后因二人感情破裂以分手告终。后经过法院判决女儿归我女方所有，后来女儿的户口也与2014年2月21日从珙县巡场迁入义乌，现我所处的村庄要旧改，需开具女儿未在珙县巡场镇天池村享受旧改的证明，请问需要哪些证件？到哪里开证明？
"
		  【 咨询】医保问题",请问绵阳是否有像类似“蓉惠宝”、“充惠宝”这样的保险呢？如果有多久能上线呢？感谢回复！
"
		  【 求助】买了房是否可以就近读书",你好尊敬的领导 ，由于我2018年购买了海赋长兴3期的房子，今看见旁边的3江实验小学已经装修好预计准备招生了，而我家孩子2022年11月就7岁了 也许这是很好的缘分，但那天咨询了一些地方说要户口是本地的才可以就读吗，当初说是因为学区房而买，价位那么高 ，请问是否如其他部门所说需要户口迁移等。
"
		  【 投诉】果堰路夜宵店噪音污染",武侯区果堰路两侧，一个烤鱼，一个火锅，隔三岔五的凌晨两三点，三四点，喝酒划拳娱乐，甚至吵架，有路人出言报警，还反骂，希望有相关领导调查处理一下，适当做要求，不然真的经常被吵醒，扰民极度影响休息。谢谢！
"
		  【 投诉】武侯区红牌楼某摄影机盗图充当原创作品虚假宣传",尊敬的领导您好：在此我想投诉地址为武侯区红牌楼广场乐福商场二楼的美兮摄影，该摄影机构盗用他人原创写真作品，虚假宣传，以假乱真充当自己的原创作品，借此吸引欺骗消费者付款。事情起因是因为我在小红书平台看见他们发布的摄影作品，添加了客服微信。客服描述的天花乱坠，使人信服，我预定了一套价格较为昂贵的写真，并且交付了350元的定金。之后我在小红书平台发现其摄影作品几乎都盗用他人的作品，并且疑似在最后的选片环节强迫威胁他人超额消费。近年来多地影楼为了赚取高额利润，套路消费者，使“白菜价”写真最终变为“天价”写真。而美兮摄影也是其中之一，以相同的手段坑骗消费者。我私信客服请求退款，但是他们拒不退款。希望有关部门能够追回我的定金，严惩影楼此类欺骗消费者的行为。
"
		  【 求助】无证经营驾校每年招收几百学员 获利巨大","您好，相关领导
  我和我的校友们在成都龙泉驿区一所驾校签订了合同 之后该驾校在一段时间后就相关负责人不提供培训 后经查实 该驾校无证经营 却仍然在我的学校和另一所学校（已知）找人代理招收学员 我校我那一批学员是几十个 另一所学校是每年好几百个 该无证经营驾校在另一所学校开设了一个招收学员点 专门招收学员 已经好多年了 我所知的 我和我的校友们当时也是去过 在那边进行拍照等操作 我希望有新闻记者能够追踪报道 惩治这所无证经营驾校"
"
		  【 建言】江油瑞丰远东城公交站十字路口行人红绿灯处理下",尊敬的领导您好，就是今天我发现江油瑞丰远东城公交站旁边十字路口有个行人红绿灯红灯和绿灯居然一起亮的，麻烦派相关部门过来看看处理一下，谢谢
"
		  【 投诉】在西昌青山机场内购买的空港易行存在虚假宣传",2019年我在西昌青山机场安检后等待登机时被穿着工作服的工作人员忽悠办了一张卡，说充1880的会员就赠送1120元机票代金券，当时办卡说的是只要在客服这购买机票可以分次抵机票款、第一次优惠了或者是扣除30就感觉上当了，和她实际说的完全不一样，再以后购买机票实完全没有优惠，还会更贵，当时还说全国机场VIP休息室无限期使用，实际上只有1年使用期。我一次都没享受过现在也说过期了， 投诉电话已变为空号，2022年初我要求退款，无处投诉，在网上投诉后，有人员联系，说让我等给我解决，但至今没有收到回复。还有如果不是在西昌青山机场售卖航空卡我是不会购买的，还是在安检后休息室发生的事情，我也是信任你西昌青山机场的，我是认为是你机场人员才能进入安检区售卖的，而且确实是售卖的关于航空的卡，并且都是穿着制服的。不管怎样你青山机场都是有责任的，我这实在是找不到人也找不到电话投诉，微信客服也不回复
"
		  【 咨询】新交规恢复驾照是否恢复驾龄？",新交规从4月1日起实行，本人于2014年办理了C1照，2015年增驾B2，约2019年由于不同阶段几个小违章，轻松的就12分被扣完了，从B2照降为C1照，新交规可以恢复B2照，由于前几月在绵阳实验驾校增驾了B1，并科目一己考试通过，由于本人目的是要增驾A1照，所以特资询如果我现在恢复B2驾照，能否恢复β2照驾龄？如果能恢复驾龄，那我现在就可以恢复B2照后就可以增驾A1照，就没有必要继续办理B1照，由于新交规从4月1日起实施，特资询恢复B2照后B2驾龄是从我初办计算还是从我小违章扣完12分降办C1照计算或是从恢复B2照计算驾龄？另外再资询一下恢复B2照的程序和是否还是要在驾校报名以及相关费用和程序？谢谢！
"
		  【 咨询】自然人承揽家庭普通装修业务需要申请许可吗？",自然人作为包工头承揽家庭室内普通的装饰装修业务（主要是室内刷墙、贴砖、安装柜子等），现在还需要申请许可或者备案吗？
"
		  【 咨询】请问安州区为什么没有共享单车投放？",请问安州区为什么没有共享单车的投放，后续会不会投放共享单车？出门确实不方便，打车费用太贵，公交车虽然多但是等待时间还是较长，建议还是适当投放共享单车
"
		  【 投诉】成都东站黑出租拉客住宿",成都东站附近很多黑车漫天要价，专门骗外地人。没有坐他车子就一直尾随你威胁骂你，并且出租车也有故意绕路的问题，今天坐出租同一个高架桥绕了我三圈。2022年了居然还有类似于黑社会的败类尾随辱骂我
"
		  【 投诉】涪城区丰谷镇的路灯",尊敬的领导你们好。绵阳市现在正在做绵阳市交通安全隐患大整改。请问丰谷镇的绵三路入口和耳朵路口。这两个地方不安路灯。本来这个地方就是气车多。再加上丰谷渡改桥。丰谷到绵阳。到三台往返都要必须走这两个路口。不安路灯。路口一片漆黑。行驶的气车和晚上从绵阳下班行驶的电动自行车都很危险。希望引起相关部门的重视。
"
		  【 投诉】投诉成都青羊区微创医院乱收费诱导患者消费！",今年2月底的时候我感觉下体不舒服，在网上搜索了一下，无意间就进了成都微创医院的网站，推荐我到该医院就诊，我就去检查了，医生说是因包皮过长引起的病菌感染，具体什么病医生也没有详细说，病历也没给我看（怀疑没写病历），只说需要做个环切小手术，治疗起来也很快，医生就开单子让交钱，我听到要做手术就很害怕也很重视，首次治疗就花了两千多，完了主治医生跟我说要每天早上去治疗，治疗效果才能更好，同时治疗期间不能间断，要把病根拔除，不然还会复发，我很害怕，每天早上就去治疗，每次治疗都花费我近2000元，连续四天后，已经花了我1万，我看电脑上的显示结果（说电脑上红色的线就是病菌，要治疗成一条直线才算好），跟之前的差不了多少，我就决定晚上去了，结果医生还很不满意，因为我耽误她下班了，我又问了大概还要治疗多久，医生态度遮遮掩掩，给我说不确定，要看个人体质情况而定，跟开始检查时说的又不一样，我说我没有钱了，结果医生说找朋友借，或者刷花呗，我感染的病菌不彻底消除的话，对以后会有很大的影响，还说给我换个高频率的机器做治疗，可以一次性把病菌清理干净，我就找朋友借了近1万，又治疗了2次，总共花费了1万8千多元，期间主治医生询问了我的职业还有收入，还加了我的微信，提醒我去治疗，但是我实在没钱了，准备找家人帮忙，在家人的询问和提醒下，我才反应过我被这家医院坑了。后面我就没去治疗了，主治医生还发微信把我说了一顿，上个月我在网上看到有男同胞和我一样的遭遇，也是被同样的套路给坑了，我越想越气，况且因为这个我还有近1万的债没有还，因此我选择曝光成都微创医院，希望有关部门能够帮助我维护自己的合法权益。首先，这家医院夸大患者病情，利用患者对病情的恐惧心理，无条件相信医院的治疗方案，诱导患者消费，没钱就让找朋友借，刷花呗这种行为也是诱导消费，如果不是他人提醒，医院会让我一直持续治疗。还询问我的工作收入情况，就是想知道我的消费能力。其次，这家医院存在诈骗，乱收费行为，对病症诊治方案前后说法不一致，开始检查说只需要做小手术再治疗，后面又说需要持续治疗，否则影响以后的生育等等。每次治疗都需要做直肠灌注，微米光治疗，磁场消融治疗等这几项，每次都是近2000元，谁能承受如此高的治疗费用？还需要每天治疗？以上，就是我对成都微创医院的大致投诉内容，希望有关部门能看到我的诉求，维护我的合法权益，避免更多男同胞上当受骗，谢谢！
"
		  【 投诉】西郡英华二期南门外篮球场晚上太吵扰民",领导好！我是红光镇西郡英华二期的住户，南门外公园里的篮球场经常性的晚上10点后甚至半夜还有打篮球的声音，非常吵影响睡眠！感觉没有人管理，篮球场的铁丝网破破烂烂的也影响市容市貌，最好是加上锁，晚上超过一定时间就锁好。严禁半夜三更的打篮球扰民！感谢
"
		  【 投诉】投诉：明信仕林悦府车位购买发票开错不给重开",2020年8月买的车位后，开发商一直未通知我拿发票和合同，今年收车位后我去找物业要发票和合同，合同她们没找到说是给我上报处理，发现发票上面填的购买人地址和电话都是错的，填的别人的信息。我要求财务重开，财务却拒绝重开，你们这个财务开发票这么严谨的事都能开错，开发票都不仔细检查吗？开错了凭啥不给我重开？以后我用发票因为这个票的问题用不了谁来负责？
"
		  【 投诉】规范停车",领导好！我投诉事件是，松涛镇五显村安置房二期城市道路什么时候能管理起来规范停车问题，现在的问题是道路上每天都是大型运输车辆乱停乱放，不仅是乱停乱放，关键是扰民，每天早晚都是噪音污染，无法给市民一个安静的休息时间，很是烦心，请领导们研究尽快规范停车，在此表示万分感谢！
"
		  【 投诉】小区内哈罗单车随意骑进来 严重占用了停车区 ",公共停车区大量的哈罗单车共享单车 骑进来门卫也不管 院委会也不管 请问如何处理 让普通住户的没有地方停车了 已经塞得满满的了 听说骑车的是几个老赖皮 希望尽快得到处理
"
		  【 投诉】酒吧超范围经营KTV，深夜噪音扰民",金华镇子昂路106号缪斯酒吧，长期深夜允许客人在店内K歌，且店内无有效的隔音设施，严重影响周围居民休息，且相关部门早已经给出处理，但还是没有改变，希望领导关心一下民生问题
"
		  【 投诉】建渣违规堆放",成都市锦江区楠丰路新希望锦官府小区背后存在违规堆放建渣、建材的情况。2022年4月28日，发现小区后围墙外堆放大量建渣，推测应为小区右侧综合体施工堆放，后续该施工队不仅未清理，仅盖上一层防尘膜便草草了事。2022年5月6日，该施工队同时开始堆放建材。原本该处设计为小区停车场入口，我们已与物业协商后续将建一条便道。
"
		  【 投诉】小东街夜市水果摊乱象",小东街夜市水果摊直接摊位货车占人行道和半边街道，人寿保险对面的一排水果摊位私自占用共享单车绑竹竿吊灯，还经常和其他水果摊主以及正常停车位停车的人发生纠纷，今天更是他们一群人一起去打另一位摊主掀别人摊。大街上追打引起群众恐慌，影响实在恶劣。
"
		  【 咨询】超龄未就读小学证明",
"
		  【 求助】我妈购买保健品金额巨大，请求政府帮助！",各位领导：您们好！我母亲从2019年10月至2021年11月两年间从银行共取款313257元，她说除了吃饭就把钱拿去买保健品了，买保健品的门店叫上医堂健康馆，地址四川省南充市顺庆区长征路184号附5号，上医堂没有给她们提供购买凭据，现在家里有150多个未开封的品种，其中有很多三无产品和假冒产品，我要求上医堂退还货款，他说我妈在十几家门店买的。第一次我投诉上医堂到税务部门，上医堂书面说明我妈没在他那里购买过。第二次我投诉上医堂到12366，上医堂书面说明我妈买了六千多。第三次我投诉上医堂到四川12315，上医堂书面说明我妈买了一万多，同时周定明也书面证明我妈买了一万多。周**是我妈一个认识的人，每次和我妈一起取款，说我妈有老年痴呆症，保健品可以医这个病，还叫我妈和我们断绝关系（有录音），在我妈这里还有欠条，请问这样的人可以做证人吗？2021年5月我把我妈的电话藏了，就有人给我妈提供了一个电话——155****7455，这个号码不是她名下的，我也没有能力查到这个电话是谁的。综上所述，请求政府帮助，退还我妈货款。此致敬礼！
"
		  【 投诉】乡村公路为何不硬化",马鞍乡石桥村三队至一队至二队土公路已修了很多年，一直未硬化，下雨天几队的百姓出行很不方便。听说以前有指标修建，因为某些干部的原因一直拖至今未硬化，这两天说要硬化公路，只修主路不到家，还要群众出一半的钱，请问这合理吗？人家乐至以前那么穷的县，现在村村家家都是硬化公路，全是政府出资修建的！而且我们村有的硬化公路为什么群众不用筹资，到我们这里就要筹资了？一家动不动就是一万左右？！
"
		  【 建言】农村女教师评职称",农村教师工作满30年评副高不受名额限制，可女教师退休年龄比男教师早5年，如果参加工作晚，到退休年龄教龄都不足30年，就享受不到长期在农村从教的优惠政策。优惠政策能否男女有别？女教师在农村工作满20或25年？
"
		  【 投诉】简阳城区沱江河石桥电站禁鱼期非法垂钓",简阳滨江路沱江河流域，3到7月本是鱼儿的产卵期，国家的禁鱼期，但是这段时间在石桥电站不管是石桥这边还是新区那边每天至少不低于30个钓鱼的，每天至少钓几百尾鳜鱼苗，好不容易看着城区的鱼类资源好一点了，这些人就干这些事，不管大小通通带走，简阳的鱼政部门有没有管理，到现在已经有2个星期时间了，一般早上6.7点，和晚上4.5.6点人最多，电站周围水流那么大，也有一定的危险性。希望有关部门处理此事，让大家一起保护我们沱江的生态环境。
"
		  【 投诉】泸州市中医院，院内业主停车问题",尊敬的领导您好，我只是想争取我自已的一点点权益，特向您问一个问题，泸州市中医院，院内住房业主在本院内停车问题，在院内上班或者有在院内上班的家属可以在医院里免费停车，而院内住房业主因为没有人在医院上班停车需要按照小时收费交钱，否则不能停车，没有小区没有停车的地方，生活在这就没有自己的权利了吗？望给予我们老百姓一点生活方便上的帮助，企盼
"
		  【 咨询】遂宁市会龙镇为啥子首次购房没得补贴",会龙镇这两年一会转到高新区，一会转为安居区，既然现在又划为安居区，安居首次购房有优惠政策，为啥子会龙镇就没得啊？
"
		  【 建言】[交通 信建] 绵竹市 新市至二环路段 ",各位领导您好，绵竹新市至二环路，道路狭窄，货车多，也没有路灯，早晚高峰期堵车，容易发生交通事故。这条路会改建吗？希望领导重视。
"
		  【 建言】郫彭路与沙西路交叉路口建议增设左转待转区",郫彭路与沙西路交叉路口早晚上下班时间交通拥堵，建议三道堰方向往唐昌方问增设一条左转待转道，由于彭州方向往团结方向车流量大建议增设两条左转待转道，缓解早晚高峰及节假日交通拥堵。
"
		  【 投诉】垃圾清运车凌晨三点四点工作严重影响睡眠",崇州羊马镇永和南苑小区的垃圾堆放点离生活区就几几米远，垃圾清运车半夜三四点工作噪音太大，已经严重影响睡眠，家里小孩被吵醒，大哭。反应多次没有结果，希望能把垃圾堆放点换个位置。都说为老百姓服务让老百姓过上好日子，就这样还怎么过。垃圾清运也辛苦，但是不能影响他人生活吧
"
		  【 投诉】时光里返租公寓欠租",尊敬的领导：你好，我是泸州佳乐世纪城时光里返租公寓业主，公寓方于2021.10月至今欠租，我已向多方求租，均未得到正面回应，但公寓依旧在正常运行，公寓方态度极差，一直不给正面回应返租欠租，打电话不接，佳乐也是一直推卸，作为小市民，一点点钱看着就血本无归，特此求助于政府领导！
"
		  【 求助】虹桥路公交站台改造后还是遗留下以前的老毛病",虹桥路两边的建筑都是20年以上的老建筑，门市的高度和宽度都不能和现在的房子比，既然是改造就该往好的地方改。现在站台还是延用20年前的设计，对附近门市遮挡达70%以上两边的人行道本来就不宽。为何不用同太和大道改造后的站台类似的设计？这个问题我春节前就反应过当时打着围还在施工，有相关工作人员联系过我说的采用的镂空设计对附近门市没影响，等施工围栏取了再来现场看效果。直到现在也没实际的解决。
"
		  【 投诉】攀枝花5路车路牌标示不清楚",下午2点40在渡口火车站等5路车过江，等了半个小时都不来，给攀枝花公交公司打电话工作人员告知说现在没有5路车，属于是定班车，既然是这样为什么不在公交站牌上标清楚呢？难道公交公司默认每个人都知道公交的发车安排吗？攀枝花就没有农村来的，没有外地来的游客吗？在公交站牌上多写几个字就这么难吗？并且我在花城智慧公交app上查路线给出的结果也是坐5路车，app上也不能写清楚发车时刻吗？一般城市里面个位数的公交线路都属于是那种10分钟发一趟的常规路线吗？为什么5路车要弄成什么定班车，还不写清楚，就只写个首末班车时间6:28-21:28
"
		  【 求助】关于龙泉驿区中铁国际城个人充电桩安装",尊敬的领导你好，我是龙泉驿区中国铁建国际城的业主。最近我购买了新能源汽车车，想在自己的车位上安装充电桩。但是物业以楼盘建设初期未考虑充电桩电容量需求担心安全隐患为由，不愿意在“车位及允许证明”上盖章，告知我必须从我家所在楼层拉线到地下车位才可以，但是就是不能给我盖章，不能新开电表。从我家楼层到车位位置，我咨询物业需要超过200米的电缆线。我想咨询一下，这种办法合理吗？如果真是电容量不够为什么从自己电表箱接线出来就可以安装，这样超长距离的走线就没有安全隐患吗？如果真的是电容量不够能不能考虑给小区增容呢？必定新能源汽车是趋势，国家也是大力支持的。谢谢领导。
"
		  【 建言】绵竹市金山街延伸段乱停乱放阻塞交通",绵竹市金山街延伸段在龙岭华府三期和城市佳苑安置小区交工后，因装修车辆过多并乱停乱放，已经将原本的四车道已经停了三排车辆，后期肯定会严重影响交通和市民出行，建议规划适当的停车位并对停在道路双实线、人行道路面上的车辆进行整治。
"
		  【 建言】濛阳到新都没有直达公交",从濛阳到新都没有直达的公交车，出行很不方便，目前还停留在依靠城际大巴车出行的时代，成德都要一体化了，濛新段的公交系统还是空白的，实在不利于出行，希望在s11开通前也能开通几班公交车。
"
		  【 咨询】灵活就业人员医疗保险无法缴纳",辞后申请了灵活就业人员参保，灵活就业人员养老保险已成功缴纳，缴纳灵活就业人员医疗保险失败。缴保档次只有1档(缴费基数为4968.0，选择后弹出:该灵活就业人员依赖险种的预处理信息未同时存在。希望能帮忙处理，谢谢!
"
		  【 投诉】天府新区万科公园都会地下室存在公共安全隐患",万科公园都会地下室自交房以来（2021年6月以来），地下室渗水不断，底板开裂。目前开发商整改照片如附件所示，涉嫌野蛮施工，影响公共安全。开发商的整改方案是否通过合法流程审批评审？整改方案是否有效？请相关部门介入调查。
"
		  【 投诉】青羊区清溪雅筑小区物业",成都市机动车非占道停放服务收费管理实施细则》《政府定价机动车非占道停车场停放服务收费标准》中的相关规定，三、按照《政府定价机动车非占道停车场停放服务收费标准》相关规定，一环路外普通露天停车场，临停时2元4小时，超过四小时的，每两小时一元，包月的1.8排量以下的，50一个月。小区物业的收费标准不合理、不合法，请市场监督局、市物价局、市公安局、市住建局严厉查处小区物业的这种不法行为。四、请物业退还所有按照临时停放标准的业主停车费，物业能力不行赶紧走人。五、小区消防通道每天都被占用，小区物业不作为，只在地面写上“消防通道严禁占用”，不规范管理小区停车，晚上还是让车子往小区进，眼睛都瞎呀，请市应急局督促整改。
"
		  【 投诉】中梁西溪首府欺骗消费者，拒不整改，违规交房",中梁西溪首府，尚古西溪黑心开发商。住建局包庇开发商，普通人看一眼都全是问题的小区，住建局给通过验收。在广安8 90万的房子这个水平开发商你也拿得出手。这绿化，这小区公共区域你好意思拿出来？小区用的地砖还不如大街上的，甚至不如安置房小区的。浓浓的劣质廉价感。小区没有排水，下水道井盖都是假的，底下洞口都没有，下雨天成湖。所有问题开放商拒不整改。去看看广安同价位的小区，华珂水景城，紫云府，蓝湖郡，九塘城，天立澜悦府，西溪合院，还有东南片区那边的小区，哪个不比中梁西溪首府强？这个破小区就是广安高档小区的一坨屎，人家小区问题都要整改，这个开发商是拒不整改，开口闭口就是这个设计图没得，要不就是都是按设计图施工，你效果图就不是设计图？你宣传的东西都是没设计的是吧？宣传的观光电梯也没得，绿化也差的没有底线。死的死，倒的倒，秃的秃。还不如乡下的杂草。而且还违规交房。请问这么垃圾的小区，问题这么多的房子住建局是怎么通过验收的？请政府的领导明查。
"
		  【 投诉】渠县月季苑34、35单元安电梯乱规划",月季苑34、35单元安装电梯的公司与相关有利益链的人以自己为红线，拟规划电梯横着安（月季苑其它单元都是安在自己的楼道口丿，本来狭窄的楼间，又横着来安一长排电梯，严重影响了对面楼栋的隐私和采光，我们楼栋表示坚决反对，坚决阻止这次侵害行为，我们已向相关部门提交了口头或材料申诉，至今没和我们沟通，安电梯本是一种惠民政策，我们是大力支持的，只不过不要顾自己利益最大化，来伤害他人。望相关职能部门在审批时多听群众呼声，化解群众矛盾。
"
		  【 投诉】工业大道噪音",团结新区附近的工业大道东段的噪音真的太大了，晚上还有小车和货车按喇叭，每天白天早上大货车喇叭一顿乱按，本来货车的喇叭声就很大。路面坑洼不平，导致大货车过路抖动发出噪音，水泥路面导致车辆行驶过程中产生巨大噪音，请问一下这种噪音现象什么时候能改善？工业大道啥时候能够好生改造一下？工业大道什么时候能够实行限货政策？实在是受不了噪音才来麻烦领导，希望领导们也来这边感受一下，小区晚上挨着工业大道的户型都不敢开窗睡觉，必须把屋内的窗子关完才会好一点，但是睡觉的时候都还是听得到车跑的声音，实在太吵了。
"
		  【 咨询】禁钓咨询",路亚是否属于禁钓渔具，根据规定：
"
		  【 投诉】青川县乡镇快递二次收费问题一直没得到解决",广元市青川县下属各个乡镇取快递，【除了京东和顺丰还有邮政】其他所有快递，中通韵达圆通等等均要收取费用，这明明就是在侵犯群众的权益，属于不正当行为，甚至属于违法行为，到底何时才能解决，处在乡镇就意味着我们的权益要受到侵犯么？已经几年了，那些收快递的已经赚够了吧。是时候给我们个交代了吧，以前这件事上过热搜，竟然四川一点反应都没得，乡镇就该多花钱？我们享受的权益就能随意侵犯么？
"
		  【 投诉】乐至龙门镇农村改厕",乐至龙门镇在2020年改造农村厕所，改造资金由政府补贴到现在还没拿到钱。请问有关部门怎么一回事。
"
		  【 咨询】沙河源友联批发菜市场会不会8月份拆迁",为了生活奔波，每天起早贪黑。就想问一下到底拆迁不，也好为了后面的生活打算。
"
		  【 求助】来回折腾，直系亲属可不可以带领粮食直补金？",
"
		  【 建言】新增跨河桥梁",尊敬的领导：希望市级领导实地考察成都市武侯区陆坝社区新增金江明珠规划桥的提议，两岸交通这段目前就一座草金路大桥连接，车流量大，车多拥堵交通事故频发，人还车混乱。急需新增规划桥，缓解交通压力，方便居民出。谢谢
"
		  【 咨询】岳池县九龙镇洗马滩村2组属不属北外街旧城改造",川府土[2019]786号，合计19.0599公顷土地征收为国家所有，作为岳池县2018年第1批城市建设用地。请问这块用地是否用于北外街凤山豪庭（学府壹号）此项目的建设，如果用于此地，请问是旧城改造还是商品房的建设。谢谢！
"
		  【 投诉】瑞思英语培训机构不退费",在成都市武侯区金楠天街瑞思英语报了名，一共17600元，因双减政策和疫情，还剩4个月课程，一共4400元，这边联系学校已同意退课退费 ，并且瑞思英语培训老师也承诺分三个月退完，现在3个月也过了，目前为止一分钱没有退到，也没有人联系，学校也没能处理，现在找到瑞思英语机构，说的没有钱退，必须选择他们课程，既然没有钱退，那你们机构为什么还在营业还在收费？希望有关部门处理一下
"
		  【 咨询】乡村道路建设建议",尊敬的领导：您好。我是通江县新场镇七家沟村村民。去年我村通村路因山体滑坡受损严重，给村民百姓出行带来了严重困难。在本人上一次的咨询中被告知，新的通村路选址已结束，现请告之该路线走向。另外请告知修筑改路的开工时间。谢谢。另外，在上几次的咨询中，建议修建我村道路环线的中间线（即我们村政府经原八社至七社的道路），不知领导考虑的咋样？事关我村村民特别是老人儿童的出行安全便利问题，请领导统筹考虑，为了人民的福祉扎扎实实地向前推进。谢谢。
"
		  【 投诉】渣土车",成都市双流区公兴镇这边的渣土车，太猖狂了。根本无人别人的生命，闯红灯，实线变道，逆行，斑马线不礼让。等等，这种现象以好多年了根本就没有人管过。最近我有两次被这渣土车憋车的情况，停车就问一下你会开车吗，就出现三个人出现，还差点被打。这种现在以有很多年了，希望你们管一下，非要出了人命，出了重大交通事故才管吗？
"
		  【 投诉】遂宁河东城市管理急需改进",遂宁河东二期任家渡城市管理存在问题。1、田园等几个安置小区绿化严重不达标，物业管理不作为现象突出。2、噪音扰民现象尤为突出，商贩使用扩音器，早上六七点播放喊话，流动商贩突出，无人干预制止。坝坝舞，场地不规范，到处都是，音量不控制，尤其是任家渡农贸市场处坝坝舞扰民严重。3、车辆乱停乱放，田园与晨曦小区之间道路没有划定停车位，但是道路两侧挺满车辆。一些大型机械早上五六点开始热车，柴油机声音扰民严重。同时，也存在交通安全隐患，长期见不到交警执勤，治理。
"
		  【 投诉】修路改造",敬的领导我是五丁路梓锦公馆的住户，由于修路改造，把我们小区的围墙拆了，路现在修好了，（未开通），下水井盖也在修路时，压坏了，造成小区二，三百人的安全隐患，我们不知道属于那个部门管，請领导关心一下居民的环境，谢谢
"
		  【 投诉】关于青羊区人才公寓梧桐博园腰线问题",作为青羊区一个人才公寓，却在销售过程中以不告知不利因素的隐瞒甚至欺瞒手段误导购置一个充满腰线和柱子的楼层。腰线和柱子的情况如下：阳台本无多宽，却有两根一米六宽的柱子遮挡；腰线宽度宽达一点几米，严重遮挡阳光。如此离谱的设计与现实情况，城投置地却认为该腰线与柱子不属于不利因素范围，同时该房售价仅与楼上相差一百元，请问这是一个国有企业该有之担当吗。作为一个普普通通的人，倾尽家财还背上一身债务，只想要一个舒适的居住环境，得到好的休息好的心情，积极为国家建设贡献自己一份力量，却浪费时间与如此没有担当的国有企业斗智斗勇，不能积极投身祖国建设，请问这是国有企业应该做的事情吗？
"
		  【 求助】请问TVOC",请问一下TVOC位于0.0mg/m3这个值多少，超过多少为超标？《四川省挥发性有机物排放标准》？谢谢直接回复，不用回访
"
		  【 建言】hpv疫苗黄牛太多，建议实行线上人脸预约",成都hpv九价的疫苗预约太难，根本抢不到，等得年龄都已经超了，很多黄牛用技术占通道抢疫苗，建议参照陕西的九价疫苗预约政策，实行公众号线上人脸识别预约，杜绝黄牛！
"
		  【 咨询】关于阆中市河溪到洪山的道路修缮问题",自从3月16号，我市交通局领导回复网友的关于∴河溪镇到洪山镇的主要交通道路修缮的问题之后续提问，该条道路常年高低不平，洼地连片己完全损坏，几乎无法出行，今年夏季暴雨天气过后会更加严重，请问各位领导对该条道路的修缮计划以及进展如何？至于你们说的已经纳入省道计划请问具体的开工日期是多少？这也涉及到我市东南几万人的日常出行，还望你们切实放在心里却实跟进，谢谢！！！
"
		  【 投诉】消防问题、违章搭建问题严重影响居民安全",你好，我是一名普通的老百姓，反映射洪市何家桥社区未来上层小区内治安环境混乱，消防通道堵塞，撕拉乱接飞线问题严重，都多次发生火情报消防处置，但是现状依然得不到解决，物业不作为，目前小区主要问题有如下几点：1、随处可见从小区各楼层撕拉乱接的电线作为电瓶车充电线；2、小区各单元及小区消防通道堵塞；3、小区内消防设施形同摆设，各楼层消防箱内无水等；4、物业管理混乱，基本上未履行物业职责；
"
		  【 咨询】成都五环",请问成都五环什么时候完工，青白江清泉是否有口子，能不能在温江上清泉下呢？
"
		  【 咨询】天府新区沈阳路 南侧 一片土地规划用途",为了更好的阅读体验，请您留言时多分段落，谢谢配合
"
		  【 投诉】麻烦书记关注成都后花园蝶院房产证办理情况",之前已多次投诉蝶院开发商违建不提交房产证办理资料！！！政府领导们，我们后花园买房已经五年了，开发商违建（容积率等）一直拖着不办理45栋房产证，希望政府帮帮我们无助的老百姓吧：1）帮忙广大业主搞清楚开发商违建具体问题，尽快和开发商协商处理违建问题2）以切实有效的方式强烈督促开发商提交后花园蝶院二标段房产证办理资料（45栋及其之前），而不像是区政府口头催催没有实际效果。成都之前已经在试点交房即交证，最近大范围试行交房即交证，可是我们买房子已经五年了，办理房产证资料都没有提交
"
		  【 咨询】利用吸污车进行偷排污水",关于龙池酒厂生产废水，也曾多次投诉，每次都是想着办法偷排，这次更厉害了，虽然该厂已停业整顿，停业后的生产废水利用吸污车，于28日上午用吸污车吸走，但是并没有进行排放，等到29日晚上九点半左右，该酒厂组织吸污车拉往船山区桂花镇老屠宰场内进行排放，我无意中途经此地该排污行为的，污水已经流到省道250道路的边缘了，浓烈的酿酒污水臭味散发在附近周围，当时3月25日，回马政府及大英环保局回复说，此屠宰场里的厕所进入了桂花污水处理厂，但是由于是跨区域的污水规划，污水处理厂不接收，这个地方的厕所下水道到底有没有进入污水处理厂。那么，既然不接收，那是29日晚上，怎么又在进行偷排呢？于是我们向回马镇主管环保的工作人员进行了举报，工作人员到达现场后，要求我们也来到现场，现场工作人员也核实了排污行为是事实。但龙池酒厂老板拒不认账，于是我们又拨打了市民热线12345，举报了此事，当时工作人员说明天再说，大家就各自回家了。之后回马政府工作人员进行了一个简单的回复，说对该酒厂进行了罚款，还是进行了最高罚款，环境水污染也没有什么叫最高罚款，这不是明显的存在敷衍吗？龙池酒厂这种顽固行为，屡教不改，偷排污水明知是违法的，居然还利用吸污车进行偷排，也不知道他的后台有多硬，才能如此嚣张。关于偷排事实（29日晚上有录音作证）。
"
		  【 咨询】农村家门口道路硬化问题",请问领导：现在农村道路大部分已经实现硬化，极大方便了群众出行，改善了乡村面貌，原本是一件利民好事，可为何白龙镇松柏村有些道路硬化到距离家门口100米左右就停止了呢，到家的最后一段路就这么困难吗？还要让村民在泥泞坑洼的道路上行走吗？是政策原因还是其他呢？
"
		  【 投诉】老小区晚上十一点半之后回来被门卫收取两元钱",晚上上完夜班回来 小区大门直接关了 叫门卫开门被收取两元辛苦费？这是合理的?而且平常那些物业费我们都交了 凭什么还要收取这种费用 根本就不合理
"
		  【 投诉】维修基金的使用监督","房管局这位大领导的回复看见了、这位领导是否到现场查看了？有验收前后照片嘛？18000多、维修多大面积的外墙（有两个平方嘛？多少钱一块砖）,粉刷多少面积的楼道多少钱一平方（中国价格还是美国价格）？（直接在老墙面上刷这是正常的操作嘛）做了几平方的防水？维修基金的使用包含单元门的门卡系统嘛？业主的维修基金装门禁然后物业手业主门禁卡的钱、这位大领导觉得合理嘛？"
"
		  【 咨询】2022春季雨露计划",你好 我是一名2019级中专在读生就是问一下我的那个春季雨露计划什么时候才能到账 那个申请表已经交上去了很久了 由于家庭困难的原因有点需要生活费
"
		  【 咨询】转学咨询",领导您好！现有子女在深圳市葵涌第二小学就读四年级，打算9月转学回新都区就读五年级！学生户口新都学府路1555号成怡嘉苑！麻烦告知转学流程，注意事项，需要哪些资料？万分感谢！！！
"
		  【 投诉】污水直排污染县城河道",
"
		  【 求助】烂路为什么天天烂",龙潭乡新龙石路短短1600米为什么如此烂，如此难修和维护？天天烂，月月修，年年烂，人民出行难而烂，大坑小坑很多，交通事故经常发生，希望你们下乡实地看看！谢谢
"
		  【 投诉】泸州泸县农村自来水问题",泸县农村安装了自来水，但是经常性停水，特别是节假日。就算没停水的时间，水压水流特别小，别说洗澡，就平时饮用水量大了都不够。之前也在泸州问政过，每次反馈都以神仙桥水厂三期扩建来解决用水问题进行答复。但建一个三期要建多少时间，从18/19年就说开建，这都5年了，要多少年才能建好？要多少年才能实实在在，彻彻底底为农村老百姓解决用水问题？！
"
		  【 求助】房屋漏水发霉，邻居不处理",市长您好，之前通过12345电话有过求助，但是物业和邻居迟迟一直不处理，2021.12.28反馈我家墙角开始渗水，物业核实由于14楼空调漏水导致，后续通知业主将空调问题改善后，我家的墙体因渗水开始发霉，后续通过物业联系业主，业主不承认不处理，一直拖到现在，我们只想维护自己的权利，恢复墙体或做出对应该有补偿即可。非常感谢！
"
		  【 求助】西河招商依云臭味",西河招商依云上城附近每次到晚上都有各种臭味，晚上要么油漆味道，要么就是粪便的味道，也有这么多人反映，望政府重视一下嘛，这边小区这么密集，人流量又这么大，还有这么多小娃娃。这么大的味道环评到底是怎么过的？这大家能闻得到的。希望政府切实的解决一下，还我们一个没有臭味的环境。
"
		  【 投诉】绵阳市涪城区文昌街南桥路",南桥路的人行道路损坏严重一高一低！肓道也是高低不平！地砖松动！下雨天一踩弄一身的水！有没有人管！就这还是美丽绵阳？
"
		  【 求助】遗失补办二级建造师执业资格证书",我于2015年取得了二级建造师职业资格证书，近期纸质证书遗失需要补办。我查询了四川省人社厅2021年发布的《关于试行专业技术资格电子证书的通知》，已经遗失纸质证书的不再补办，电子证书在“四川省专业技术人员资格电子证书系统”查询、下载或打印。但是我登陆了人社厅官网-四川省专业技术人员资格电子证书系统查询，二级建造师电子证书查验范围只有2021年的，输入本人信息查询不到电子证书。但是我本人能在网站上查到2015年成绩，在网站上的证书查询的窗口栏输入本人信息能查到一个没有人社厅公章的二级建造师证。现在我需要职业资格证去住建厅注册执业，我就想咨询求助，想我这种情况遗失了纸质证书，人社厅是给我补办纸质证书还是帮我补办电子证书，该找谁办理，怎么办理。
"
		  【 求助】三家镇牛角村已评为先进村，为何马路迟迟未修",尊敬的安居区人民政府:本村村里现有人口几百户，自建村以来我村村民一直安分守己，勤劳耕作。但是多年以来，由于大部分年轻人出门务工挣钱，我们村的小孩和体弱多病的老年人一直深受坑洼不平的泥巴路所困扰，有的老人甚至因为摔倒在泥巴路里而一倒不起。同时，外出务工的年轻人回村时车辆出入也非常困难。现已20222年，在这个家家都通了马路的现代化时代，为什么安居区三家镇牛角村迟迟未通呢，据我所看见的，现在大英等区县基本上已经实现了户户通马路的情形。到底牛角村未通马路是有什么难言之隐呢？
"
		  【 投诉】泸州茜草银沙路天府路大货车噪音扰民",银沙路，天府路旁全是学校和小区，道路被压的坑坑洼洼，货车路过产生的噪音巨大，关着窗户带着耳塞都能把人震醒，附近学生和居民身心实在是难以承受，多次投诉无用。道路没有任何改善，车流量越来越大，噪音污染让人神经衰弱，政府每次得答复都是待整改资金下来修补，都答复快半年多了，毫无进展，真的噪音的太恐怖了，身心俱疲，投诉无门，政府不修路，不改道，不禁行，就让老百姓忍，太不人道了。
"
		  【 求助】强烈要求绕城大道东二段断头路连接拓源路",新都区龙虎镇是是新都工业大镇，也是四川唯一一个以双生肖命名的传统古镇。龙虎的名字大气，龙虎镇的路却比较小气。龙虎的道路表现为窄，大货车多，泥头车喇叭振聋发聩。拓源路或桂锦路到新城区石油大学片区道路拥挤，非常窄，事故经常发生。医学院旁边的绕城大道是6车道，加上辅道是8车道。强烈建议绕城大道东二段连接到拓源路。前期工作人员说在做国土空间规划，在做画界定界的工作，请问这一年了该项规划完结没有，什么时候实施拓源路连接绕城大道东二段。让青白江更好的衔接新都，让新都更好地携手青白江。请两区的主要领导干部为两区衔接的主路发声。让两区更好地相辅相成，让两区的人民出行更加便利。为建设新都产业园助力，为青白江国际物流港打气。希望得到领导的重视并回复。
"
		  【 求助】荣县河口镇文庄村8组桥梁修建请求",曾市长：你好！荣县河口镇文庄村1组（现文庄村8组），在1987年举全村之力修建了一座石拱桥，极大的方便了河两岸人民群众的出行。但是随着岁月的流失，该桥因年检失修，于2011年左右垮塌了，交通受阻，村民物资运输就成了一大问题。为方便村民出行，村里租赁了建筑用的脚手架搭建了简易的桥，经过10多年的风吹雨打，目前桥梁已是千瘪百孔，严重锈蚀，成为了危及人民生命的危桥。恳请市长为河口镇文庄村8组村民修建一座能通车的桥梁，解决村民出行难问题。谢谢！
"
		  【 咨询】凌家桥及桥头公路的归属权、管理权的划定",所处位置：四川省达州市大竹县石桥铺镇绿水村2组与重庆市梁平区碧山镇黄桥村4组 交界处没有问题或者需要打官腔的时候，就是大竹县和梁平区政府/交通管理部门，石桥铺镇和碧山镇政府/交通管理部门大家一起联合巡查、联合监督、联合执法。有问题的时候就是这儿又不归我管，或者这些政府部门不知道归不归他们管，亦或者是让群众先去搞清楚到底归哪边管。不归他们管，难道不应该联系对方政府相关部门吗，不是经常开展联合巡查、联合执法吗？总之就是找各种理由推卸责任，不处理群众反映的问题，包庇纵容排污大户（四川富圣纸业有限公司），为超限运输车辆畅通无阻通过危桥提供保护伞。桥梁限重5吨，大货车经常载重在20吨以上。公然藐视中华人民共和国的法律，不执法。难道四川省达州市大竹县不受中华人民共和国法律的约束吗？或者资本胜过法律，法律只适用于受污染侵害的普通老百姓？不要给出让我自己咨询本地乡政府这种敷衍了事的答案。乡政府的口头答复没有任何意义，随时都能变卦，随时都能否认自己的说法。给相关政府部门打七八个电话都搞不清楚归属问题。为什么百度出来的答案都是乡村道路限重10吨？住址：重庆市梁平区碧山镇黄桥村
"
		  【 求助】跨地区医保卡很难办理",尊敬的领导您好，我以前在南充办理了社保卡，后来到成都工作，为了能够在成都使用医保卡，把社保卡的归属地转移到成都，前年不小心把社保卡丢失了，想补办社保卡，咨询了多家社保机构，以及银行，后来多方确认只有原社保卡归属的银行才能补办银行卡，后来咨询农业银行，告知我，社保卡在成都不能补办，只能回南充才能补办，现在比较担心，南充说归属地已经变更到成都，不能变更银行卡，且，社保卡只有工作日才能办理，来回很浪费时间，麻烦请教一下，目前我该怎么做才能补办社保卡
"
		  【 求助】失独的农村老人民政部门有什么养老政策？",我村有个老太婆，八十七岁了，已病在床上无法自理。前月独生儿子死了。儿媳死了多年了。孙儿也只有一个，且没有稳定收入。我想问一下这样的农村失独老人的养老该怎么办？国家有没有失独老人的特别扶助政策？
"
		  【 咨询】三台读小学需要什么条件",你好  在三台读小学一年级 需要什么条件啊 什么手续啊。
"
		  【 咨询】九价",你好，请问为什么大英这几年都没有九价疫苗啊！四川省都没有分配一点到大英吗？我们都想去成都打来着但是成都现在因为疫情都开始限户籍了，所以想问问大英什么时候才可以有九价疫苗
"
		  【 咨询】2022年回乡创业有什么扶持政策吗",因疫情原因，现在工作不好找；上班10多年也累了，想回乡创业，自己做点事情赚钱。  目前政府政策上是否有什么项目是可以扶持的，或者鼓励创业的，另外黄龙溪山里面可以允许搞养殖吗？
"
		  【 投诉】天府通扣款失败",绑定数字人民币后，显示订单位支付，在我进行充值后，原支付方式不能扣款，导致天府通用不了，打电话去公司投诉，说会解决。多次向其反馈后，，得到回复，让我向数字人民币钱包充钱，又一次让我充钱，我的数字人民币里边是余额的，优于他们系统的原因导致我无法处理。现在这个行为可否认定非法侵占我的个人财产，天府通是否有权利这么做。
"
		  【 建言】眉山市生命文化教育馆大门外
停车场边环境","眉山市生命文化教育馆大门外
停车场边环境实在太差"
"
		  【 建言】江油北站公交客运",江油北站已经投入使用多年，配套客运站也同样空置多年，并且中雁路客运班线上下都甩掉江油北站，给北站上下车的旅客带来极大麻烦与不便。请问相关部门，江油北站配套客运中心是做摆设吗？中雁路客运班车上下不经过北站而把乘客摔路口是相关部门默许的吗
"
		  【 投诉】长期都有大车在辅道逆行",半小时都没4辆车逆行！！！！！！！
"
		  【 投诉】广汉金领云庭（格兰维亚）消防隐患",广汉金领云庭（格兰维亚）小区，地下停车场电动车充电私接乱搭充电，与机动车同区域停放充电，小区住户中家中接电线到地下停车场充电，小区物业不管理、不干预、不作为。存在严重火灾隐患！！！希望相关管理部门过问！！！
"
		  【 求助】减速带",我是城厢金河村8组的居民，我家门口的路是新扩建的，周围有很多小孩，平时很多车经过的时候速度都很快，担心有安全隐患，队上安装的减速带就是敷衍，没有一点价值，希望有关部门引起重视这个问题，
"
		  【 投诉】犍为半岛御景居民楼下非法经营中餐馆",犍为半岛御景居民楼下在三月中旬经营了一家中餐馆，由于油烟排污问题，严重影响到楼上居民正常生活，居民多次跟老板沟通，但老板一直敷衍了事。根据相关法律规定，居民楼下没有专门排烟管道是不能开设中餐馆，所以请求有关部门坚决取缔这家非法经营的中餐馆，并希望工商和卫生执法部门对该店手续问题进行审查。
"
		  【 投诉】金堂大学城道路上的厨余油渍",今天早上7:30左右在金堂大学城希望美食城的门口路上好不容易找到个停车位，结果刚下车就踩到好多厨余油渍，还好没有摔跤。全是倒在窨井附近，厨余油渍、食物残渣，到处都是。麻烦请环卫工人注意打扫一下。餐饮商铺是不是也应该处理一下，都这样乱倒厨余垃圾，还谈什么美好环境？
"
		  【 投诉】广告公司气味大 影响居民身体健康",武胜县华茂小区楼下 开了一家新蕴广告公司 每天广告喷绘路过都有一股刺鼻的味道 开了一年多 家中小朋友一直呼吸不好 咳嗽 最近被诊断为哮喘 家中还有孕妇 长此以往真的很可怕 之前打了环保局电话不了了之 最近打了12345 说会给予回复 可是还是没有得到回复
"
		  【 投诉】栖西里让鸭脑壳飞扰民",仁寿县栖西里占道经营夜宵，吃夜宵全部坐在外面，半夜还大声吼叫，还经常有大合唱。严重扰民。投诉仁寿相关部门根本没作用。还是依然安排顾客坐在外面就餐。店里基本没人坐。还经常用音响唱歌。投诉市长热线安排社区人员，社区人员说他们没执法权。投诉公安说不归他们管。投诉城管城管说他们那边还没正式交房。叫我们投诉市场监督管理局，可是仁寿更本没用。到处踢皮球，我们永兴国际公馆那么多业主，那么多小孩无法安心学习，睡觉，只要求他们吃饭搬到屋内。
"
		  【 投诉】K4线公交车行驶缓慢或发车时间不准时",2022.4.22日晚  九点左右 在莲桂东路口BRT 等K4 上一辆已经到邛崃山路了 马上到终点站了 下一辆还有13分钟  六七个站左右  就相当于  这个站点  上一辆K4开走后  下一辆需要等接近半个小时  我在高德查看了K4的发车时间 高峰是5分钟一班 平峰是8分钟一班  就算这是在晚上  不是什么早高峰  平峰也是八分钟一班吧  精确不到八分钟 十分钟左右也是正常的吧  也不是上下班高峰 大部分站点都是BRT  为什么出现了间隔半个小时才来下一趟  本来晚上下班也比较累  等公交车还要这么久  而且K4也不是什么社区巴士 半个小时发一趟车吧  还已经连续三天出现这种情况了 包括今天晚上4.24日九点 上一辆和下一辆间隔了到半小时左右  麻烦你们处理一下吧  交通发展不就是为了便利  如果你们看到了觉得不重要没有处理 我也会接着打电话的
"
		  【 咨询】农村道路硬化",
"
		  【 投诉】人民塘路下穿隧道内卫生条件差",人民塘路下穿隧道内两侧墙壁布满灰尘，隧道内有多初小面积积水且有异味，望妥善处理。
"
		  【 求助】会理市城南社区 神龙加油站这段路无路灯",尊敬的市委领导 城南社区（原九榜村神龙油站这一小段路的路灯己经坏了许久了 夜间车辆行人存在安全隐患 加之此道设置人行横道太少 给出行带来不便  恳请领导能解决 人行横道增加设置标画和路灯不亮 谢谢
"
		  【 求助】本市户籍拆迁户子女跨区就读幼儿园",我是天府新区兴隆镇，由于拆迁还未安置目前居住华阳街道。子女目前即将就读幼儿园，夫妻目前在华阳和高新区工作。子女回兴隆读幼儿园非常不便无人照顾，希望能够就近华阳片区读公立幼儿园。不知道如何能够结觉子女入学问题，需要如何处理，哪些材料
"
		  【 求助】能为百姓生产交通安全装护栏",各位领导你们好我们农村公路能否帮大家装护栏各个路口，比较危险，一不小心就要掉下悬崖，老百姓的出行比较堪忧，这条路修好已经6年多了，能否帮我们装上护栏，老百姓非常感谢你们。地址：四川省巴中市恩阳区柳林镇来龙村华山村永童垭。
"
		  【 咨询】新津到崇州的客运车以后还有不",新津到崇州的客运车怎么取消了呢，没有的话去崇州很不方便，每次来回都打车的话，对一般老百姓来说确实吃不消。请问以后会恢复不，啥时候能恢复。或者有没有规划其他线路能坐车去崇州的
"
		  【 建言】温江区光华公园碧落湖垂钓现象反映",尊敬的领导：您好！温江区光华公园碧落湖是一个供市民休闲的好地方，碧落湖有标语：禁止垂钓、禁止捕鱼。近期我于碧落湖散步，发现很多市民在湖里垂钓、捕捞，很多小朋友在家长的陪伴下，将很多小鱼捕捞后带走。一些市民擅自向湖里投喂食物，不知是否有毒有害。同时，近期还发现许多成年人采用大型的垂钓渔具，将湖里很多大鱼钓走。目前处于禁钓期，且碧落湖有明文规定，不能垂钓、捕捞。这种现象继续持续下去，会对碧落湖的生态造成严重影响。碧落湖很美，需要我们每一个市民来共同守护它的生态。请相关部门对于违规市民进行提醒，必要时采取一定惩罚措施，以维护碧落湖的生态平衡。谢谢！
"
		  【 求助】电费太贵，想申请一户一表",我是眉山市东坡区金太阳商业区商铺！经过多次投诉～终于从1.4元一度的电费终于涨到了2.0元一度了！一直想申请一户一表，但是电力局说我们是专变电不能申请一户一表！所以只能多次投诉金府集团违法收取电费，但是结果只是越来越贵.市场监管局多次接入，说是电损过高造成！但是按照《电力法》也有明确规定，金府集团明知电损异常的情况下也毫无作为，从没想过整理维修异常电损。而且从来没有提供过异常电耗与金府集团无关的相关证据，所以我们很难不联想到金府集团没在高昂的电损中获利！我们金太阳商业区多家商户想申请一户一表但是电力局说需要金府集团移交变压器！但是经过多次沟通金府集团都以无法移交来打发我们，而且总以不缴费就停电来威胁我们，现在又说不再为我们缴费但也不移交变压器给供电局！而且最后收取我们的电费为2元每度水费收取约14元每方。我们现在多家商铺就想申请一户一表，希望政府能帮助我们，让我们能享受平等合法的水和电！
"
		  【 投诉】富临卢卡美郡违建",尊敬的绵阳市长：富临卢卡美郡别墅区内，原威尼斯水岸31栋，现门牌号为卢卡美郡95栋。原为两层建筑，且无地下室。小区建成于2010年。该业主于今年初将整栋房屋完全拆除，且肯定没有建设规划手续。不会买了别墅就可以随意拆了自己想怎么修都行吧？现业主已开挖几百平米地下室，正进行基础施工。占用大部分绿化。现正值雨季，地下室开挖很深，且为采取任何支护措施。对周边业主房屋造成巨大安全隐患。长沙违建造成巨大损失，现在全国上下都在整治违法建设，绵阳城中心已建成规划区内，还有这样的任性的违建，望领导们尽快查实处理。以免造成更大的安全事故。
"
		  【 投诉】电动三轮聚集拉客，逆行，不遵守交通规则","麓山大道梓州大道公交站（往龙泉方向）前方50米有电动三轮车无序反向聚集，聚集点也刚好在洛森堡小区出口处，严重影响出行。每天早上上班时段，电动三轮车都肆意拉客，横冲直撞，而且逆行，已严重影响行人上下公交的安全通行。尤其是下雨天，路面有积水，电动三轮车还加速通过，污水直接大面积溅到路边候车人身上，不是一个两个电动三轮车这样，而是基本上都会溅水。而是这种现象不是一次两次，而是一到下雨天必会发生。同时，拉客的电动三轮车有没有合法手续？有没有运营资质？收费标准是什么？有没有交通规则的学习培训？以上问题恳请相关部门严厉查处和打击。电动三轮车拉客不仅严重影响城市形象，而且存在非常大的安全隐患！恳请相关部门本着""为人民服务""的执政主旨，对以上现象出重拳，严惩严罚，还民众有序的社会环境和安全的出行环境。万谢"
"
		  【 咨询】广汉天津路会啥时能延伸到天府大道北延线？",广汉天津路是否要西延到向新路，会建设几车道？啥时开建呢？
"
		  【 咨询】仪陇什么时候发医保卡",仪陇文星镇居民多年未有IC医保卡，给在外地生活需要就医的人民造成不便。希仪陇相关部门尽快落实便民措施。
"
		  【 咨询】咨讯交通",成眉公交T50在2月22日后，因疫情原因暂时停运，现在已有2个星期，不知道什么时候能恢复运营，方便成眉的公共出行呢？
"
		  【 投诉】泸县滨江华府美域新房有质量问题真的没人管了吗？",您好！我是泸县滨江华府美域的业主，我们在验房的过程中，发现了房子存在质量问题，主要有两方面重大质量问题：1、房屋地面存在大面积空鼓、远远超过了国家的验收标准（5%）。2、房屋层高严重缩水，与室内公示的分户验收表不符；但是分户验收表均显示验收合格，层高差异较大，有部分极差达到40—60mm，尽然验收合格了？所以我们觉得质检验收形同虚设；发现问题后我们如实添了房屋验收意见表，希望开发商能对我们的疑虑的问题给予解释同时能得到及时的修复。 我们两次发函，但开发商却任置之不理，并发通知催促我们赶紧收房，否则将让我们赔付违约金，我们认为不合理。我们原本在合同签定的购房合同是10月1日收房，最后推迟到了2月25，反而被开发商反要求赔付违约金？？？为什么房屋的质量问题都没解决，就甩锅给业主？还威胁大家去接房，实在是不负责任的企业，质检验收是否因为地震后对房子的验收有所放松？我们担心还有质量问题没有暴露出来。受到威胁后，一些业主担心害怕，不敢与开发商抗衡就只能去收房，还有一些业主实在气不过，之前他们投诉无果，又准备投诉到中央信访局，是真的被逼急了、都太气愤了。如果开发商能站出来给老百姓合理的解释，真诚，有问题就认真整改，那有那么多的矛盾升级，但为什么没有？我们想知道是什么原因让开发商在这个法治社会，在这个有开明政府管理下，开发商还如此猖狂。我看到群里的邻居们又气愤又无可奈何，我失眠了，我在想真的就没人管他们了吗？他们都是普通老百姓，有些老百姓打一辈子工，花了大半辈子的心血就买这一套房，现在即使很气愤，依然还得继续还房贷，他们只希望这套房子能得到质量保障。我们希望能得到政府的帮助、希望能得到重视、希望得到保护。
"
		  【 求助】成都市空天产业园仙女滩湿地公园",成都市空天产业园仙女滩湿地公园好久开建，今年要建吗，现在成都市打造公园城市简阳作为东进桥头堡，简阳也在打造公园城市，为什么没有进展，东溪大河村一组，政府给群众一个解释，
"
		  【 投诉】武胜县赛马镇停水断断续续 何时才能正常供水?",我是一名高中学生，家就在武胜赛马，自去年2021六月份开始，赛马镇就开始长时间停水，以因为水管破裂为由，修了几个月，迟迟不见修好，每半个月回家要用水都是停水，一停就是几天，衣服无法洗，洗漱也麻烦，来水就来几个小时，几个小时一过又停几天，这都2022年三月份了，你再怎么停，也不至于这样吧，我就想问问 这种长时间停水已经影响我们的正常生活规律，给个答案，何时才能正常供水?!
"
		  【 咨询】高新区新生儿集体户邮寄办理一直处于办理状态",尊敬的领导：您好！高新区新生儿集体户邮寄办理一直处于办理状态中，快递已经显示签收一周了。快递有很多重要证件，包括身份证、结婚证、出生证明这些，现在急需要这些证件，一直迟迟没有办理，电话多了n次也没打通，希望领导能帮助我们催促一下办理进度，谢谢
"
		  【 咨询】2022年成都一村一大（非定向）有招募计划吗",请问新津今年有一村一大（非定向）的招募计划吗？大概多久出公告呢？谢谢答复。
"
		  【 建言】增添市政设施，方便群众休闲",绵阳市投入资金对安昌河御营坝河堤进行了景观改造，并对沿江道路也进行了改造，使该区域的群众终于有了一个休闲的环境，面貌焕然一新。但是，在绵阳安昌河靠御营坝从安昌桥至饮马大桥段的改造工程中没有建一个公共卫生间，河堤上和绿道没有安放一张坐椅，健身绿道没有照明路灯，由于设施的不配套，严重影响了群众休闲生活。另外，管理也未能跟上，特别是犬只的管理，没有提示牌，狗粪到处都是，这些也应该加强。
"
		  【 投诉】九襄镇三井串串香违法出店经营，多次举报均不改",九襄镇三井串串香位于九襄镇东风路与梨花大道交界处，从开张起就多次违法出店经营，多次向城管举报无果后，向雅安市民热线举报，举报后短期内没有出店经营，2022年起店内开始安装大功率音响，在晚上经营是大声放歌，出店经营和大声放歌严重影响周边居民的正常休息，多次协调无果。同时还存在多种违规违法行为：1.在人行道绿化带上拉风车，既影响市容市貌，同时存在安全隐患。2.占用店外空间搭建临时棚区（雨棚、帐篷）用做后厨和经营用地，既影响市容，同时存在很大的消防隐患。
"
		  【 投诉】台商天然气充值难，没有服务意识。",台商天然气公司。充值困难（不能网络缴费;充值网点少;好不容易找到网点，结果提示充值卡故障，需要到公司网点处理，结果公司网点服务时间永远朝九晚五），给用户造成极大不便利。看过以往类似留言，官方回复大意永远是会逐步改造气表。想知道:逐步改造更换——何谓逐步，三年?五年?十年?有投诉意见后，短期不能改变的，也并没有临时处理措施，比如增加合作充值网点。公司服务网点永远没有服务行业的意识——比政府部门还短的服务时间，也不知服务什么用户？
"
		  【 咨询】二手房户口迁出迁入",在郫都区买了一套二手房，原房东不主动把户口迁出，现房东在不迁入自己户口的情况下，怎么样才能使原房东的户口移出现在的房子
"
		  【 投诉】峨眉山市镇镇交界地带公路问题",四川乐山市峨眉山市绥山镇，原绥山镇天全村与原石炉村交界地段，由于地处交界地段，公路长期无人维护，路面坑洼，路面太窄只有2.5米宽，不能会车，从几年前到现在出现多起交通事故，2022年2月导致一轿车事故，导致原石炉村1组一村民因交通事故死亡，全因道路太窄多年失修导致。请政府体恤体察民生民情，拓宽路面整修此路段，解决民生和安全问题。
"
		  【 建言】崇州市302公交老旧与安全问题","崇州市302公交作为崇州市区与温江连接的主要交通线路。承载了沿途居民的工作与生活需求。现阶段该路线不仅车辆班次少且车辆存在严重老化以及安全隐患。1.早晚高峰期车辆少、付费需司机手动调整耽误时间、滚动班车到站时间不确定2.车辆老化，经常出现车辆故障，影响出行效率3.有车辆发热，地板滚烫，站在车上脚能感觉到高温现在逐步步入夏季了，不正常的高温极易导致火灾等安全隐患，希望相关部门能落实查询希望:1.运行车次能联网，手机可查询车辆到站时间,减少居民等待时间。2.针对高峰期合理调整车辆发车频次。3.万盛站上车点能确定在地铁首座小区外车站（302车辆停在此处方便居民上车，地铁D口的上车点容易造成人流拥挤聚集）4.早日增加新型车辆，解决老旧车型运力不足与安全隐患，做好崇州市区形象宣传。"
"
		  【 求助】车管所能否代办驾校学籍注销问题",尊敬的领导您好：2017年我在成都读书在成都当地报名驾校学习，学习期三年内未考科一。现无法在家乡阆中市本地报名驾校，需注销在成都的驾校学籍。因疫情原因无法出阆，是否能在网上或者电话办理学籍注销？望给详细回复。
"
		  【 咨询】简阳市海螺镇复兴村7组另一边公路多久能修",领导你好！亲问下成都东部新区海螺镇复兴村7组的另一半公路多久能修，一半边3年前就修好了，另一半边说的第二年修现在都3年多了都还没有修，都是一个村为什么不公平对待呢？希望领导重视，在此表示感谢！
"
		  【 咨询】龙泉金茶路金枫路口围而不建",领导好：广大群众一直关心的龙泉金茶路金枫路交叉路口处多年围而不建的问题，之前有回复说2022年3月份会启动项目，请问已经到3月，本月还会有进展吗？？？这个大土包包，严重影响居民出行，给上万人的生活带来不便，请问：几年前承诺的幼儿园、龙泉人家还会修吗？？如果修，到底什么时候修？如果不修，广大群众恳请把影响民生的打围土包包拆除。
"
		  【 投诉】成都旅游被出租车司机连环诈骗",我和朋友山到成都旅游，5月18日从锦里景区出来拦了一辆出租车，准备坐车到宽窄巷子，司机说这几天有个地方祈福特别灵，平常都不对普通市民开放，60年来第一次对普通市民开放。说这个地方是诸葛亮指出的风水宝地，特别灵验，机会难得，很多外地的人专门坐飞机来祈福，平常包车的费用是三百多，现在涨到七百，包他车的乘客还要游玩一个多小时，我们去的地方不远所以才载我们的，半路上以包车乘客催促需要回去接包车乘客为由让我们下车，说很抱歉不收我们的车费，这时后面刚好又有一辆出租车，上车主动攀谈我们的目的地后又大势渲染该地方的神奇以及祈福玉器的灵验，让我们失去防备。最后在成都市青羊区草堂东路66号一营销人员对我们进行思想灌输，我花了1990元买了店里商品，我朋友花了三千多买了商品，买完后因为要赶飞机急着走了。后来发觉异常，在网上搜索发现成都此类骗局不少，套路都一样。希望政府能帮助把商品退回，因工作原因5月18日已返回家乡，希望政府能帮助把商品退回，协商退款。同时净化一下当地的旅游环境。谢谢。
"
		  【 投诉】农村低保政策",通江县麻石镇长青村，原长河坝村，享受国家低保政策的家庭或个人，是否会公开名单？如何公开的？公开在哪里？
"
		  【 投诉】长期停水，向上级反映没有任何作为",尊敬的领导，我是资中县水南镇财富国际小区的一名业主，我们小区长期没有任何通知任何告知的情况下停水，一停就是半夜12点也不来，这种情况在尤其在夏季，几乎每天如此。平时有告知的停水，我们小区也是半夜才来，给我们的生活造成的极大的不便，我们不能正常生活工作，不能按时睡觉，第二天孩子没精神学习，大人没精力工作，真是欲哭无泪啊。对于这种情况，我们给资中县自来水公司打电话，他们给出的解释是我们小区地势高，没有办法。我们周边的几个小区，比我们还高的，没有这种情况，所以我们就又向自来水公司反应，解释是我们的水管问题，反正就是各种理由，就一句话，没发解决。我们没有办法，打12345反应，停水的现象有一点点改变，有几晚没停了，我们以为解决了，可后来，12345也不管用了，照着自来水公司给他们的回复，照搬念书给我们听。后来，自来水公司态度很差，也不解释了，很不友好的态度，说新水厂在修建，快了，我们从去年等到了今年，新水厂也没有投入使用，遥遥无期啊，我真的想哭。喊我们储存水，我们家里只有锅碗瓢盆，哪里够？我们洗了碗就够不了洗漱，洗漱了就没水洗衣服，现在疫情防控常态化，没有流动水洗手，我们也担心，手上干净吗？有病毒吗？希望有关部门帮帮我们吧，我们没有办法了，给政府有关部门反应也是石沉大海，敷衍了事，没有任何解决，这种情况已经持续最少3年了。我们被逼着，难道只有变卖房屋吗？周围隔壁小区都有水，为什么啊，就不能帮帮我们吗？没有任何办法吗？
"
		  【 咨询】3年的劳动合同，试用期要求一年",签了3年的劳动合同，用人方要求试用期一年（试用期内只买社保，无医保，无公积金），这合法吗
"
		  【 咨询】南勋镇道路问题",
"
		  【 咨询】都江堰青城大桥好久能开通（1号桥）",都江堰市青城大桥1号桥好久能开通？开通后青城桥到鲤鱼沱大桥靠河边的怎么规划，之前河边还有农家，农家乐拆了这么久了都没有动静。
"
		  【 建言】成华区双桥路地面维护",成华区双桥路（一、二环路之间），因多年前地铁施工，地面留下上百个洞一直未修复，为提升市民出行安全（特别是骑车经过），望将路面整改平坦，消除安全隐患，提升便利，谢谢！
"
		  【 投诉】好时光爱心幼儿园附近交通混乱",尊敬的领导，随着中梁一号院交房，居安路两旁每天停满了各种车辆，拥堵难堪，尤其是下午五六点接娃放学时段，走路都不方便，还有大货车同行。希望交通部门能管管呀。
"
		  【 求助】关于农村户户通公路修建问题",尊敬的领导：我是资阳市安岳县天马乡聚宝村4组（原6组）的村民，去年12月份生产队长已经上报的公路修建，时间已经过去半年，没有任何消息，也一直没有开工迹象。只要一下雨，就形成严重的泥泞路，出行非常困难。国家大力提倡，要致富，先修路的政策，户户通公路。
"
		  【 咨询】农村天然气管换装",尊敬的领导，你好，我是阆中市河溪街道石龙社区村民，听闻我们村要求换装天然气管，有以下疑问需要天然气公司解答1.为什么换天然气管子，换装的目的，依据是什么，是国家规定、地方规定还是天然气公司规定，且应向我们老百姓公示文件。2.换装的范围（如从哪年起安装的需更换）3.如果目前天然气管子不符合规定，或存在安全隐患，那么当初安装的时候是否违规操作，将存在安全隐患或者不合格的管子装入我们家中，天然气公司是否应该承担责任，现在发现隐患是否应该天然气公司进行整改，如果之前的管子质量不存在问题，没有安全隐患那么现在为什么更换。4.天然气公司的管子定价是否符合规定，燃气公司换装时收取的材料费明显高于市场定价，天然气通农村，是一项惠民便民工程，不应打着为了安全的旗帜从中牟取暴利。且赚了材料的差价为何还要收取安装费，既然有这么多的利润，就不该收取人工费。5.户主是否可以自行采买符合国家规定，质量合格的材料让燃气公司换装，如不能，燃气公司是否涉嫌垄断，是否能出示相关文件。6.此次天然气公司换装的材料质量是否合格，存不存在安全隐患，换装时请出示相关合格证书或检验证书，质保期多久。7.老百姓对此次换装存在疑问，不予配合更换时，工作人员以不送气及销户相要挟，是否合规，燃气公司是否有权利随意停气。8.换装时产生的相关费用是否可以开具税务部门正规发票。9.有已经更换的村民反映索要的发票或开具的收据与实际产生的费用不符，比实际少一两百元左右，请问这样做的原因是什么。希望领导及燃气公司能给予正面回复，消解老百姓心中疑惑，避免产生不必要的误会，引起老百姓的不满。
"
		  【 求助】四川赢前程",在四川赢前程报名高职扩招，增加录取机会，首先交定金两万元，后交费用送三万七千四百元，现高职扩招已经结束，还未履行合同并不退款
"
		  【 投诉】阆中市居民区主路口缺信号灯，交通事故频发",阆中市巴都大道，交通信号灯设施不完善，巴都大道上的广厦上品小区与长安社区路口，从2017年道路开通至今6年时间，没有设置信号灯，道路两侧均为大型居民区，该路口东西方向均安装信号灯，唯独此处没有，导致隔三差五有行人、电动车、轿车，甚至工程车在此发生车祸，小孩老人过马路心惊胆战，人民群众生命财产安全无法得到保障。此问题之前已向多部门反馈，有关部门怠政不作为，6年时间至今不予解决，请领导关注。
"
		  【 投诉】南江县天池镇有3公里泥巴路泥巴公路多年未硬化",尊敬的市委书记:您好！我所居住的南江县天池镇红五村4社和连接华锋村1社（太阳湾）交界处（大地坪）中间有3公里泥巴路长期未硬化，导致我们多年生活出行不方便，每次出行遇到下雨车辆都无法通过。该泥巴路在15年前就已经修好开始通车，但5年前红五村4社在硬化公路时，大地坪那段路不知道什么原因未硬化，2021年大地坪的另一边华锋村1社在硬化时该段路又未规划硬化。导致中间一段有大约3公里长期泥巴路，前几年多次去天池镇询问时都说今年一定会硬化，但是到现在也没硬化，但我们附近很多新修的泥巴路都最近两年基本完全已经硬化，不知道什么原因中间这3公里就是不硬化，导致老百姓出行不方便，农副产品无法变卖。希望市委书记能够转达南江县相关单位，落实该路段的硬化工作计划，大地坪老百姓非常感谢书记对该问题的处理。注：1）详细标注见附件，大地坪梁家营段及太阳湾段都已硬化，中间10年多的泥巴路不硬化；2）因该未硬化路段有关我们村的全体成员长期出行困难问题，全村成员希望市委领导重视，如该投诉后无实际解决，我会继续在省级政府部门及其他版块投诉，直到解决为止。
"
		  【 求助】就业需要办理护照",因本人就业需要，所学专业为法语，需前往非洲担任法语翻译，由于是公司直接外派，本人刚与公司签订劳动合同，所以并没有公司缴纳半年或一年社保证明，本人为犍为县户口，非跨省办理，请问没有社保证明，但其他所需提供材料齐全情况下，是否可以申请办理护照
"
		  【 咨询】江油的断头路",江油的庐山路中段连接到消防大队的那一段一直没有通路，今年有没有规划可以打通，让出行更方便，还有中央大道3B旁边的月爱路是连接到李白大道的吗，一直都不通，希望领导可以实地考察一下，城西这边把后面的农田安规划修建成商品房了，李白大道中段的棚户区改造也一直没有声音，老百姓的生活环境没有一点的改变，不知道今年能不能实施，谢谢领导
"
		  【 投诉】兴文县海成高铁生态城3栋6栋1楼侵占公共绿化",尊敬的领导你好：兴文县海成高铁生态城3栋6栋1楼所有业主，将原本绿化区域在交房后改为砖砌围栏，并清空原有绿化植被，改为水泥地面。此行为是否合法，是否已经侵占3栋6栋高层所有业主的权益。若违法，望责令整改。
"
		  【 投诉】请求拆除卫生中心在通川区珠市街街面搭建的板房",尊敬的严卫东市长:您好！达州市通川区珠市街71号开设的达州市通川区翠屏社区医疗中心，在人口密集的珠市街小商品批发市场的大街上占道搭设了核酸检测蓬后，另外又占道搭建医生执班室和发热病人留观室板房！且把发热留观室窗口、门口朝向居民和路人。该医疗中心的搭建行为，给临近商户造成重大损失！给街道路人和居|民造成恐惧和疫情危险！请求市政府尽快处置。该医疗中心大楼内有大量的房间，也有足够的空地！为什么非要在大街上搭建板房留观室和执班室。他们是在防疫？还是在传播疫情？谢谢市长情况反映人:   辖区商户2022年5月23日
"
		  【 咨询】从达州城区自己开车回乐至会被隔离吗",我们如果从5月月底从达州城区自己开车回老家乐至会被隔离吗？
"
		  【 投诉】三台县佳联印染厂排放刺鼻气体",三台县佳联印染厂不定时排放引起大气污染，时常闻到刺鼻气味，多次投拆不解决问题，时不时出现阵阵恶臭，刺鼻气味漫延至大部份城区，居民长期忍受毒气危害。不能有效解决就应该搬离远郊，不解决将上诉环保督查
"
		  【 求助】剑阁县张王镇农村地区饮用水和天然气入户安装",尊敬的领导：您好！我是剑阁县张王镇紫荆村4组的一名村民，现反映同时也是求助两个问题。如下：（1）希望改善本区域饮水安全问题。张王镇紫荆村4组目前仍然存在饮用水枯水期短缺、丰水期泥沙重的问题，特别是雨季，是肉眼可见的浑浊，甚至难以达到基本的饮用水安全条件。国家水利部早在2014年就发出了”全力打好农村饮水安全攻坚战  让全国农村居民喝上干净水“的号召，现在八年过去了，全国也实现了全面小康，但是上述地区的最基本的饮用水安全都未得到保证，实在是与国家的愿景背道而驰，希望相关部门能引起重视，并予以改善。（2）希望尽快推进本区域天然气管网入户工程。该区域已建成通往张王镇场镇的天然气管道5年有余，但是目前仍然不见沿线天然气入户建设。目前大多是留守老人，打柴不便不说，通过砍伐树木获取生活燃料的方式也有悖于生态文明建设的理念，产生的大量污染物和生态破坏也难以践行”绿水青山就是金山银山“的伟大愿景。因此，希望县政府能够以推进乡村天然气普及率为特色，打造广元区域、剑阁区域低碳环保发展名篇，助理国家”双碳“目标早日实现。希望政府能就上述两点问题，尽快督促相关部门推进、给出具体有效的改善措施和关键时间节点。非常感谢！祝好，盼复。
"
		  【 求助】里铜电力发电噪音扰民振动造成房屋破裂事宜",我叫邱金梅家住四川省甘孜州九龙县小金乡罗卜丝，我要求助的事情是甘孜州九龙县里铜电力公司萝卜丝电站发电机组发电振动造成我的房屋破裂，有关部门至今没有解决问题。九龙县里铜电力，萝卜丝电站发电至今10余年，造成我的房屋大面积破裂，已存在较大安全隐患，本人于2021年，中央环保督察督察四川省期间，投诉该电站发电机组噪音扰民，振动造成房屋破裂。现在给我们老百姓回复的是，噪音不超标，振动有影响。但是至到现在，有关部门也没有给我们老百姓一个明确的说法，周边新建的房屋没有破裂政府都给出一个平方60元的赔偿，我们房屋破裂严重已经达到随时坍塌的地步，也还是以60元一个平方的价来赔偿。这种处理方案我无法接受，我作为一个离婚女人一个人辛辛苦苦一辈子的积蓄就是这么几栋房子，没有土地，电站发电以来我房子就受振动影响没有再从事旅店经营，我的唯一收入也就没有了，近十年来一直在向九龙县政府和有关部门反映，但是一直没有给予我答复。直到中央环保督察期间投诉之后，才有所反映，但是政府说噪音不超标，只是振动有影响，也就没有在给我答复，他们就是这样能拖则拖，反正民告不了官。里铜电力属于地方企业，地方政府不站在老百姓的角度为民办实事，偏向于企业，每次向政府讨要说法，都是见不到领导而返。政府领导每次来都是走过场，没有认真对待此事，现在特向州委领导反应此事，望省厅领导站在为老百姓办实事的角度给予办理为谢。
"
		  【 咨询】跨省异地门诊特殊疾病 怎么办理",我母亲（成都职工医保-现在已经退休）是高血压患者，一直在金牛区的社区医院办的门诊特殊疾病，每个月开高血压药，每次开药时直接刷社保卡报销，属于个人自付部分费用医保个人账户支付。下半年我母亲要去我姐家长期居住（在云南省楚雄州），我想问问我母亲长期在楚雄居住养老，她的门特是怎么办理转移到楚雄那边，是需要在成都这边医保局备案转出门特，还是直接在楚雄那边办理门特，办好后，是不是也可以和成都一样，每次开药直接刷社保卡，支付自付那部分就可以。感谢相关的老师解答一下，谢谢。
"
		  【 咨询】关于乡村公路硬化",尊敬的各位领导，你们好！我咨询下关于农村乡村公路硬化，占用了村民果树、菜苗等农作物，是否有赔偿？队上组织村民集资修路，只让马路边上的人集资是否合理？集资费上交后，村上或者队上是否应该开具收据？请相关工作人员及时回复，谢谢！
"
		  【 建言】大安区高坎村4组跟5组路烂",领导们好！我想问一下这里有条泥巴路政府可以处理下不一下雨这条路就不能走了这条路过的人比较多都是高坎村4组跟5组走这条路的年龄大的跟小孩原来有条石板路现在修了条往青龙水库的路这条路就很近大家现在都走这条路希望政府能考虑下怎么处理下谢谢
"
		  【 咨询】邮政普遍服务补贴",邮政普遍服务补贴范围包括那些，具体内容是什么？请邮管局或者相关部门给予解答
"
		  【 咨询】新交规下超速扣分罚款问题",4月1日起，新交规小型轿车超速20%以下予以警告，不扣分。请问是否超速10%以上就会罚款？没有找到相关信息，请予以解答为谢。
"
		  【 投诉】中江县城西中学喇叭嘈音太大",感谢上级领导对我上次的反应及时回复，我这次想说的是周一周二和周四这位老师改变了，但是周三和周五这位老师依然声音很大，不但他早上训学生声音大，喇叭嘈音也是让人无法接受，老师教育学生必须要声高才教的出好学生吗？作为老师最基本的素养都没有怎么能教育好学生，这个学校的领导也不管事，社区反应调解数次，任然没有任何改变，校方还认为学校就该理所当然声音大，就不管老百姓受不受得了他的音量，在这里希望上级领导测量他们学校的音量分贝，还老百姓一个安宁的清晨，万分感谢！
"
		  【 投诉】恒大城36号楼车库漏水浸蚀墙体，重大安全隐患",投诉一、恒大城36号楼车库自交房开始车库便严重漏水，浸蚀墙体，倒灌电梯，业主多次投诉物业应付了事，不上部开挖重做防水，采用楼板底部引水，且处理效果极差形成水流近似小溪冲刷墙体，视频见附件！不仅防漏效果极差，而且渗水继续浸蚀墙体，影响业主生命财产安全。投诉二、豆腐渣工程，交房一年不到36号楼地下车库墙体开裂三处，望贵部门实地考察，监督其进行整改。投诉三、交房近2年开发商未办理大证导致业主无法办理房产证，严重影响业主小孩幼上学问题，尤其幼儿园！望相关部门引起重视，物业现在就是拖，拖过质保期，让业主承担后果！！！我们36栋不希望房子像湖南自建房一样垮塌，涉及民生、公共安全恳求重视！
"
		  【 咨询】乐山市现在是否可以养带合法标识的鹦鹉？",乐山市现在是否可以饲养确属人工繁育来源合法，依法加载专用标识的鹦鹉作为宠物饲养。
"
		  【 投诉】南部县政府老城改造一刀切，导致交通堵塞",南部县政府老城改造一刀切，同时施工振兴街 东风路 大南街，临近的整个片区全部封闭，导致民众想去医院等重要单位和设施只能步行。这些道路改造动辄半年，甚至振兴街改造了近一年都还未完成。
"
		  【 咨询】二江寺下穿隧道什么时候开工",王市长，你好二江寺下穿隧道什么时候动工，明天就是上次写的动工日期了，怎么今天一点动静都没有呢
"
		  【 求助】自住商品房成为危房",地址：荣县长山镇名苑街锦绣名苑时间：2020年事由：多次向社区，当地政府，反应此问题，没有得到结果。自住商品房，出现裂缝，现在裂缝越变越大，真担心哪一天就垮塌了。特写此贴为证！希望有关部分及领导能引起重视！
"
		  【 求助】关于通江县毛浴镇小河新建堤坝的第二次建议",尊敬的领导，感谢百忙中抽时间看我的建议。这是我整理后的第二次建议。通江县毛浴镇小河从来都是鱼类洄游繁殖的目的地，但新建的小堤坝完全阻断了河滩，大量鱼类不能穿越，都挤在一个小小的空间，这势必会影响鱼类的繁殖。如图所示，毛浴有两个堤坝，下面是从来就有的，留有涵洞，鱼类可以游上来，上面箭头所示就是新建小堤坝。希望能现场考察并整改，谢谢。
"
		  【 咨询】县属在编教师能否参加市内教师招聘考试",三台县的在编教师是否属于绵阳市事业单位人员？能否参加市内组织的教师事业单位招聘考试？
"
		  【 咨询】沈阳路西段南侧天府森林公园建设问题",
"
		  【 求助】我家厨房，厕所，何时不受楼上漏水困扰","尊敬的党领导政府，给你们添麻烦了，今天，我给你们政府反映我家住房城南未来上层3-8-6的厨房和厕所一直2021年7月漏水至今大大小小经过三次，到这次5月7日漏水至今，总共有100天左右，经12345反映，社区，街道办，物管，几大部门反映了，没有得到实 质性的处理,社区工作人员说每次3-9-6厨房厨房厕所维修好了，但是我们家厨房厕所依然受3-9-6厨房厕所漏水袭击，只要他家什么东西坏了漏水，我家就漏水，这种日子何时是个头啊？12345市长热线今天都给我们说是他们厨房厕所漏水事实，但没有一个实 质方案,几方到场解问题，我相信党和政府会给我们一个圆满的解决方案。"
"
		  【 求助】高新区吉泰二路锦宸护肤美容多项违法违规行为",3月7日晚上我去成都高新区吉泰二路峰汇中心楼下的锦宸护肤美容理发，之前有人推销他家的理发卡，说是30元3次，我就买了一张，去了以后是他们的一个美容部的小妹给洗的，洗的时候就给我说什么免费体验按摩，我说一会有事，下次再说，但是她一直说很快的就几分钟，没有极强烈的拒绝就去了。按的时候她给我说我的脖子上有很多扁平疣，在这之前我不知道什么是扁平疣，她就一直给我宣传扁平疣多么多么严重会传染会一直在身上扩撒，严重会致癌，就说得特别严重，我也问过她我这个东西是扁平疣吗？美容师就说我经常做这个，是专业人士，所以能一眼认出来是扁平疣，我就信了她说的我脖子上的是扁平疣，说我的不多，别人都是几百颗，我这就十几几十颗。然后她就说给我涂药分解一下扁平疣，我上衣脱了，她们就是说手不能动，会弄到什么地方，会传染。后来才想起来，这时候她给我涂的麻药，整个脸上没有知觉了。这时候没和我说价格，然后她就一直在给我上药。上完药之后点之前和我说小颗39，中颗188，大颗288，超大颗388，但是此时她没有说我身上有多少颗弄完全部的价格该是多少。之后用一种仪器给我点，感觉是那种头上是尖针，会加热的，点的时候有一种烧焦皮肤的味道，快点完的时候和我说把我脸上的痣一起点了，59一颗，我说不用了，她们一直说一起点了嘛，趁着有这个机会，于是就给我点了。做完之后我问价格，告诉我一共该5000多。那个时候我开始有点清醒了，说没带那么多钱就先付了3000。我当时也没想着说被套路怎么之类的，他们想让我买一瓶疤痕修复液，要588，我拿过来看了以下，只有几个英文字母，像是三无产品，她们说这是她们和有资质的生产厂家合作生产的，她们说这话我就很怀疑了。弄完之后我到网上查，才发现自己被套路欺诈消费了。很可能我脖子上的不是扁平疣，他们给我处理的就是一种鸡皮都可能。而且这种对皮肤有损伤的处理是属于医疗美容的项目，他还没有医美资质！然后我就回去找他了，让他拿出价目表我看看，问她们是不是告我做的扁平疣，开收据或者发票。有个小妹说，你们也别来闹事，我们能在这里开也是有关系的，我当时就气笑了，心里想现在是法治社会。后来换了一个自称店长的男的和我聊，说的挺好，我们是正规的，工商登记什么的都有，过了好久才拿过来一个营业执照，上边的地址还不是这家店，也不包括医疗美容，卫生许可证还只是照片，让他开发票，摆弄了一会说发到你邮箱，结果一个多星期都没有开。后期税务局电话说店家会联系我给我开，结果并没有人联系我。3月8日我因为害怕就挂了市一医院皮肤科去看一下是不是真的扁平疣，医生说他们给点了的地方看不出来了，但是看这样不太像，这种点痣操作弄不好会留疤。现在脸上已经有位置留疤了。医院出来我就打12315，12315建立工单之后分派到了高新区税务局、高新区教育和卫生局，这两个单位分别给我来电话了，高新区税务局说会催促他们办理税务登记，其他事情归市场监管局的职责范围；高新区教育和卫生局来电话说要市场监管局先去确定设备是不是医疗设备他们才能去执法，他们不太懂，不能确定属不属于医疗项目。然后我又再次拨打12315，市场监管局两次给我打电话要了对方的电话就没有下文了。12315上的信息显示3月24日成都市场监管局回复：将组织人员现场检查。到现在都没有人联系、告知我结果。根据媒体报道的类似事件、其他地区市场监管部门的解释说明，该店并不具备相关资质。我现在能确定的是：一、这家店给我的看的营业执照经营地址不正确，《中华人民共和国公司登记管理条例》第六十八条的规定，公司登记事项发生变更时，未依照本条例规定办理有关变更登记的，由公司登记机关责令限期登记；逾期不登记的，处以1万元以上10万元以下的罚款。二、给我做的项目（电灼点痣、点扁平疣）对皮肤有损伤、且留疤痕，依据卫生部办公厅于2009年印发的《医疗美容项目分级管理目录》，将美容皮肤科项目分为无创治疗项目和有创治疗项目两类。其中有创治疗项目又包括微创治疗项目和手术项目。根据其中定义：物理治疗：冷冻，电外科治疗（高频电治疗，电解，电灼治疗等），微波治疗，粉刺挤压，微针治疗，其他针对皮肤病损或缺陷的物理治疗。其进行的是医疗美容中的物理治疗，包括他给我看的营业执照明确写着不含医疗美容，据此其涉嫌超范围经营、非法行医。我的诉求是要求其给我退款3000元。
"
		  【 咨询】四川人工关节集采具体落地时间",领导，目前很多省份已落地国家第二批集采人工关节，理论上他们也应该按照国家文件执行的，请问我们省什么时候落地呢？谢谢！
"
		  【 求助】资阳市四川南骏汽车集团有公司不办理离职求助！",您好，领导，我是资阳四川南骏汽车集团有限公司一名员工，因个人原因，按劳动法提前30日的规定，于4月份提出了辞职，目前一个月时间了，公司仍不办理离职，多次与人力部门沟通，公司人事态度恶劣，不办理，漠视劳动法，严重影响了劳动人的生活与身心，已导致多名员工自行离职，请领导帮我们打工人讨一份公道，难道离职就那么难吗？
"
		  【 求助】培训机构不退费",2022年4月14日，通过朋友微信介绍，联系了四川学天乐企业管理咨询有限公司夹江分公司的销售周某，通过微信报名参加一级消防工程师培训，销售周娟推荐全程班8900元，是3个班次中最贵的，套餐和资料以及服务都是最好的，其中包含有私人助教，并且有导师24小时给我解答疑惑，销售称可以给我申请5折优惠，最终以4450元的价格成交，我当时以微信转账的方式，转给销售周某4450元，当天把收据拍照发给了我，然后销售发给我一个链接，叫我下载APP并注册，第二天15日下午销售告诉我课程已经开了，可以开始学习了，我就开始看了一会，不知道从哪里开始学，根本没有什么导师指点，更没有私人助教，销售简单告诉我在课程里面看视频，再刷题，后来我就下班了，第二天16.17周末有事就没有学习，周一18号开始正式学习，学了两天感觉教学质量太差，完全是把书本搬到视频里，知识点很多，又没有记忆方法，学得特别困难，也没有助教或者导师指点，20号的那天我跟销售提出不想学了，希望他们公司把学费退给我，经过多次沟通协商，销售都说开课了就不能退了，销售事先并没有告知我，开了课就不退费的说法，我们也没有签过合同，现在我希望对方退还培训费4450元，请政府帮忙解决这个难事
"
		  【 投诉】三圣乡片区三轮车混乱 小车乱停乱放 无红绿灯",三圣乡片区交通问题严重，一直没有得到重视和严肃处理，主要问题包括：1.三轮车猖獗 经常闯红灯 安全风险极大2.三圣乡所有道路 小车乱停乱放严重 根本没人管3.三圣乡片区道路缺道路摄像头 很多小车闯红灯4.椿树街牡丹街路口没有红绿灯 一直没人管龙泉大面已经开始全面整治取缔三轮车 锦江区能不能也上上心
"
		  【 投诉】恳请在家附近建立移动信号箱",尊敬的各位领导：很抱歉以这种方式来解决问题，我住在经开区兴文奇章东井村四组，经开区顾名思义经济开发区，但是我们现在已经成了一个二不管地带了，家里一位老人在家，一直想在家里拉网线安一个监控，过年后2月17号叫上了移动营业厅的人看了，说可以拉网线，但是会效果不好，移动营业厅多次跟兴文营业厅反映在我们家附近建立一个信号箱，但是兴文营业厅却要求有五户预约才能建立，就是因为兴文营业厅在我们这边不作为，从主公路一直到里面李家湾，一直都没有一个移动信号箱，所以全村的人都已经安了广电的网络，却要求我们预约五户以上才安，现在是网络时代，营业厅却以自己的利益为主，家中有老人应该怎么办？而且移动营业厅已经把我们的电话卡套餐的路由器网络已经做成功了，把之前的无限量流量变成了安监控以后，现在却因为信号箱的问题无法安装，恳请领导帮帮忙，管理一下经开区奇章吧！！
"
		  【 求助】拆迁过程中，老人去世，还能分到安置房吗？",尊敬的领导:您好！感谢您在百忙之中为我们排忧解难。我是龙泉驿区十陵街道来龙村的一名村民，因家有老人，年纪符合提前拆迁的要求就申请了拆迁。目前已经在审核了，我想问的是老人年纪大了，身体也不太好，在办理拆迁过程中，如果老人去世了，还能分到安置房吗？村里几个生产队都有拆迁，请问还有没有可供分配的安置房？村里有老人没有等到拆迁就离世了，我们很幸运有这样的机会，就是不知道能不能等得到。请领导帮我们问问还有没有未分完的安置房，我们将不胜感谢您的帮助！
"
		  【 求助】叙州区汽车压坏人行道的地面砖，雨天唧泥，晴天噪音",宜宾市叙州区大地坡龙源府邸游泳池门口的人行道，被设置为了停车场，汽车压坏了人行道上的地面砖，撞坏了人行道上的座椅和果皮箱。下雨天，行人在被汽车压坏的人行道上行走时，必须非常小心翼翼，否则一不小心踩到压坏的地砖，就会被溅起一身稀泥浆。不是下雨的天气，进出停车场的汽车来回碾压已破坏而未修复的人行道地面砖，发出吭哧吭哧吭哧的地砖撞击声，噪音扰民，影响周边居民休息。特别是中午和晚上，该停车场有大量汽车进出，还不停鸣笛，希望政府帮助协调相应商家合法经营，还老百姓一个相对舒适安静的生活环境。
"
		  【 投诉】渠县月季苑34、35单元安电梯乱规划",渠县月季苑34、35单元增设电梯的设计，严重影响了31、32单元业主的合法权益。安装电梯的公司与相关利益链的人以自己为红线，规划电梯横着安，本来狭窄的楼间，又横着来安一排电梯，我们吃饭、睡觉、休息别人一眼观尽，严重影响了我们的隐私和采光。月季苑已安装了电梯几十部，没有一部这样设计安装，我们楼栋表示坚决反对，坚决阻止这次侵害行为。我们已向相关职能部门提交了口头或书面材料申诉。至今没人和我们沟通，仍然随心所欲，来公示此安装设计。安电梯本是一项惠民政策，我们是大力支持，他们只顾自己的利益最大化，来伤害他人。这样的设计安装，侵害了我们的权利，根据《民法典》第二篇，《物权法》第六、七章的规定，我们坚决予以抵制，维护我们的合法权益，因此在公示期间特向渠县国土资源局提交申诉材料，表示异议。望尊敬的书记督促他们慎重审批相关手续，多听群众呼声，化解群众矛盾。谢谢！31、32单元业主附
"
		  【 投诉】邛崃凤求凰公园干涸",邛崃凤求凰公园水沟池塘干涸，尽快补水，这么漂亮的水植物要防止枯萎，从而影响城市美观。
"
		  【 咨询】新生儿上户口问题",我是农村户口，2017年底在温江购房，本科学历，能满足成都的落户要求，房贷和房产证都是我一个人的名字，我老婆是非成都的县城户口大专学历。有个问题想咨询下：我不落户到温江的情况下，我老婆和小孩能以房子的名义或者其他形式落户到温江吗？
"
		  【 求助】绵阳市三医院噪音问题何时才能解决",请绵阳市住建委回复，请绵阳市市委书记曹立军回复。绵阳三医院旁建设地下停车场，我能理解，从早上一直传播噪音到晚上我也能理解，但是现在是晚上两点半，仍然施工，我不知道现在政府部门还能不能为人民做事，解决人民问题，首先是我投诉过了，12345打过电话了，说施工处申请了夜间施工，绵阳市住建委屡次回复说会让施工处减少噪音，会解决此事，让我们多理解，我想问问，你们能理解我们吗？你知道每晚的噪音有多让人崩溃吗，人民的诉求很简单，就是睡个好觉，行吗？难吗？一个地下停车建设，就可以申请夜间施工，把周围居民的身心健康摆在哪里？这个施工处重要到都可以凌驾在人民需求之上了？我想问问绵阳市住建委，你们真的考察过了吗，你们凌晨两点半来考察过吗？你们没有，因为你们只知道让我们老百姓理解你们，你们不会真的在意这个问题，因为睡不好的不是你们，睡不好的是三医院的住院病人，睡不好的是周围的老百姓，而你们不在施工点附近，你们不会理解这种痛苦，也不会站在老百姓的角度去思考问题，如果你们这的思考了这个问题，还会批准夜间施工吗？还会让噪音问题迟迟得不到解决吗？你们在意的永远都是进度而不是人民的需求，我知道这个事情解决不了了，我也知道说了这么久也不能让你们引起重视，我现在根本不知道该怎么做才能让你们意识到这个问题，难道需要周边住户的万人书吗？上到省厅，中央，才能引起重视吗？还是说真的等到噪音问题让人心俱疲的周边居民健康每况越下才回重视吗？为什么这个问题迟迟不能解决，为什么每次回复都是不切中实质都是敷衍。我想问问绵阳市住建委，如果你们能够每天在施工点睡着，我们就能，如果你们不能，就不要己所不欲勿施于人，欺人太甚了。最后希望绵阳市住建委能够回复，直接告知能否晚上十二点后不在施工，让人民睡个好觉，请你们直接回复，如果你们直接回复说不行，那我也不用在这里寻求你们的帮助了。不要再打官腔，不要再说一切不解决问题的话。老百姓只想听实际的话。
"
		  【 投诉】夜啤酒占道经营，深夜扰民，谁之过？？？",安居经纬水岸高层桥头小炒夜啤（现更名为江湖菜夜啤）自开业以来一直占道经营，深夜扰民。食客喝酒划拳，大声喧哗狂叫至深夜两三点，令周围居民无法休息。投诉相关部门之后，接到电话问询，但执法部门仅仅是劝导，毫无效果，占道依旧，吵闹依旧，扰民依旧！！！！无有效得力措施！！请问领导，难道对这样的事情真的束手无策吗？？？夜啤酒可以肆无忌惮占道经营，深夜扰民到底是谁之过？？？
"
		  【 咨询】剑阁县普安镇鹤鸣村五组修路多久可以通户？",广元市剑阁县普安镇鹤鸣村5组修公路一直没有实现每家每户都通公路。现在水泥公路只是通村主干道，下雨还是很泥泞，近期会通到每一户吗？还是说就这样了？
"
		  【 投诉】大件路白家段二手车贩猖獗，占用道路",大件路白家段特别是往益新大道方向，步行通过时各种二手车贩在路边沿路叫喊，并且其将大量二手车占用非机动车道及人行道进行售卖，影响行人通过，增加交通事故概率。特别是成都新天地小区下的五菱销售及佳欣二手车两家，其停车已完全将人行道及部分非机动车道占用，严重影响行人通过。这种大量占用公共人行道及非机动车道停车售卖二手车的行为望及时处理。
"
		  【 咨询】合村后，被合的村落何去何从？",领导好，约一年前原崇州市崇阳镇高墩村和小罗村进行了合村，合村后统一更名为小罗村，现在市上在大力发展北溪湿地，虽然都叫小罗村但是原高墩村和小罗村还是有很长一段距离的，特别是对散落的村庄而言，所以感觉对被合村的来说，没有任何意义，此次咨询的目的主要想问三个事情，第一：希望政策在落地的时候雨露均沾，想知道原高墩村接下来的林盘规划，或者相应的规划政策，毕竟北溪湿地太远了，我们享受不到；第二：现在在推进天然气的安装工作，希望进度快一点，与此同时，反正都要埋管子，希望自来水的问题一起解决了；第三：殡仪馆什么时候能搬走，对于当地村民而言，制约我们村落发展的就是殡仪馆，眼看着各地川西林盘建设的如火如荼，我们却只能看着来往的送葬车辆和一成不变的村庄望洋兴叹！以上三个问的咨询，希望能逐一解惑！
"
		  【 咨询】关于购买社保的咨询",询问一下相关部门领导，父母为安岳农村户口，想要购买社保，年龄都偏大，父亲47，母亲48 ，咨询下买城乡居民社保和新农合有什么区别及要求，然后就是费用及领取年龄的问题，还有就是听朋友说之前是有政策可以一次性交齐15年社保，不知现在是否还有此项政策？
"
		  【 投诉】宜宾菜园沱长江大桥重车半夜畅行",宜宾菜园沱长江大桥禁行货车，但是货车半夜借一两点畅行无阻，严重影响市民正常休息。
