title,href,article
[资阳]咨询：乐至龙门镇农村改厕补贴还没到账，何时发,https://ly.scol.com.cn/thread?tid=2964055,
[广安]咨询：办理身份证快四个月还没下发，到底啥原因,https://ly.scol.com.cn/thread?tid=2964048,
[广元]投诉：青川县乡镇快递二次收费，反映多次没解决,https://ly.scol.com.cn/thread?tid=2964044,
[成都]投诉：购房发票与备案面积不符，不能缴税该咋办,https://ly.scol.com.cn/thread?tid=2963682,
[绵阳]建言：满地都是垃圾，酒店旁垃圾桶的垃圾请清理,https://ly.scol.com.cn/thread?tid=2963648,
[成都]投诉：路面坑洼大车过路太吵，能否实行限货政策,https://ly.scol.com.cn/thread?tid=2963681,
[资阳]咨询:安岳超龄小孩读小学的未就读证明如何开具？,https://ly.scol.com.cn/thread?tid=2963439,
[遂宁]求助：噪音、违停 河东二期任家渡城市管理需改进,https://ly.scol.com.cn/thread?tid=2963431,
[南充]咨询：路亚是否属禁钓渔具？1个鱼钩假饵行吗？,https://ly.scol.com.cn/thread?tid=2963370,
[广元]咨询：k11和k30双向对发 为何等1.5小时才来？,https://ly.scol.com.cn/thread?tid=2963358,
[泸州]投诉：机场有人虚假宣传 冒充工作人员引诱办卡,https://ly.scol.com.cn/thread?tid=2963355,
[绵阳]求助：买了房暂未迁户，小孩是否可以就近读书？,https://ly.scol.com.cn/thread?tid=2963246,
[成都]投诉：应为小区停车场入口，现堆放大量建渣咋整,https://ly.scol.com.cn/thread?tid=2963237,
[德阳]求助：艾贝尔幼儿园欠缴离职老师保险，我该咋办,https://ly.scol.com.cn/thread?tid=2962983,
[泸州]投诉：滴滴未获得经营许可，为何还能继续营运？,https://ly.scol.com.cn/thread?tid=2962975,
[天府新区]投诉：万科公园都会地下室存在公共安全隐患,https://ly.scol.com.cn/thread?tid=2962965,
[成都]投诉：简阳沱江河石桥电站禁鱼期非法垂钓该谁管,https://ly.scol.com.cn/thread?tid=2962934,
[达州]投诉：渠县月季苑小区安装电梯乱规划，应该改正,https://ly.scol.com.cn/thread?tid=2963032,
[成都]投诉：成都微创医院乱收费诱导患者消费，该谁管,https://ly.scol.com.cn/thread?tid=2962589,
[资阳]求助：安岳县天马乡农村户户通公路何时能建成？,https://ly.scol.com.cn/thread?tid=2962584,
[德阳]投诉：广汉金领云庭私接乱搭电线，存在严重隐患,https://ly.scol.com.cn/thread?tid=2962557,
[省直]咨询：自然人承揽家庭普通装修业务需要备案吗？,https://ly.scol.com.cn/thread?tid=2962499,
[广安]投诉：中梁西溪首府问题多 开发商不整改违规交房,https://ly.scol.com.cn/thread?tid=2962487,
[省直]咨询：灵活就业人员医疗保险无法缴纳，该咋办,https://ly.scol.com.cn/thread?tid=2961603,
[绵阳]投诉：修路改造，小区被拆水井盖压坏，谁来管？,https://ly.scol.com.cn/thread?tid=2961625,
[成都]投诉：小区内哈罗单车随意骑进来，占用停车区,https://ly.scol.com.cn/thread?tid=2961619,
[成都]求助：简阳川拖社区绛溪河大桥下的路何时能修好,https://ly.scol.com.cn/thread?tid=2961139,
[成都]咨询：线上公益课直播卖课是合规？到底该谁监管,https://ly.scol.com.cn/thread?tid=2961149,
[南充]咨询：阆中河溪街道会否拆迁，能否翻修老宅？,https://ly.scol.com.cn/thread?tid=2961060,
[成都]建言：车辆发热，地板滚烫，崇州302公交太老旧,https://ly.scol.com.cn/thread?tid=2961058,
[绵阳]投诉：安全隐患！涪城区丰谷镇路口没有安装路灯,https://ly.scol.com.cn/thread?tid=2960786,
[天府新区]咨询：沈阳路南侧，大片土地规划用途是什么,https://ly.scol.com.cn/thread?tid=2960618,
[宜宾]咨询：江安到纳溪大渡口何时开通公交，票价多少,https://ly.scol.com.cn/thread?tid=2960616,
[凉山]投诉：购买机票并无优惠，机场内卖航空卡谁管管,https://ly.scol.com.cn/thread?tid=2960612,
[成都]投诉：武侯政务中心不能预约取号，办事太不方便,https://ly.scol.com.cn/thread?tid=2960307,
[自贡]投诉：贡井区贡山一号小区电梯及外墙砖存在隐患,https://ly.scol.com.cn/thread?tid=2960329,
[成都]咨询：个人医疗账户有余额，为何刷卡时显示为0,https://ly.scol.com.cn/thread?tid=2960304,
[遂宁]咨询：超龄儿童小学一年级未就读证明，找哪里开,https://ly.scol.com.cn/thread?tid=2960405,
[成都]求助：咋回事？微法院上申请立案，一直未见回复,https://ly.scol.com.cn/thread?tid=2960370,
[成都]建言：改善难！纳税超20年能否适度调整购房政策,https://ly.scol.com.cn/thread?tid=2965246,
[南充]求助：临近高考身份证丢失，能否开通绿色通道？,https://ly.scol.com.cn/thread?tid=2965239,
[省级]求助:华西专家号在开始约号时间前就满了 咋回事？,https://ly.scol.com.cn/thread?tid=2964959,
[成都]咨询：成都房屋可互易吗？条件和交税情况如何？,https://ly.scol.com.cn/thread?tid=2964927,
[乐山]投诉:峨眉山市人民医院下面茶楼半夜麻将噪音扰民 ,https://ly.scol.com.cn/thread?tid=2964936,
[德阳]求助：广汉新欧鹏哈佛公馆至今不能办理水电卡,https://ly.scol.com.cn/thread?tid=2964913,
[成都]投诉：郫都橡树湾伟才幼儿园伙食质量日益下降,https://ly.scol.com.cn/thread?tid=2964874,
[成都]建言：公积金夫妻上限70万元，能否适当提高额度,https://ly.scol.com.cn/thread?tid=2964741,
[广元]求助：要工资老板说要扣临时厨师工钱，合理吗,https://ly.scol.com.cn/thread?tid=2964778,
[成都]求助：微信知苗易约黄牛太多，九价疫苗预约难,https://ly.scol.com.cn/thread?tid=2964532,
[绵阳]建言：江油巴登对面这条街的树枝应该修剪一下了,https://ly.scol.com.cn/thread?tid=2964496,
[德阳]投诉：污水未处理却收每吨0.85元的处理费合理吗,https://ly.scol.com.cn/thread?tid=2964504,
[成都]投诉：玺龙湾架空层玻璃爆裂，存在极大安全隐患,https://ly.scol.com.cn/thread?tid=2964485,
[遂宁]投诉：夜啤酒占道经营，深夜噪音扰民，该谁管？,https://ly.scol.com.cn/thread?tid=2964484,
[成都]求助：小区外墙空鼓大面积脱落，物业一直不处理,https://ly.scol.com.cn/thread?tid=2964340,
[内江]投诉：烂了十几年下雨全稀泥，球马路何时能修复,https://ly.scol.com.cn/thread?tid=2964349,
[成都]咨询：户主是父亲，岳母能迁户到我家户口下吗？,https://ly.scol.com.cn/thread?tid=2964331,
[宜宾]感谢：社保卡参保地未知致用不起 问题已高效解决,https://ly.scol.com.cn/thread?tid=2964035,
[绵阳]求助：拖欠工资，安州塔水治理污水的工钱何时结,https://ly.scol.com.cn/thread?tid=2964105,
[成都]投诉：温江区光华公园碧落湖捕捞垂钓鱼类该谁管,https://ly.scol.com.cn/thread?tid=2964096,
[德阳]咨询：中江县太安镇玉华村一社水泥路何时才修？,https://ly.scol.com.cn/thread?tid=2954700,
[绵阳]建言：江油瑞丰远东城十字路口红绿灯故障应检修,https://ly.scol.com.cn/thread?tid=2954681,
[泸州]投诉：江阳区一网络主播夜间公共场所噪音太扰民,https://ly.scol.com.cn/thread?tid=2954679,
[德阳]建言：绵竹体育馆网球场室外场地老化，应该翻修,https://ly.scol.com.cn/thread?tid=2954624,
[泸州]投诉：楼下猪肉店超市噪音大，影响孩子休息学习,https://ly.scol.com.cn/thread?tid=2954517,
[成都]投诉：小区停车两年没排到车位，能否清理僵尸车,https://ly.scol.com.cn/thread?tid=2954135,
[南充]建言：出行不便，可否线上实行异地解除车辆抵押,https://ly.scol.com.cn/thread?tid=2954113,
[内江]求助：“水+泥巴”路？帽角山村何时实现村村通,https://ly.scol.com.cn/thread?tid=2954142,
[成都]建言：hpv疫苗黄牛太多，建议实行线上人脸预约,https://ly.scol.com.cn/thread?tid=2953865,
[省直]咨询：很多省已落实，四川人工关节集采何时落地,https://ly.scol.com.cn/thread?tid=2953938,
[绵阳]咨询：新交规恢复驾照驾龄是否恢复，需要啥手续,https://ly.scol.com.cn/thread?tid=2953928,
[省级]咨询：新交规施行，超速10%以上是否就会罚款？,https://ly.scol.com.cn/thread?tid=2953781,
[天府新区]咨询：住户增多，沈阳路天府森林公园何时建,https://ly.scol.com.cn/thread?tid=2953808,
[成都]咨询：农村职业经理人在合作社上班，有无补贴？,https://ly.scol.com.cn/thread?tid=2953802,
[巴中]建言：东井村四组移动信号差，能否安装信号箱？,https://ly.scol.com.cn/thread?tid=2953527,
[南充]咨询：仪陇县日兴镇自来水入户收费4380元合理吗,https://ly.scol.com.cn/thread?tid=2953506,
[德阳]建言：向阳镇什邡路口交通事故频发，应增设天桥,https://ly.scol.com.cn/thread?tid=2953531,
[自贡]投诉：连续发生事故，富顺长滩镇的井盖该谁管？,https://ly.scol.com.cn/thread?tid=2953194,
[乐山]咨询：夹江化粪池补贴两年没收到，到底找谁要？,https://ly.scol.com.cn/thread?tid=2953207,
[德阳]投诉：中江城西中学喇叭噪音大，周围群众有意见,https://ly.scol.com.cn/thread?tid=2953184,
[成都]咨询:成都能养带标识的小太阳鹦鹉吗？办啥手续,https://ly.scol.com.cn/thread?tid=2966591,
[成都]投诉：蒲江县西来镇多家超市售卖假烟 希望成查处,https://ly.scol.com.cn/thread?tid=2966586,
[绵阳]咨询：绵阳市是否有类似“蓉惠宝”的医疗保险？,https://ly.scol.com.cn/thread?tid=2966605,
[泸州]咨询：户口农转非有补贴吗？有的话能补贴多少？,https://ly.scol.com.cn/thread?tid=2965961,
[省直]求助：消防工程师培训质量差，4450元学费能否退,https://ly.scol.com.cn/thread?tid=2965964,
[宜宾]咨询：未拆迁证明如何办理？要何证件在哪里办理,https://ly.scol.com.cn/thread?tid=2965902,
[成都]求助：合理吗？通风处设置天井，旁边有厨房锅炉,https://ly.scol.com.cn/thread?tid=2965968,
[自贡]求助：荣县长山镇名苑街锦绣名苑成危房，该谁管,https://ly.scol.com.cn/thread?tid=2965779,
[成都]投诉：双流大件路白家段二手车贩占道卖车该谁管,https://ly.scol.com.cn/thread?tid=2965769,
[成都]投诉：果堰路夜宵店噪音严重，周围居民有意见！,https://ly.scol.com.cn/thread?tid=2965757,
[成都]投诉：无证经营驾校每年招收几百学员，违规获利,https://ly.scol.com.cn/thread?tid=2965691,
[成都]咨询：跨省异地门诊特殊疾病，本地还是异地办理,https://ly.scol.com.cn/thread?tid=2965575,
[宜宾]投诉：老火车站旁下雨内涝漫公路，车辆行人不便,https://ly.scol.com.cn/thread?tid=2965563,
[成都]投诉：住宅楼内非法开设加工厂，噪音扰民无休止,https://ly.scol.com.cn/thread?tid=2965550,
[广元]咨询：剑阁普安镇鹤鸣村五组，修路何时可通户？,https://ly.scol.com.cn/thread?tid=2965553,
[遂宁]投诉：金华镇酒吧超范围经营KTV，深夜噪音扰民,https://ly.scol.com.cn/thread?tid=2965393,
[资阳]投诉：松涛镇五显村安置房大型运输车辆乱停乱放,https://ly.scol.com.cn/thread?tid=2965392,
[绵阳]咨询：县属在编教师能否参加市内教师招聘考试,https://ly.scol.com.cn/thread?tid=2965353,
[德阳]投诉：中江小东街夜市水果摊占道乱象，该谁管？,https://ly.scol.com.cn/thread?tid=2965328,
[达州]投诉：规划电梯横着安，谁来保障相邻业主的隐私,https://ly.scol.com.cn/thread?tid=2965247,
[成都]咨询：望丛天府文化产业园这块空地何时才开工？,https://ly.scol.com.cn/thread?tid=2967584,
[成都]咨询：剑南大道长顺路口下穿隧道什么时候动工？,https://ly.scol.com.cn/thread?tid=2967576,
[巴中]咨询:农村客运车是否有燃油补贴？是否发到账户？,https://ly.scol.com.cn/thread?tid=2967575,
[泸州]投诉：学院中路与香园路交汇处鸟叫扰民 无法入睡,https://ly.scol.com.cn/thread?tid=2967565,
[自贡]咨询：邮政普遍服务补贴范围包括哪些 内容是啥？,https://ly.scol.com.cn/thread?tid=2967456,
[成都]投诉：三轮车混乱小车乱停、无红绿灯，能否治治,https://ly.scol.com.cn/thread?tid=2967444,
[资阳]咨询：农村户口年龄偏大，能否一次性交15年社保,https://ly.scol.com.cn/thread?tid=2967399,
[遂宁]求助：楼上漏水我家漏！厨房厕所何时不受上层扰,https://ly.scol.com.cn/thread?tid=2967401,
[成都]咨询：二江寺下穿隧道何时动工？明天是否开工期,https://ly.scol.com.cn/thread?tid=2967431,
[遂宁]投诉：安居经纬水岸高层桥头夜啤酒扰民 占道经营,https://ly.scol.com.cn/thread?tid=2967023,
[宜宾]建言：成中大厦门口“转盘”成“堵点” 建议拆除,https://ly.scol.com.cn/thread?tid=2967028,
[成都]投诉：成都东站黑出租拉客绕路辱骂乘客应该打击,https://ly.scol.com.cn/thread?tid=2967041,
[成都]投诉：保利狮子湖周围车辆乱停乱放，到底该谁管,https://ly.scol.com.cn/thread?tid=2967092,
[成都]投诉：彭州明信仕林悦府车位购买发票开错不重开,https://ly.scol.com.cn/thread?tid=2966946,
[成都]投诉：迎晖路段夜间重型货车通行，噪音严重扰民,https://ly.scol.com.cn/thread?tid=2966802,
[资阳]求助：离职难！提前一个月报公司仍不办理离职,https://ly.scol.com.cn/thread?tid=2966812,
[成都]投诉：免费体验按摩，却治疗起扁平疣要花5000元,https://ly.scol.com.cn/thread?tid=2966801,
[宜宾]投诉：菜园沱长江大桥重车半夜通行噪音大太扰民,https://ly.scol.com.cn/thread?tid=2966587,
[泸州]求助：恒大城车库漏水浸蚀墙体，存重大安全隐患,https://ly.scol.com.cn/thread?tid=2966572,
[自贡]建言:大安区高坎村4组5组泥巴路通行不便 请硬化,https://ly.scol.com.cn/thread?tid=2966601,
[巴中]求助：新建小堤坝阻断河滩，鱼儿不能穿越繁殖难,https://ly.scol.com.cn/thread?tid=2960402,
[成都]投诉：楼盘腰线宽度达一点几米，遮挡阳光合理吗,https://ly.scol.com.cn/thread?tid=2960404,
[泸州]咨询：乡村公路硬化，占用村民农作物是否有赔偿,https://ly.scol.com.cn/thread?tid=2960175,
[成都]咨询：房主不落户本地，家人能以房子名义落户吗,https://ly.scol.com.cn/thread?tid=2960180,
[巴中]咨询：2岁时曾改过名，成年后为何不能再改名？,https://ly.scol.com.cn/thread?tid=2959956,
[成都]投诉：西郡英华二期南门外篮球场晚上太吵太扰民,https://ly.scol.com.cn/thread?tid=2959875,
[绵阳]咨询：西南财大天府学院大学生就业补贴何时发？,https://ly.scol.com.cn/thread?tid=2959860,
[成都]咨询：配套差，影响当地村落发展的殡仪馆何时搬,https://ly.scol.com.cn/thread?tid=2959967,
[南充]投诉：南部县政府老城改造缺规划，导致交通堵塞,https://ly.scol.com.cn/thread?tid=2959832,
[成都]咨询：五环路什么时候完工 青白江清泉是否有出口,https://ly.scol.com.cn/thread?tid=2959463,
[省级]咨询:挥发性有机物TVOC排放标准值多少为超标？,https://ly.scol.com.cn/thread?tid=2959451,
[绵阳]建言：出门不方便 建议安州区适当投放共享单车,https://ly.scol.com.cn/thread?tid=2959461,
[乐山]咨询：想养宠物，能饲养人工繁育有标识的鹦鹉吗,https://ly.scol.com.cn/thread?tid=2959467,
[绵阳]咨询：买顶楼已赠送楼顶部分面积，可否进行搭建,https://ly.scol.com.cn/thread?tid=2959489,
[成都]投诉：苦恼！K4线公交车行驶缓慢发车时间不准时,https://ly.scol.com.cn/thread?tid=2959430,
[眉山]投诉：餐饮店占道经营，吃夜宵全坐外面噪音扰民,https://ly.scol.com.cn/thread?tid=2959458,
[成都]求助：拆迁过程中老人去世，还能分到安置房吗？,https://ly.scol.com.cn/thread?tid=2959304,
[宜宾]求助：汽车压坏人行道地面砖，雨天溅泥晴天噪音,https://ly.scol.com.cn/thread?tid=2959302,
[成都]建言：邛崃凤求凰公园水沟池塘干涸，应尽快补水,https://ly.scol.com.cn/thread?tid=2959023,
[南充]咨询：阆中河溪镇到洪山镇道路高低不平影响出行,https://ly.scol.com.cn/thread?tid=2958899,
[成都]建言：车流量大人车混乱，陆坝社区能否新增桥梁,https://ly.scol.com.cn/thread?tid=2956158,
[遂宁]投诉：未来上层小区消防通道堵塞，私拉乱接飞线,https://ly.scol.com.cn/thread?tid=2955929,
[广安]投诉：广告公司气味太大，影响周围居民身体健康,https://ly.scol.com.cn/thread?tid=2955911,
[绵阳]求助：影响休息！市三医院噪音问题何时才能解决,https://ly.scol.com.cn/thread?tid=2955912,
[广安]求助：武胜县赛马镇公交车太难等，群众出行不便,https://ly.scol.com.cn/thread?tid=2955852,
[成都]投诉：烟雾警报器异常声响存隐患，这问题该谁管,https://ly.scol.com.cn/thread?tid=2955908,
[成都]建言：私密性差，请给杜鹃公园的公厕搭个顶棚吧,https://ly.scol.com.cn/thread?tid=2955891,
[南充]咨询：临江中央公园何时开工建设？目前进度如何,https://ly.scol.com.cn/thread?tid=2955762,
[成都]投诉：老小区晚上11点关门，2元/人开门费合理吗,https://ly.scol.com.cn/thread?tid=2955751,
[攀枝花]求助：连接处每天来往车辆多，路面损坏出行难,https://ly.scol.com.cn/thread?tid=2955757,
[成都]求助：企业宣布关闭工资和社保没有支付，该咋办,https://ly.scol.com.cn/thread?tid=2955494,
[成都]咨询：二圈层区域的学生公交卡什么时候能开通？,https://ly.scol.com.cn/thread?tid=2955524,
[成都]求助：网上只能查询，温江客运何时可网上购票？,https://ly.scol.com.cn/thread?tid=2955356,
[广安]求助：武胜啥医院可接种HPV疫苗？可否网上预约,https://ly.scol.com.cn/thread?tid=2955358,
[成都]咨询：简阳印山公园还建吗？什么时候开工建设？,https://ly.scol.com.cn/thread?tid=2955369,
[绵阳]投诉：买房12年何时能领产权证？多余款项啥时退,https://ly.scol.com.cn/thread?tid=2955349,
[成都]投诉：融城云熙黑旅店违规经营，小区业主意见大,https://ly.scol.com.cn/thread?tid=2955088,
[南充]投诉：南部水景湾小区楼顶搭建铁皮房何时能处理,https://ly.scol.com.cn/thread?tid=2955084,
[泸州]投诉：泸县牛滩近期天天停水，群众生活太不方便,https://ly.scol.com.cn/thread?tid=2955018,
[成都]咨询：生活不便，姐儿堰社区何时配建惠民菜市？,https://ly.scol.com.cn/thread?tid=2954736,
[内江]求助：资中一大树树枝存压断高压线风险，该谁管,https://ly.scol.com.cn/thread?tid=2945709,
[乐山]投诉：世豪金街夜市允许小贩摆摊 影响租铺人生意,https://ly.scol.com.cn/thread?tid=2945471,
[成都]投诉：崇州观澜云邸大门前电线杆迁移 还未动工,https://ly.scol.com.cn/thread?tid=2945424,
[攀枝花]咨询：无法接受部分特殊工种不再办理提前退休,https://ly.scol.com.cn/thread?tid=2945452,
[遂宁]投诉：江山原筑8栋3单元顶楼封闭消防通道存隐患,https://ly.scol.com.cn/thread?tid=2945446,
[泸州]咨询：泸县寿尊村长期停气 是否改接其他管道？,https://ly.scol.com.cn/thread?tid=2945482,
[绵阳]投诉：界牌镇祥和小区水压低 水里很多泥沙和杂物,https://ly.scol.com.cn/thread?tid=2945489,
[达州]建议：西外莲湖一小旁路口压线抓拍不合理应取消,https://ly.scol.com.cn/thread?tid=2945124,
[德阳]建议：绵竹孝德镇清华社区内涝，应该优化管网！,https://ly.scol.com.cn/thread?tid=2945126,
[成都]求助：医保电子凭证参保地咋变更，必须去大厅吗,https://ly.scol.com.cn/thread?tid=2944931,
[德阳]求助：居住地点内涝已经长达5年，何时能解决？,https://ly.scol.com.cn/thread?tid=2944927,
[自贡]咨询：乐德镇柑子村，组与组之间的道路能否硬化,https://ly.scol.com.cn/thread?tid=2944924,
[成都]咨询：户口在拆迁地，夫妻离婚后能否也享有补偿,https://ly.scol.com.cn/thread?tid=2944923,
[省直]咨询：毕业生时间紧，教师招聘考试能否4月举行,https://ly.scol.com.cn/thread?tid=2944920,
[成都]咨询：三河场地铁A口电瓶车收费停车场是否合法,https://ly.scol.com.cn/thread?tid=2944760,
[乐山]建议：噪音油烟大卫生差，世豪金街夜市应取消,https://ly.scol.com.cn/thread?tid=2944745,
[成都]建议：方便通行，石牛公园前门应修一座人行便桥,https://ly.scol.com.cn/thread?tid=2944717,
[成都]建议：高新区一电桩倾斜威胁路人安全应尽快处置,https://ly.scol.com.cn/thread?tid=2944354,
[南充]投诉：晶晶幼儿园建设长期噪音扰民，群众有意见,https://ly.scol.com.cn/thread?tid=2944329,
[广元]咨询：占用路边公共资源设置收费停车场合理吗？,https://ly.scol.com.cn/thread?tid=2944334,
[资阳]咨询：小孩成都读幼儿园，能回老家上一年级吗？,https://ly.scol.com.cn/thread?tid=2959142,
[成都]投诉：市妇女儿童医院网上预约挂号无法网上退费,https://ly.scol.com.cn/thread?tid=2958902,
[省直]投诉：康定车站康定到成都大巴车费与车型不一致,https://ly.scol.com.cn/thread?tid=2958832,
[成都]投诉：物业拒绝非合作单位进场施工，是否合理？,https://ly.scol.com.cn/thread?tid=2959151,
[内江]咨询：农村宅基地能否有偿退出，具体应该咋申请,https://ly.scol.com.cn/thread?tid=2958886,
[成都]求助：同一学区户口平迁后，小孩落户时间怎么算,https://ly.scol.com.cn/thread?tid=2958889,
[德阳]求助：广汉娃外省学籍是否可回广参加小升初考,https://ly.scol.com.cn/thread?tid=2959110,
[绵阳]建言：商业广场改成停车场，侵害业主利益咋办,https://ly.scol.com.cn/thread?tid=2959115,
[德阳]投诉：罗江汉江新材料公司违反劳动法 强迫加班,https://ly.scol.com.cn/thread?tid=2958379,
[达州]投诉：超限运输车辆经过凌家桥 存在安全隐患(图),https://ly.scol.com.cn/thread?tid=2958395,
[广安]咨询：借几万元养了10头黄牛 有没有相关补贴？,https://ly.scol.com.cn/thread?tid=2958431,
[成都]建言：石板滩街道木兰片区大量安装减速带不合理,https://ly.scol.com.cn/thread?tid=2958426,
[达州]求助：通川区佰分佰音乐餐吧长期拖欠员工工资,https://ly.scol.com.cn/thread?tid=2958438,
[成都]投诉：金牛区地铁口非法运营三轮车乱象该谁管？,https://ly.scol.com.cn/thread?tid=2958465,
[成都]咨询：五六月份是否能举办婚宴，应该如何报备？,https://ly.scol.com.cn/thread?tid=2958259,
[内江]投诉：顶楼业主私自封闭楼顶逃生通道，谁能管管,https://ly.scol.com.cn/thread?tid=2958264,
[成都]投诉：小区私装道闸禁止附近居民车通过，合理吗,https://ly.scol.com.cn/thread?tid=2958278,
[绵阳]咨询：三台县新德镇统一换电表 标准是190元吗？,https://ly.scol.com.cn/thread?tid=2958091,
[泸州]咨询：目前生三胎报销比列太少 是否还有其他补助 ,https://ly.scol.com.cn/thread?tid=2958072,
[巴中]投诉：课后服务费标准 收取每天7元以上是否合理,https://ly.scol.com.cn/thread?tid=2958085,
[内江]投诉：隆昌西怡苑小区违规住改商 扰民且不安全,https://ly.scol.com.cn/thread?tid=2949940,
[成都]投诉：30厘米长风筝，能否带入怡心湖公园游玩？,https://ly.scol.com.cn/thread?tid=2949855,
[眉山]咨询：仁寿县清水镇五里村原新店村，是否会拆迁,https://ly.scol.com.cn/thread?tid=2949840,
[乐山]咨询：农村户口买房，购房补贴何时才能发放到手,https://ly.scol.com.cn/thread?tid=2949850,
[成都]投诉：燃气公司抄表错误导致误欠费七百多该咋办,https://ly.scol.com.cn/thread?tid=2949559,
[达州]咨询：出行不便！通江唱歌镇八村入户路何时硬化,https://ly.scol.com.cn/thread?tid=2949580,
[成都]投诉：无法还车客服联系不上，骑福出行恶意收费,https://ly.scol.com.cn/thread?tid=2949627,
[成都]咨询：开发商将地下室未售车位安装地锁是否侵权,https://ly.scol.com.cn/thread?tid=2949531,
[达州]投诉：通川有人发放小卡片拉诱骗消费者免费美容,https://ly.scol.com.cn/thread?tid=2949511,
[成都]投诉：双流金湾美湖二期便民菜市烧烤摊油烟扰民,https://ly.scol.com.cn/thread?tid=2949270,
[成都]投诉：合理吗？无法准时就医，24小时内不能退号,https://ly.scol.com.cn/thread?tid=2949116,
[达州]咨询：农村房屋倒塌，日后再建房是否有补偿政策,https://ly.scol.com.cn/thread?tid=2949093,
[成都]求助：涉及孩子上学，租房备案提示错误请快处理,https://ly.scol.com.cn/thread?tid=2949092,
[绵阳]求助：电梯里积水半人高，物业开发商能否改彻底,https://ly.scol.com.cn/thread?tid=2949100,
[阿坝]求助：汶川申请安装新能源充电桩，业委会不同意,https://ly.scol.com.cn/thread?tid=2948944,
[成都]投诉：华阳极兔速递华阳老城区网点擅自大量退件,https://ly.scol.com.cn/thread?tid=2948934,
[资阳]投诉：雁江区沱三桥北公交站一个站点，两个站台,https://ly.scol.com.cn/thread?tid=2948972,
[泸州]投诉：井盖噪音光治标不治本，持续扰民意见大,https://ly.scol.com.cn/thread?tid=2948962,
[成都]投诉：一楼业主安装监控，侵犯楼上业主隐私权,https://ly.scol.com.cn/thread?tid=2948738,
[德阳]咨询：绕城高速何时开工建设？业主单位是谁？,https://ly.scol.com.cn/thread?tid=2948739,
[成都]咨询：出行不便，绕城高速跨线桥何时才维修结束,https://ly.scol.com.cn/thread?tid=2951436,
[德阳]投诉：旌阳区一业主占公共区域搞违建，要求拆除,https://ly.scol.com.cn/thread?tid=2951132,
[眉山]求助：不交钱就不解绑？仁寿华兴中学做法合适吗,https://ly.scol.com.cn/thread?tid=2951140,
[绵阳]建言：将教育园区南实后面的山林改造为教育公园,https://ly.scol.com.cn/thread?tid=2951098,
[成都]投诉：20多分钟来一趟，公交44路让乘客等太久,https://ly.scol.com.cn/thread?tid=2950766,
[南充]投诉：营山县清源乡白井村公路防护栏何时安装？,https://ly.scol.com.cn/thread?tid=2950749,
[成都]建议：成洛大道早高峰拥堵，能否进行针对性整治,https://ly.scol.com.cn/thread?tid=2950375,
[省直]咨询：教招和英语专业八级考试重合吗？能否调整,https://ly.scol.com.cn/thread?tid=2950366,
[泸州]投诉：汇通超市购买到发霉变质食品，却不予处理,https://ly.scol.com.cn/thread?tid=2950325,
[乐山]投诉：小区业主挖鱼池存在安全隐患，到底该谁管,https://ly.scol.com.cn/thread?tid=2950309,
[德阳]建言：建议成德s11市域铁路增加天津路站,https://ly.scol.com.cn/thread?tid=2950181,
[成都]投诉：速8酒店遇事推诿 以无房间为由拒绝换房,https://ly.scol.com.cn/thread?tid=2950142,
[省级]咨询：成绵复线互通站有哪些？青白江段是否收费,https://ly.scol.com.cn/thread?tid=2950168,
[成都]建言：希望在绕城高速路中央绿化带安装高杆路灯,https://ly.scol.com.cn/thread?tid=2950153,
[泸州]咨询：泸州云龙机场购买的vip卡如何办理退款？,https://ly.scol.com.cn/thread?tid=2950118,
[乐山]投诉：犍为怡润溪镇物管费与网上公示标准不一致,https://ly.scol.com.cn/thread?tid=2949894,
[省级]求助：17日已报名成功二建 现在初审还在审核中,https://ly.scol.com.cn/thread?tid=2949915,
[泸州]咨询：泸州煤矿井下特殊工种在成都办理退休事宜,https://ly.scol.com.cn/thread?tid=2949924,
[成都]投诉：温江佳年华路边乱建停车收费匝道占人行道,https://ly.scol.com.cn/thread?tid=2949935,
[成都]求助：域高建筑工程有限公司拖欠员工工资三个月,https://ly.scol.com.cn/thread?tid=2949939,
[成都]建言：公交车能否装追踪装置，方便乘客规划行程,https://ly.scol.com.cn/thread?tid=2958102,
[宜宾]求助：南溪黄沙镇田兴村村公路部分路面没有硬化,https://ly.scol.com.cn/thread?tid=2958104,
[达州]投诉：渠县垃圾中转站邻近学校，整条街臭气熏天,https://ly.scol.com.cn/thread?tid=2958048,
[绵阳]投诉：物业收益有无业主部分？从不公布账目咋办,https://ly.scol.com.cn/thread?tid=2957928,
[省直]咨询：20天男士陪产护理假，包括法定节假日吗？,https://ly.scol.com.cn/thread?tid=2957916,
[成都]咨询：罐子气灶不安全！红光宋家林何时通天然气,https://ly.scol.com.cn/thread?tid=2957919,
[凉山]投诉：老海亭安置小区15年未办房产手续 各种推脱,https://ly.scol.com.cn/thread?tid=2957682,
[成都]咨询：二胎有哪些补贴政策？教育方面有支持吗？,https://ly.scol.com.cn/thread?tid=2957740,
[德阳]建言：香江华府周边环境脏乱差  请及时有效治理,https://ly.scol.com.cn/thread?tid=2957748,
[遂宁]咨询：可善挺用药医保能报销吗？需要什么条件？,https://ly.scol.com.cn/thread?tid=2957758,
[内江]求助：电工证不让年审 回复称需要重考 太不合理,https://ly.scol.com.cn/thread?tid=2957734,
[巴中]投诉：巴州区枣林镇货车噪音扰民周边群众意见大,https://ly.scol.com.cn/thread?tid=2957746,
[成都]求助：微创医院夸大病情过度治疗 故意诱导高消费 ,https://ly.scol.com.cn/thread?tid=2957304,
[成都]建言：将成青路改造为快速路 开通BRT快速公交车,https://ly.scol.com.cn/thread?tid=2957331,
[遂宁]投诉：御庭居装饰公司收了装修款 不提供相关服务,https://ly.scol.com.cn/thread?tid=2957400,
[资阳]投诉：中科滨河湾地下车库漏水 地面大面积开裂,https://ly.scol.com.cn/thread?tid=2957368,
[眉山]咨询：仁寿县小餐馆安装天然气报警器费用是多少,https://ly.scol.com.cn/thread?tid=2957405,
[绵阳]咨询：产假怎么交社保，社保医保停半年还能补吗,https://ly.scol.com.cn/thread?tid=2957424,
[资阳]咨询：安岳毛家镇课后延时费期650元/期，合理吗,https://ly.scol.com.cn/thread?tid=2957426,
[成都]咨询：五一节可办结婚酒席吗？是否需要提前报备,https://ly.scol.com.cn/thread?tid=2957198,
[成都]投诉：一品江山酒业公司欺骗老年人购买天价酒,https://ly.scol.com.cn/thread?tid=2948616,
[绵阳]投诉：北川公交车到站不停直接开走，群众意见大,https://ly.scol.com.cn/thread?tid=2948650,
[宜宾]咨询：每到雨季出行不方便，泥路硬化指标何时来,https://ly.scol.com.cn/thread?tid=2948500,
[成都]投诉：小区电梯宽度缩小近一半，狭窄窘迫合理吗,https://ly.scol.com.cn/thread?tid=2948523,
[南充]咨询：小学附近路口车流量大，能否允许车辆直行,https://ly.scol.com.cn/thread?tid=2948515,
[达州]求助：费用都交了，加装的电梯为何却迟迟不动工,https://ly.scol.com.cn/thread?tid=2948322,
[成都]咨询：无法使用武侯区医疗电子凭证，我该怎么办,https://ly.scol.com.cn/thread?tid=2948318,
[成都]建议：公交车辆太少！新邛路的公交专用道应取消,https://ly.scol.com.cn/thread?tid=2948329,
[成都咨询：疫情影响驾驶证学习过期，能申请延期吗？,https://ly.scol.com.cn/thread?tid=2948148,
[泸州]咨询：单位不同意辞职，若自行离职按旷工处理,https://ly.scol.com.cn/thread?tid=2948163,
[省直]投诉：纠正号码真实使用者信息为何如此麻烦？,https://ly.scol.com.cn/thread?tid=2948165,
[成都]投诉：公司不给离职人员停保也不交费，谁能管管,https://ly.scol.com.cn/thread?tid=2947708,
[绵阳]咨询：农村道路面硬化，主路优先还是支路优先？,https://ly.scol.com.cn/thread?tid=2947706,
[成都]咨询：小吃车上路需要啥手续？如何摆摊才不违法,https://ly.scol.com.cn/thread?tid=2947485,
[成都]投诉：楼下汽修仓库噪音扰民无人管，住户意见大,https://ly.scol.com.cn/thread?tid=2947522,
[眉山]投诉：金太阳广场商业区偷电现象猖獗，应该治理,https://ly.scol.com.cn/thread?tid=2947477,
[眉山]求助：江口水镇未来城二期，何时才能拿到备案表,https://ly.scol.com.cn/thread?tid=2947307,
[成都]求助：办居住证太波折！房东不帮忙中介公司坑钱,https://ly.scol.com.cn/thread?tid=2947329,
[省级]建言：改善区域交通，三大乐高速请增加射洪支线,https://ly.scol.com.cn/thread?tid=2947320,
[成都]投诉：小学道路破烂不堪，上下学高峰期路况拥挤,https://ly.scol.com.cn/thread?tid=2947331,
[南充]求助：谁泄露信息？买房后不停收到装修骚扰电话,https://ly.scol.com.cn/thread?tid=2946934,
[泸州]咨询：小区车库是否能安装新能源汽车充电插头？,https://ly.scol.com.cn/thread?tid=2946907,
[省直]咨询：多省市已延期，四川选调生考试是否延期？,https://ly.scol.com.cn/thread?tid=2946922,
[德阳]投诉：万兴花园鲜肉店凌晨5点过宰肉，严重扰民！,https://ly.scol.com.cn/thread?tid=2946675,
[广安]投诉：太烦心！居民楼梯口长期堆放建材生活垃圾,https://ly.scol.com.cn/thread?tid=2946540,
[成都]投诉：绿道绿化带竟被私自种菜，能否管管防效仿,https://ly.scol.com.cn/thread?tid=2946539,
[乐山]投诉：乡村公路弯道多且急，能否弯道上安广角镜,https://ly.scol.com.cn/thread?tid=2946502,
[省级]咨询：四川e就业显示无就业状态 查不到失保编号,https://ly.scol.com.cn/thread?tid=2946281,
[成都]建言：崇州302路等28分钟没来 请考虑居民出行,https://ly.scol.com.cn/thread?tid=2946277,
[遂宁]投诉：蓬溪任隆镇酿酒小作坊凌晨排大量不明气体,https://ly.scol.com.cn/thread?tid=2946266,
[南充]咨询：车辆难行 阆中河溪到洪山镇的路啥时候重修,https://ly.scol.com.cn/thread?tid=2946238,
[泸州]投诉：泸县滨江华府新房有质量问题 验收形同虚设,https://ly.scol.com.cn/thread?tid=2946259,
[成都]投诉：深夜摩托车噪音扰民，能否装监控监管？,https://ly.scol.com.cn/thread?tid=2946031,
[绵阳]咨询：三台读小学，需要什么条件办哪些手续？,https://ly.scol.com.cn/thread?tid=2946023,
[南充]求助：电压太低！仪陇张公双庙村用电难盼解决,https://ly.scol.com.cn/thread?tid=2945898,
[泸州]投诉：茜草银沙路天府路大货车噪音扰民该谁管,https://ly.scol.com.cn/thread?tid=2945879,
[成都]投诉：私自搭棚养鸽污染环境，周围邻居意见大,https://ly.scol.com.cn/thread?tid=2945910,
[绵阳]咨询：江油庐山路中段的断头路什么时候能打通？,https://ly.scol.com.cn/thread?tid=2945756,
[内江]求助：资中县水南镇财富国际小区长期停水该谁管,https://ly.scol.com.cn/thread?tid=2945672,
[德阳]投诉：旌江干道青白江大桥边上车辆压减速带扰民,https://ly.scol.com.cn/thread?tid=2945703,
[广安]咨询：岳池至重庆的动车取消了？还会再次开通吗,https://ly.scol.com.cn/thread?tid=2957223,
[德阳]咨询：南广场到金三角，道路有维修改造计划不？,https://ly.scol.com.cn/thread?tid=2957248,
[成都]投诉：地铁2号线语音广告不停播放太烦了 能否关闭,https://ly.scol.com.cn/thread?tid=2957069,
[南充]咨询：临江新区作为省级新区 是否会设直管区？,https://ly.scol.com.cn/thread?tid=2957034,
[绵阳]投诉：文昌街南桥路人行道损坏严重 一高一低(图),https://ly.scol.com.cn/thread?tid=2957049,
[乐山]投诉：犍为半岛御景楼下非法经营的中餐馆该谁管,https://ly.scol.com.cn/thread?tid=2957059,
[自贡]求助：年久失修，荣县河口镇文庄村应新建桥梁了,https://ly.scol.com.cn/thread?tid=2957023,
[广元]咨询：双层观光公交车为何看不到了？能否重开？,https://ly.scol.com.cn/thread?tid=2957062,
[成都]投诉：孕妇离职次月被恶意克扣绩效工资合理吗？,https://ly.scol.com.cn/thread?tid=2956912,
[成都]咨询：空天产业园仙女滩湿地公园啥时开建？,https://ly.scol.com.cn/thread?tid=2956901,
[攀枝花]咨询：叉车培训及取证必须要取得初中学历吗？,https://ly.scol.com.cn/thread?tid=2956891,
[遂宁]咨询：疫情影响出行不便，大英何时能打九价疫苗,https://ly.scol.com.cn/thread?tid=2956535,
[达州]咨询：签3年合同试用达1年！无医保公积金合法吗,https://ly.scol.com.cn/thread?tid=2956547,
[巴中]投诉：出行不便!3公里泥巴路泥巴公路多年未硬化,https://ly.scol.com.cn/thread?tid=2956545,
[成都]投诉：麓山大道电三轮聚集拉客逆行，不遵守交规,https://ly.scol.com.cn/thread?tid=2956310,
[成都]建言：保畅通！绕城大道东二段断头路应接拓源路,https://ly.scol.com.cn/thread?tid=2956291,
[达州]咨询：大竹凌家桥及桥头公路归属权管理权归谁？,https://ly.scol.com.cn/thread?tid=2956265,
[乐山]咨询：公司外派非洲，缺社保证明还能办护照吗？,https://ly.scol.com.cn/thread?tid=2956253,
[成都]咨询：黄龙溪山里可搞养殖吗？回乡创业有何政策,https://ly.scol.com.cn/thread?tid=2956130,
[广安]咨询：岳池这块地，用于旧城改造还是商品房建设,https://ly.scol.com.cn/thread?tid=2956137,
[达州]投诉：社区医疗中心在大街上搭建留观室板房,https://ly.scol.com.cn/thread?tid=2969204,
[宜宾]投诉：1楼业主砖砌围栏侵占公共绿化，责令整改,https://ly.scol.com.cn/thread?tid=2969207,
[南充]咨询：村上要求换天然气管，无隐患为何要换？,https://ly.scol.com.cn/thread?tid=2969218,
[成都]求助：五年了！成都后花园蝶院房产证还没办下来,https://ly.scol.com.cn/thread?tid=2968294,
[绵阳]投诉：三台县佳联印染厂排放刺鼻气体，影响生活,https://ly.scol.com.cn/thread?tid=2968249,
[成都]投诉：新都长期都有大车在辅道逆行，到底该谁管,https://ly.scol.com.cn/thread?tid=2968177,
[成都]建言：地面上百个洞一直未修复，能否整改平坦？,https://ly.scol.com.cn/thread?tid=2968133,
[南充]咨询：外地生活就医不便，仪陇何时发放医保卡？,https://ly.scol.com.cn/thread?tid=2968125,
[绵阳]投诉：开挖几百平米地下室任性违建，求查实处理,https://ly.scol.com.cn/thread?tid=2968131,
[成都]求助：二十多年的老旧小区环境糟糕，何时能改造,https://ly.scol.com.cn/thread?tid=2968132,
[巴中]投诉：南江一工地污水直排污染县城河道，该谁管,https://ly.scol.com.cn/thread?tid=2967959,
[绵阳]投诉：江油北站客运站成摆设？客运班线为何不停,https://ly.scol.com.cn/thread?tid=2967954,
[成都]投诉：在蓉旅游遭遇出租车司机连环诈骗，退钱难,https://ly.scol.com.cn/thread?tid=2967926,
[成都]咨询：新津到崇州的客运车能恢复吗？打车花销大,https://ly.scol.com.cn/thread?tid=2967885,
[攀枝花]投诉：公交5路站牌标识不清楚 乘客白等半小时,https://ly.scol.com.cn/thread?tid=2967844,
[成都]投诉：瑞思英语承诺分3个月退费 如今却称“没钱”,https://ly.scol.com.cn/thread?tid=2967843,
[成都]咨询：今年成都一村一大（非定向）有招募计划吗,https://ly.scol.com.cn/thread?tid=2967821,
[泸州]求助：失独农村老人无法自理，有无养老扶助政策,https://ly.scol.com.cn/thread?tid=2967818,
[资阳]咨询：5月底从达州城区开车回乐至会被隔离吗？,https://ly.scol.com.cn/thread?tid=2967793,
[省级]求助：二级建造师执业资格证书遗失 该如何补办,https://ly.scol.com.cn/thread?tid=2967605,
[广元]咨询：剑阁张王镇农村饮用水和天然气何时能入户,https://ly.scol.com.cn/thread?tid=2953180,
[遂宁]咨询：三家镇牛角村马路迟迟未修，群众出行不便,https://ly.scol.com.cn/thread?tid=2953172,
[成都]投诉：人民塘路下穿隧道内卫生差，积水且有异味,https://ly.scol.com.cn/thread?tid=2952600,
[绵阳]投诉：幼儿园附近交通混乱，走路与大货车同行！,https://ly.scol.com.cn/thread?tid=2952591,
[雅安]投诉：三井串串香违法出店经营，多次举报均不改,https://ly.scol.com.cn/thread?tid=2952546,
[成都]投诉：老小区晚11点半回，门卫要收两元辛苦钱,https://ly.scol.com.cn/thread?tid=2952471,
[巴中]咨询：享受低保政策的家庭或个人，是否公开名单,https://ly.scol.com.cn/thread?tid=2952476,
[雅安]求助：号称增加录取机会，机构未履行合同不退款,https://ly.scol.com.cn/thread?tid=2952467,
[遂宁]投诉：酒厂利用吸污车偷排污水合规吗？该谁管？,https://ly.scol.com.cn/thread?tid=2952262,
[成都]投诉：温江区台商天然气充值难，服务意识淡漠,https://ly.scol.com.cn/thread?tid=2952197,
[成都]投诉：西河招商依云周围夜间存在臭味，盼望解决,https://ly.scol.com.cn/thread?tid=2951883,
[南充]投诉：阆中居民区主路口缺信号灯，存在事故风险,https://ly.scol.com.cn/thread?tid=2951785,
[成都]投诉：红牌楼某摄影机构盗图充当其作品虚假宣传,https://ly.scol.com.cn/thread?tid=2951808,
[成都]求助：垃圾清运车凌晨三点四点工作严重影响睡眠,https://ly.scol.com.cn/thread?tid=2951845,
[成都]投诉：超速闯灯！双流公兴镇的渣土车，太猖狂了,https://ly.scol.com.cn/thread?tid=2951500,
[绵阳]建言：方便群众如厕！御营坝河堤应增添市政设施,https://ly.scol.com.cn/thread?tid=2951497,
[乐山]咨询：出行受影响，犍为新乐村的道路何时硬化？,https://ly.scol.com.cn/thread?tid=2951455,
[甘孜]投诉：里铜电力发电噪音扰民，振动造成房屋破裂,https://ly.scol.com.cn/thread?tid=2951451,
[眉山]投诉：生命文化教育馆大门外停车场边环境脏乱差,https://ly.scol.com.cn/thread?tid=2951449,
[资阳]咨询：来回太麻烦，直系亲属能否代领粮食直补金,https://ly.scol.com.cn/thread?tid=2951428,
[德阳]建议：绵竹金山街延伸段乱停放阻塞交通应整治,https://ly.scol.com.cn/thread?tid=2944343,
[成都]建议：金河村道路车辆行驶快，建议重设减速带！,https://ly.scol.com.cn/thread?tid=2944087,
[资阳]求助：安岳县南勋镇原禾兴村六组路烂，出行不便,https://ly.scol.com.cn/thread?tid=2944042,
[成都]求助：天府通扣款失败，充值后不能扣款该咋办？,https://ly.scol.com.cn/thread?tid=2944030,
[成都]咨询：金茶金枫交叉路口围而不建，本月会进展吗,https://ly.scol.com.cn/thread?tid=2943935,
[遂宁]咨询：安居首次购房有优惠政策，会龙为啥没得？,https://ly.scol.com.cn/thread?tid=2943923,
[成都]咨询：娃在深圳上小学，9月转学回新都需何手续,https://ly.scol.com.cn/thread?tid=2943933,
[南充]投诉：维修基金装门禁，物业收门禁卡费合理吗？,https://ly.scol.com.cn/thread?tid=2943936,
[成都]咨询：都江堰青城大桥一号桥什么时候能开始通车,https://ly.scol.com.cn/thread?tid=2943692,
[东部新区]咨询：海螺镇复兴村7组另一边公路多久能修,https://ly.scol.com.cn/thread?tid=2943684,
[德阳]建言：绵竹新市至二环路道路狭窄堵车，会改建吗,https://ly.scol.com.cn/thread?tid=2943584,
[泸州]投诉：世纪城时光里返租公寓欠租，打电话还不接,https://ly.scol.com.cn/thread?tid=2943578,
[成都]求助：常发交通事故，龙潭新龙石路烂路请管管！,https://ly.scol.com.cn/thread?tid=2943595,
[广元]咨询：白龙镇松柏村，农村家门口道路何时能硬化,https://ly.scol.com.cn/thread?tid=2943504,
[成都]咨询：沙河源友联批发菜市场，会在8月份拆迁吗,https://ly.scol.com.cn/thread?tid=2943483,
[广安]投诉：赛马镇停水断断续续，何时才能正常供水,https://ly.scol.com.cn/thread?tid=2943564,
[成都]咨询：本市户籍子女跨区就读幼儿园，需咋材料,https://ly.scol.com.cn/thread?tid=2943470,
[省直]求助：跨地区医保卡办理难，上班族来回不方便,https://ly.scol.com.cn/thread?tid=2943235,
[成都]咨询：成眉公交T50停运已2周，何时能恢复运营,https://ly.scol.com.cn/thread?tid=2943239,
[乐山]求助：峨眉山绥山镇交界地带公路坑洼多，太颠簸,https://ly.scol.com.cn/thread?tid=2943045,
[成都]咨询：高新区新生儿集体户邮寄办理需要等多久？,https://ly.scol.com.cn/thread?tid=2943024,
[泸州]求助：泸县农村自来水经常停水，群众生活不方便,https://ly.scol.com.cn/thread?tid=2942707,
[巴中]求助：存隐患！恩阳各农村公路路口能否安装护栏,https://ly.scol.com.cn/thread?tid=2942711,
[成都]咨询：龙泉中铁国际城个人充电桩安装咋就这么难,https://ly.scol.com.cn/thread?tid=2942696,
[凉山]咨询：盐源县春季雨露计划补助什么时候才能到账,https://ly.scol.com.cn/thread?tid=2942276,
[成都]求助：房屋漏水发霉，邻居不处理，我该怎么办？,https://ly.scol.com.cn/thread?tid=2942280,
[成都]咨询：二手房原房东不迁户口，现房东有权移除吗,https://ly.scol.com.cn/thread?tid=2942089,
[巴中]咨询：通村路因山体滑坡受损重，新路线何时开工,https://ly.scol.com.cn/thread?tid=2942127,
[眉山]求助：商铺电费收得太贵，为何不能申请一户一表,https://ly.scol.com.cn/thread?tid=2942121,
[泸州]投诉：医院小区院外住户停车按小时收费，合理吗,https://ly.scol.com.cn/thread?tid=2942096,
[成都]投诉：金堂大学城道路上存在厨余油渍，该谁管？,https://ly.scol.com.cn/thread?tid=2941941,
[成都]建议：郫彭路沙西路交叉路口建议增设左转待转区,https://ly.scol.com.cn/thread?tid=2941937,
[内江]咨询：资中县马鞍乡石桥村乡村公路为何不硬化？,https://ly.scol.com.cn/thread?tid=2941922,
[遂宁]求助：公交站台改造，能否考虑少遮挡附近门市？,https://ly.scol.com.cn/thread?tid=2941735,
[成都]求助：疫情原因难出行，能否在网上注销驾校学籍,https://ly.scol.com.cn/thread?tid=2941759,
[德阳]咨询：广汉天津路是否要西延到向新路，何时开建,https://ly.scol.com.cn/thread?tid=2941293,
[成都]投诉：出行不方便！濛阳到新都没有直达的公交车,https://ly.scol.com.cn/thread?tid=2941763,
[凉山]投诉：会理城南社区神龙加油站路段无路灯存隐患,https://ly.scol.com.cn/thread?tid=2941586,
[南充]求助：家中老人购买保健品金额巨大，子女好着急,https://ly.scol.com.cn/thread?tid=2941376,
[南充]建言：提前5年参评 农村女教师评职称标准应调整,https://ly.scol.com.cn/thread?tid=2941378,
